customer_id,customer_name,email,country,signup_date,customer_segment,lifetime_value
1,Brenda Levy,zcoffey@example.net,Haiti,2022-01-23,Basic,205.90
2,Dennis Martinez,emily49@example.com,Swaziland,2024-10-21,Basic,166.78
3,Michael Ruiz,rose31@example.net,Swaziland,2023-12-08,Premium,1035.81
4,Marie Wilson,shahkevin@example.com,Brazil,2022-02-05,Standard,675.32
5,Brandy Chavez,umatthews@example.org,Turks and Caicos Islands,2023-09-08,Basic,384.61
6,John Russell,antonio53@example.com,Kenya,2026-05-14,Standard,641.37
7,Ariana Jennings,bruce43@example.org,Yemen,2025-11-08,Premium,1463.34
8,Matthew May,williamsmatthew@example.org,Solomon Islands,2024-06-08,Premium,185.05
9,Phillip Clark,lisahall@example.org,Solomon Islands,2026-02-12,Premium,1168.36
10,Scott Thomas,amberlindsey@example.org,Panama,2025-12-12,Premium,412.87
11,Hunter Kramer,alfred40@example.org,Saint Vincent and the Grenadines,2023-09-20,Standard,382.81
12,Arthur West,william17@example.net,Cyprus,2026-05-05,Premium,1179.42
13,Richard Camacho,stephen00@example.com,Tanzania,2023-08-15,Basic,368.59
14,Katherine Browning,lammarc@example.org,Bahrain,2022-03-30,Standard,85.62
15,Lauren Joseph,hvang@example.com,Korea,2024-02-21,Standard,352.65
16,Ricky Wilson,russellbeasley@example.com,Guadeloupe,2025-10-01,Premium,1312.45
17,Nicholas Edwards,elizabeth52@example.net,Uzbekistan,2023-12-26,Standard,268.51
18,Bradley Reynolds,lisa80@example.net,Zimbabwe,2024-06-03,Standard,546.05
19,Bryan Gomez,uparrish@example.org,France,2024-08-12,Standard,709.31
20,Kenneth Lewis,gwalker@example.com,Tanzania,2024-05-24,Standard,694.68
21,Donald Perez,xbruce@example.net,Nicaragua,2024-12-27,Standard,237.65
22,Lisa Barrett,anthony44@example.com,Guernsey,2021-08-23,Standard,245.38
23,Kylie Morales,joycebonilla@example.org,San Marino,2024-04-07,Standard,611.58
24,Jesse Moore,jennifer99@example.org,Turks and Caicos Islands,2021-11-16,Premium,1685.89
25,Luke Craig,scott67@example.net,Kenya,2023-09-07,Standard,239.17
26,Jose Reed,campbellerika@example.com,Malta,2024-12-12,Standard,277.48
27,James Greene,harrissierra@example.org,Serbia,2022-11-21,Basic,69.02
28,Adam Burgess,davidpatel@example.org,Macao,2024-05-28,Basic,273.96
29,Heather Sanders,grahamsteve@example.org,Tokelau,2023-03-06,Premium,813.31
30,Jared Bowman,darius05@example.org,Spain,2026-05-09,Standard,396.30
31,Michael Cox,prichard@example.com,Namibia,2023-08-13,Standard,549.42
32,Seth Reese,masonjackson@example.net,North Macedonia,2022-03-08,Premium,1506.39
33,Susan Bailey,joelthomas@example.org,China,2024-08-16,Standard,298.61
34,Mary Thompson,kmarshall@example.net,Kiribati,2025-01-07,Basic,390.58
35,Maria Downs,michelle52@example.com,Bangladesh,2023-12-16,Basic,370.89
36,Rebecca Vargas,william47@example.com,Argentina,2021-11-23,Standard,683.36
37,Angela Lin,gilbertwilliam@example.com,Mozambique,2024-05-20,Standard,457.58
38,Stephanie Cole,marcalvarez@example.org,Bahamas,2023-11-13,Standard,698.81
39,Sara Haas,wagnergerald@example.org,Russian Federation,2023-10-20,Standard,264.25
40,Joseph Moore,samantha66@example.com,Philippines,2024-08-08,Standard,519.22
41,Maria Jones,grantpaul@example.com,Saint Kitts and Nevis,2025-11-14,Standard,649.04
42,Lindsey Hernandez,aguilardonald@example.com,Georgia,2026-06-14,Premium,501.27
43,Jenna Larson,collinsnicholas@example.com,Suriname,2022-04-02,Premium,1467.59
44,Theresa Osborn,lucasrodney@example.com,Andorra,2023-06-05,Basic,374.39
45,Daniel Meza,ilee@example.org,Belarus,2023-02-03,Standard,455.67
46,Katie Fernandez,stanleynancy@example.net,Bulgaria,2024-08-07,Standard,648.37
47,Christopher Schwartz,jenniferwilliams@example.com,Philippines,2025-03-18,Standard,439.88
48,Lisa Goodwin,pyoung@example.com,Sudan,2025-07-15,Standard,574.33
49,Cheyenne Gregory,smurray@example.com,Macao,2024-04-01,Basic,288.15
50,Ruth Solis,moniquewilliams@example.com,Tunisia,2023-06-21,Premium,1349.09
51,Michelle Black,mitchellkathryn@example.com,Korea,2026-02-20,Standard,140.94
52,Jeffrey Potts,lisawilkerson@example.org,Israel,2021-11-17,Standard,126.31
53,Cynthia Vang,jeffrey51@example.net,Pakistan,2023-04-16,Standard,489.36
54,Andrew Lowery,ihorton@example.net,Latvia,2023-11-09,Standard,729.02
55,Bobby Scott,anaacosta@example.net,Jamaica,2022-03-03,Standard,503.03
56,Eric Williams,nfowler@example.com,Bahrain,2022-03-02,Basic,202.20
57,Linda Smith,jennifercarter@example.org,Nicaragua,2023-05-18,Standard,448.30
58,Chelsea Barnett,carlos88@example.net,Solomon Islands,2026-07-22,Standard,200.37
59,Jeanette Harrison,qzavala@example.net,Andorra,2023-05-26,Standard,331.55
60,David Sandoval,ingramjill@example.com,Burkina Faso,2021-11-01,Basic,146.34
61,Robin Thompson,epollard@example.net,Cocos (Keeling) Islands,2025-09-02,Standard,124.62
62,Ricardo Ellis,james30@example.com,Venezuela,2023-03-01,Standard,331.50
63,Robert Kennedy,mullinsjames@example.com,Tokelau,2025-07-08,Basic,95.54
64,Evelyn Martinez,samuel67@example.com,Guadeloupe,2026-06-25,Standard,318.47
65,Jonathan Glass MD,acostachristian@example.net,Swaziland,2022-07-07,Premium,1660.16
66,Brian Murphy,kirk96@example.org,Portugal,2023-11-01,Standard,588.91
67,Nicholas Buck,yhill@example.org,Belarus,2024-12-20,Premium,312.49
68,Jose Brady,stephaniethomas@example.net,Philippines,2025-07-09,Standard,450.96
69,Austin Osborne,michael90@example.net,Cape Verde,2025-01-03,Standard,144.72
70,Jacqueline Hines,alyssasanders@example.net,Fiji,2022-11-11,Premium,1047.90
71,Noah Porter,hmcintyre@example.com,Singapore,2022-11-30,Standard,604.50
72,Zachary Mitchell,igonzalez@example.org,Korea,2022-06-23,Basic,44.44
73,Yolanda Cochran,elizabeth18@example.net,French Guiana,2026-01-26,Standard,600.94
74,Michelle Ho,laurahicks@example.org,Cook Islands,2025-07-29,Basic,241.43
75,Johnny Ward,tanner82@example.net,Turks and Caicos Islands,2022-01-16,Basic,127.39
76,Zachary Higgins,khammond@example.org,Brunei Darussalam,2026-06-23,Standard,537.59
77,Joanna Frazier,david89@example.org,Seychelles,2026-06-12,Standard,256.52
78,Thomas Brown,holmeskevin@example.org,Gibraltar,2026-04-15,Standard,173.51
79,Travis Stone,meghan43@example.net,Zimbabwe,2024-05-14,Standard,261.27
80,Eric Ferguson,brittanycarpenter@example.org,Palestinian Territory,2024-09-25,Standard,603.30
81,Gail Bradshaw,bryananthony@example.org,Yemen,2024-10-26,Standard,712.35
82,Marilyn Wang,bmontgomery@example.com,Tuvalu,2024-09-30,Basic,218.49
83,Tyler Webb,eevans@example.net,Bahamas,2022-05-27,Standard,384.06
84,John Peterson,larryhiggins@example.net,Tokelau,2023-05-04,Premium,185.66
85,Philip Robertson,floressteven@example.com,Korea,2022-11-07,Standard,643.09
86,Dylan Cruz,kwright@example.com,Vietnam,2024-07-02,Standard,656.98
87,Phillip Jimenez,tjimenez@example.com,Angola,2022-01-23,Standard,365.67
88,Jim Allen,brandon47@example.net,Turkmenistan,2025-10-29,Basic,274.37
89,Donna Smith,jordannicole@example.net,Haiti,2025-06-07,Standard,277.79
90,James Hudson,michaelroberts@example.com,Madagascar,2023-11-12,Standard,544.32
91,Samantha Hanson,andersoncolin@example.com,South Africa,2026-07-19,Standard,194.91
92,Holly Thomas,cporter@example.org,Burundi,2025-03-07,Standard,290.42
93,Kelly Hernandez,markaustin@example.org,India,2026-07-26,Basic,267.84
94,Elizabeth Rogers,terickson@example.com,Suriname,2021-09-11,Basic,321.51
95,Brian Butler,laura09@example.com,Estonia,2026-06-13,Standard,264.20
96,Paula Lane,silvageorge@example.net,Saint Helena,2024-09-17,Basic,171.41
97,Brittany Becker,armstrongjackie@example.org,Andorra,2023-10-26,Basic,111.93
98,Jason Harris,vsalas@example.net,Bahamas,2025-02-21,Basic,104.77
99,Kristina Bolton,ufox@example.org,Kuwait,2026-03-05,Basic,49.69
100,Hector Ingram,chelsea33@example.com,Moldova,2023-02-08,Basic,379.47
101,Vickie Wise,hannahburns@example.com,Guernsey,2024-06-01,Standard,613.44
102,Mikayla Roberts,zhuang@example.com,Zimbabwe,2025-06-24,Basic,64.90
103,Andrew Moses,reedscott@example.com,San Marino,2024-01-04,Basic,326.22
104,Joshua Fitzpatrick,derrick99@example.org,Ecuador,2021-11-12,Standard,168.95
105,Courtney Hall,gutierrezjennifer@example.org,Pitcairn Islands,2025-06-20,Standard,245.56
106,Joshua Hickman,edelgado@example.com,Pakistan,2022-08-11,Standard,360.61
107,Erica Brewer,pearsonjesse@example.net,Saint Kitts and Nevis,2025-11-12,Standard,378.12
108,Thomas Butler,sarahjohnson@example.com,Solomon Islands,2024-02-03,Standard,468.01
109,Tonya Howe,smithashley@example.org,Vanuatu,2026-07-12,Standard,698.36
110,William Daniels,ismall@example.net,Lao People's Democratic Republic,2022-12-23,Basic,190.59
111,Erin Simon,jennifer05@example.com,Montenegro,2024-12-26,Premium,1700.27
112,Levi Fowler,gwilcox@example.com,Benin,2023-08-14,Basic,332.43
113,William Woods,adamreyes@example.com,Sao Tome and Principe,2022-12-12,Standard,692.22
114,Kevin Berry,desiree30@example.net,British Indian Ocean Territory (Chagos Archipelago),2023-12-10,Premium,565.96
115,Michael Leblanc,hannah45@example.net,Cyprus,2022-09-16,Standard,187.28
116,Christian Adkins,robert87@example.net,Spain,2024-12-07,Standard,455.17
117,David Fischer,foxallison@example.com,Belarus,2026-03-14,Standard,511.55
118,Ronald Leach,ashleyhernandez@example.com,Timor-Leste,2024-03-19,Basic,159.37
119,Daniel Aguilar,nolansean@example.org,Korea,2022-04-10,Basic,78.14
120,Justin Hansen,jennifer64@example.org,Samoa,2022-09-14,Premium,524.65
121,Jeff Graves,michaelcesar@example.com,Antigua and Barbuda,2023-01-18,Basic,240.88
122,Chad May,ybrooks@example.com,Trinidad and Tobago,2026-03-14,Standard,224.20
123,Bobby Brandt,desireebailey@example.org,Mauritania,2023-07-31,Standard,387.57
124,William Davenport,goodsteven@example.net,Mayotte,2023-09-25,Standard,541.05
125,David Murray,joshuapineda@example.net,Serbia,2022-03-06,Standard,748.45
126,Jennifer Miranda,allencarlos@example.net,Antigua and Barbuda,2023-11-05,Standard,274.42
127,Shelby Sanchez,moralesjimmy@example.org,Saudi Arabia,2025-12-07,Basic,70.91
128,Jonathan Roberts,barbara53@example.com,Turkey,2022-04-30,Basic,302.85
129,Connie Turner,hawkinsbrittany@example.net,United States Minor Outlying Islands,2022-06-27,Standard,306.57
130,Kristi Williams,shelly68@example.com,Qatar,2023-09-11,Basic,227.60
131,James Webster,oallen@example.com,Togo,2025-02-24,Standard,140.90
132,Suzanne Hart,igrant@example.com,Ecuador,2022-11-20,Basic,202.88
133,Bob Cole,christopher30@example.com,Honduras,2024-12-24,Premium,245.38
134,Shelly Lopez,timothybooth@example.com,Gabon,2026-05-26,Basic,48.13
135,Timothy Hayden,burgesskaren@example.org,Qatar,2024-08-20,Standard,148.82
136,Thomas Arnold,oscar85@example.com,Eritrea,2023-05-31,Basic,374.77
137,Julie Lang,ugill@example.org,Heard Island and McDonald Islands,2023-03-06,Basic,225.76
138,Sean Figueroa,greensarah@example.net,Saint Helena,2023-09-13,Standard,298.42
139,Gary James,victorpena@example.net,Guadeloupe,2022-11-25,Standard,386.89
140,Tracy May,umurray@example.com,Chile,2022-04-24,Basic,266.71
141,Catherine Preston,warrenmary@example.org,Western Sahara,2025-09-14,Standard,518.68
142,Aaron Taylor,carloshernandez@example.org,Madagascar,2023-11-23,Standard,572.74
143,Mark Peck,bhopkins@example.org,Martinique,2024-05-15,Basic,201.85
144,Joseph Hill,andre62@example.org,Uruguay,2022-02-03,Standard,78.00
145,Corey Fox,joseph61@example.com,Iraq,2023-11-28,Standard,262.88
146,Michael Evans,valdezmichele@example.org,Bermuda,2023-08-22,Basic,326.56
147,John Walsh,christopherbruce@example.net,Slovenia,2023-04-09,Standard,614.66
148,Valerie Jacobson,hallrachel@example.net,Tuvalu,2024-06-12,Standard,321.91
149,Thomas Cohen,rachel90@example.org,Vanuatu,2025-11-12,Standard,151.92
150,Daniel Thomas,thickman@example.org,Mongolia,2022-10-25,Standard,405.40
151,Jasmine Mosley,patrick21@example.net,Samoa,2026-06-27,Basic,152.83
152,Jeffrey Roberson,cassie99@example.com,Singapore,2023-03-31,Standard,339.97
153,Rachel Hayes,michaelpugh@example.com,Colombia,2025-01-04,Premium,729.38
154,Angelica Montgomery,jennifermiller@example.org,Hong Kong,2025-03-04,Standard,191.46
155,Nancy Stewart,davissherry@example.com,Guyana,2025-06-02,Standard,615.41
156,Brandon Jordan,fgarcia@example.com,Micronesia,2022-01-29,Basic,252.46
157,Erika Cruz,robert18@example.org,Montserrat,2024-03-21,Standard,286.40
158,Caroline Adams,trevor12@example.com,Falkland Islands (Malvinas),2023-09-20,Standard,153.94
159,Mr. David Wright,mwheeler@example.com,Botswana,2022-04-16,Standard,170.42
160,James Skinner,vbrock@example.com,Grenada,2023-10-07,Standard,477.59
161,Marilyn Wheeler,malik37@example.com,Christmas Island,2026-06-09,Standard,360.55
162,Doris Neal,yfaulkner@example.org,Greece,2023-06-30,Standard,437.73
163,Jenna Wilson,brittanygardner@example.net,Seychelles,2024-05-13,Basic,375.05
164,Julia Erickson,ssalinas@example.org,Svalbard & Jan Mayen Islands,2025-11-07,Standard,187.63
165,Megan Taylor,john26@example.com,Barbados,2023-11-10,Standard,201.29
166,Lauren Ferguson,ystephens@example.com,Reunion,2026-02-03,Basic,262.99
167,Margaret Miller,dianekelly@example.net,New Zealand,2021-10-31,Basic,382.66
168,Miss Jennifer Goodwin,grodriguez@example.com,Cyprus,2024-03-02,Standard,206.71
169,Lauren Johnston,dbrooks@example.net,Namibia,2025-01-24,Standard,454.07
170,Zachary Webb,robert11@example.net,Cambodia,2023-05-10,Standard,351.17
171,Richard Boyd,thomas77@example.com,Bangladesh,2023-02-11,Standard,554.35
172,Ashley Sweeney,byrdfrank@example.net,Ecuador,2024-03-11,Standard,187.90
173,Erin Simmons,zhall@example.net,Colombia,2022-07-18,Standard,612.22
174,Jennifer Mclaughlin,shannonjordan@example.org,Romania,2022-09-08,Standard,97.07
175,Michael Flynn,lloydamanda@example.com,Greece,2022-08-07,Standard,269.85
176,Michael Burns,candice96@example.net,Brazil,2023-05-09,Basic,243.63
177,Lisa Cervantes,samantha91@example.net,Burkina Faso,2023-03-07,Basic,218.31
178,Bruce Brooks,williambarnes@example.org,Morocco,2023-07-14,Standard,461.58
179,Mark Steele,angelaburns@example.org,Colombia,2023-03-09,Standard,441.60
180,Anthony Howard,washingtonjames@example.com,Monaco,2024-02-21,Basic,235.14
181,Michael Perry PhD,kjackson@example.org,South Africa,2025-06-02,Basic,313.60
182,Donald Medina,kimberlycunningham@example.com,Mexico,2024-03-02,Standard,222.52
183,Debra Daniels,amber07@example.net,Cuba,2026-07-25,Standard,571.79
184,Ronald Potter,nancy07@example.com,Guernsey,2025-12-04,Standard,242.08
185,Sean Wilson,jasonrojas@example.net,Guernsey,2025-12-02,Basic,51.60
186,Jessica Jensen,lisatrujillo@example.net,Guernsey,2024-04-10,Standard,656.98
187,Caroline Werner,keith48@example.net,Suriname,2022-02-01,Premium,1537.83
188,Rachel Sellers,michelle22@example.org,Cameroon,2025-03-03,Premium,1453.73
189,Pam Lowe,othomas@example.com,Niue,2023-09-07,Standard,572.89
190,Mark Beard,powellkara@example.net,Vietnam,2025-12-31,Standard,656.21
191,John Perkins,simonstephen@example.net,Qatar,2023-05-28,Standard,364.01
192,Joseph Robinson,fsummers@example.com,Gibraltar,2025-10-03,Standard,604.77
193,Kenneth Knight,rkramer@example.org,Aruba,2022-02-09,Basic,329.96
194,Julia Martinez,scottsmith@example.com,Cook Islands,2026-08-05,Standard,434.29
195,Sonia Turner,clarence54@example.org,Holy See (Vatican City State),2024-12-08,Standard,188.65
196,Amber Garrett,rubendavis@example.org,Afghanistan,2022-09-05,Basic,145.35
197,Kevin Stone,ssmith@example.com,Svalbard & Jan Mayen Islands,2022-03-20,Standard,717.87
198,Melissa Woods,patrickcross@example.org,Bosnia and Herzegovina,2023-03-07,Standard,682.60
199,Breanna Ayala,darlenebyrd@example.org,Marshall Islands,2024-06-06,Basic,88.81
200,Carly Bell,courtneyhernandez@example.com,Nicaragua,2025-01-17,Basic,188.17
201,Angelica Garcia,lawrencepatrick@example.com,Germany,2025-07-27,Premium,611.78
202,Matthew Wright,kimberly04@example.org,Maldives,2024-08-24,Standard,548.46
203,James Lucas,troyrodriguez@example.com,Northern Mariana Islands,2024-08-01,Premium,405.33
204,Vanessa Hatfield,david96@example.com,Mayotte,2025-01-10,Standard,242.10
205,Tiffany Townsend,matthewsalexander@example.org,Armenia,2026-03-24,Basic,181.37
206,Jennifer Mitchell,zhenderson@example.org,Northern Mariana Islands,2024-04-18,Premium,1171.03
207,Diamond Collins,terrimoore@example.com,India,2024-07-18,Standard,328.24
208,Marie Day,holly30@example.org,Benin,2026-03-28,Premium,1426.49
209,Logan Brown,davidzimmerman@example.net,Algeria,2022-06-07,Basic,185.03
210,Kelly Logan,gary24@example.net,Turks and Caicos Islands,2022-03-15,Basic,290.09
211,Frances Patterson,bakertheresa@example.net,Belarus,2024-02-04,Basic,203.69
212,Amy Villarreal,michaelscott@example.org,Uganda,2024-06-25,Standard,467.82
213,Crystal Hicks,trevinoalexander@example.org,Latvia,2023-06-07,Basic,344.98
214,Cassidy Horne,tranrobin@example.net,Palau,2023-09-17,Premium,1706.14
215,Jason Cortez,margaret95@example.org,Macao,2024-12-24,Standard,545.67
216,Daniel Black,finleycasey@example.com,Tonga,2023-01-09,Basic,326.44
217,Erin Tran,woodkelly@example.com,Saint Vincent and the Grenadines,2024-09-22,Standard,728.49
218,Kevin Snyder,jessicapayne@example.org,Canada,2021-08-23,Basic,218.10
219,David Reed,tapiaaaron@example.net,Honduras,2025-11-10,Standard,266.43
220,Ashley Moreno,robertwoodward@example.org,Rwanda,2023-01-05,Standard,163.15
221,David Bruce,xhaynes@example.com,San Marino,2022-01-14,Basic,323.79
222,Casey Wilkins,vargasbryan@example.net,Bulgaria,2022-10-18,Basic,314.41
223,Ethan Owen,louis43@example.org,Western Sahara,2022-08-17,Premium,1161.23
224,Lauren Moore,shannonedwards@example.org,Mauritania,2023-05-28,Basic,45.86
225,Jodi Ford,davislindsey@example.com,Sweden,2025-02-19,Basic,96.87
226,Cindy Gates,christopherwright@example.com,Indonesia,2024-03-07,Standard,744.49
227,Debbie Ewing,cranemelissa@example.net,San Marino,2024-05-13,Standard,747.09
228,Brian Leon,smithmaria@example.org,Bulgaria,2022-08-08,Basic,357.57
229,Michael Pace,aguilarjonathan@example.org,Angola,2026-08-07,Standard,665.24
230,Matthew Lamb,steinmaria@example.com,British Virgin Islands,2021-10-29,Basic,73.60
231,Christopher Berry,ycrawford@example.net,Japan,2022-06-23,Standard,130.63
232,Cody Ramirez,austinharvey@example.org,Oman,2023-02-02,Standard,513.02
233,Juan Brown,patrick63@example.net,Turks and Caicos Islands,2025-08-07,Premium,1160.33
234,Zachary Stephens,mayokimberly@example.com,Lesotho,2024-05-02,Basic,311.88
235,Dr. Jonathan Price,anthonyharper@example.org,Ukraine,2025-09-01,Standard,136.56
236,Robert Ruiz,katie32@example.org,Egypt,2024-11-24,Premium,511.14
237,Robert Stark,gallagherstacie@example.net,Tanzania,2026-07-12,Premium,1110.05
238,Timothy Frey,gregorywatkins@example.net,Qatar,2023-05-29,Standard,375.42
239,Michele Bell,annalopez@example.com,Mauritius,2023-02-27,Premium,716.13
240,Brandon Hall II,nsmith@example.org,Sri Lanka,2022-04-07,Premium,1530.04
241,Tamara Richard,brian29@example.net,United States Virgin Islands,2022-04-27,Standard,397.45
242,Joseph Diaz,brookssheri@example.com,Namibia,2022-02-12,Standard,135.30
243,Chad Moore,fconner@example.net,Ghana,2022-06-26,Basic,77.15
244,Melissa Mcfarland,jeffrey92@example.com,Gambia,2025-04-14,Standard,277.00
245,Christopher Smith,xrosales@example.net,Antigua and Barbuda,2022-07-10,Standard,624.02
246,Robert Carr,zunigadonald@example.net,Belarus,2022-10-20,Basic,270.97
247,Mrs. Stacey Davis,sean43@example.org,Puerto Rico,2021-12-13,Standard,121.18
248,Brian Smith,akim@example.org,Turks and Caicos Islands,2023-09-07,Standard,486.97
249,Heather Bennett,kkramer@example.net,Senegal,2025-01-18,Standard,312.05
250,Benjamin Singleton,andrew41@example.org,Guam,2022-06-18,Standard,580.08
251,Nicholas Payne,morgantricia@example.com,Romania,2021-10-07,Basic,261.79
252,Carmen Preston,brianrivera@example.org,Ireland,2025-02-05,Standard,221.64
253,Monica Baker,kenneth10@example.com,Montserrat,2024-05-12,Basic,90.40
254,Anthony Smith Jr.,bgonzalez@example.org,Chile,2024-10-20,Premium,1324.76
255,Kara Wilson,qruiz@example.com,Bermuda,2024-10-27,Standard,364.84
256,Jacob James,seanbaker@example.com,Estonia,2022-09-29,Basic,129.20
257,Antonio Goodwin,millermaurice@example.net,Isle of Man,2026-06-20,Standard,242.51
258,Kristen Randall,rsheppard@example.com,Montserrat,2026-01-08,Standard,561.80
259,Blake Orr,shawrachel@example.net,Philippines,2026-07-12,Standard,710.36
260,Travis Cole,teresastokes@example.org,Armenia,2023-09-24,Premium,1509.14
261,Jessica Osborn DDS,luis11@example.com,Moldova,2023-08-07,Basic,113.96
262,Donald Ellis,buchanancindy@example.net,Slovenia,2023-09-17,Standard,202.34
263,Charles Matthews,buckleyanna@example.org,Solomon Islands,2023-01-16,Standard,511.16
264,Hailey Jenkins,kpena@example.net,Lebanon,2021-10-19,Basic,325.76
265,Charles Franklin,vwilliams@example.net,Dominica,2021-11-10,Standard,335.47
266,Derrick Watson,lisa44@example.com,Tajikistan,2024-01-27,Standard,505.71
267,Annette Melton,kevinmanning@example.com,Ethiopia,2025-04-04,Premium,1574.74
268,Ann Alexander,wfigueroa@example.net,Trinidad and Tobago,2023-06-26,Premium,743.73
269,Rick Jones,htaylor@example.net,Antarctica (the territory South of 60 deg S),2022-06-25,Standard,336.12
270,Christina Brown,bryantsamantha@example.net,Congo,2022-12-25,Basic,191.51
271,Kathy Reid,maldonadojohn@example.com,Nepal,2023-11-05,Standard,191.62
272,Karen Arnold,frank41@example.com,Antarctica (the territory South of 60 deg S),2023-07-19,Standard,741.47
273,Kenneth Hanna,deborahbyrd@example.com,Pakistan,2023-08-30,Premium,1100.10
274,Richard Saunders,wellsdavid@example.org,Netherlands Antilles,2025-08-14,Premium,514.80
275,Lee Hahn,rodney65@example.com,El Salvador,2022-09-14,Basic,381.52
276,Joseph Hanson,smithyvonne@example.com,Monaco,2024-11-06,Standard,268.38
277,Elizabeth Rodriguez,rogersjoshua@example.com,Tokelau,2022-12-30,Basic,316.16
278,Tiffany Curtis,edwardcannon@example.org,Sri Lanka,2025-11-25,Standard,346.54
279,Jennifer Flores,jenniferrios@example.com,Eritrea,2026-02-23,Standard,437.92
280,Norman Aguilar,matthewreeves@example.net,Martinique,2024-10-21,Standard,131.43
281,Todd Howard,megan82@example.com,Bhutan,2023-12-20,Premium,1625.46
282,Molly Hansen,staceylam@example.net,Benin,2022-09-22,Basic,95.94
283,Seth Fisher,nathan94@example.com,Thailand,2022-03-15,Standard,470.85
284,Mark Carpenter,kennedyjames@example.org,Trinidad and Tobago,2025-01-06,Basic,273.94
285,Jennifer Pitts,derrickgonzalez@example.com,Montenegro,2026-01-29,Standard,284.36
286,Mrs. Shannon White,freemancrystal@example.org,Germany,2024-10-14,Standard,718.56
287,Donald Juarez,barbaramoore@example.org,Bulgaria,2024-09-07,Standard,240.02
288,Jennifer Sanford,ismith@example.org,Saint Martin,2023-06-24,Basic,81.76
289,Frank Whitaker,andrewsmith@example.net,Egypt,2022-09-29,Standard,112.14
290,Emily Garcia,gary04@example.com,Korea,2025-04-02,Standard,519.19
291,Gail Barron,matthewvalenzuela@example.com,Sao Tome and Principe,2022-07-22,Standard,83.55
292,Tamara Powell,jeffreymercer@example.org,Saint Martin,2021-09-21,Premium,192.88
293,Barbara Dawson,brooksdanielle@example.net,Nigeria,2021-11-08,Standard,309.03
294,Mary Valdez MD,butleromar@example.net,El Salvador,2023-12-26,Standard,630.19
295,Michael Mccoy,robert18@example.com,Nigeria,2024-08-22,Standard,326.01
296,Ronald Garcia,campbellkristen@example.com,Congo,2024-08-28,Basic,354.45
297,Sandra Dudley,jade42@example.org,Mexico,2024-02-04,Basic,82.50
298,Timothy Rivera,smithchristopher@example.org,Syrian Arab Republic,2024-06-25,Basic,160.60
299,Travis Chan Jr.,conwaydawn@example.com,French Polynesia,2022-12-07,Standard,428.60
300,Robert Sawyer,michael56@example.net,Brazil,2022-02-01,Standard,733.16
301,Amber Christian,markkline@example.net,Ethiopia,2026-01-02,Standard,409.90
302,Robert White,dross@example.com,Syrian Arab Republic,2023-07-17,Standard,112.42
303,Rebecca Banks,,Western Sahara,2025-11-01,Basic,100.08
304,Thomas Webb,ywhite@example.com,New Zealand,2021-10-03,Standard,597.00
305,Sara Mcpherson,timothyfreeman@example.com,Kazakhstan,2021-11-03,Basic,282.68
306,Ernest Bush,tiffanysantiago@example.com,Maldives,2024-03-24,Premium,1341.73
307,Anna Stanley,timothyalvarado@example.net,Hungary,2022-05-10,Premium,1527.44
308,Stephanie Salazar,schneidereric@example.com,Timor-Leste,2024-02-03,Premium,247.42
309,Paul Flores,tara08@example.org,Mexico,2024-10-30,Standard,696.15
310,David Stevens,fmiller@example.com,Germany,2022-03-16,Standard,723.23
311,Matthew Garcia MD,petersenlatoya@example.net,Northern Mariana Islands,2023-02-19,Premium,1439.91
312,Christine Powers,michael03@example.com,Greenland,2024-05-31,Basic,276.05
313,Kara Sandoval,wwilson@example.net,Cyprus,2021-08-16,Standard,242.58
314,Mark Marsh,jacqueline02@example.com,Burundi,2025-09-21,Basic,155.18
315,Jennifer King,jacobconrad@example.com,Cuba,2023-11-25,Basic,245.75
316,Michelle Rodriguez,owilliams@example.net,Namibia,2022-03-25,Premium,1235.49
317,Judith Lawrence,tamarasmith@example.net,Australia,2024-05-18,Premium,526.52
318,Kevin Glass,heatherthompson@example.org,Bosnia and Herzegovina,2023-07-20,Standard,106.00
319,Sonya Gordon,mbarnes@example.net,Serbia,2022-11-08,Standard,666.97
320,Grant Phillips,devonmorrison@example.net,Malaysia,2023-02-09,Basic,318.47
321,Shannon Joseph,jamesweber@example.com,Poland,2023-05-04,Standard,133.31
322,Vicki Santos,williambenson@example.com,Russian Federation,2022-03-10,Standard,324.02
323,John Duncan,icraig@example.com,Turkey,2025-11-07,Standard,604.54
324,Kelly Johnson,brianbrown@example.com,Sao Tome and Principe,2025-07-17,Basic,127.33
325,Miss Brianna Brown,james80@example.com,Suriname,2023-11-16,Standard,731.00
326,Megan Hoffman,juliahoffman@example.org,Malawi,2025-07-14,Basic,319.32
327,Donna Beck,yhughes@example.net,Germany,2026-06-11,Basic,236.76
328,Patrick Harris,ogreer@example.net,Russian Federation,2024-11-07,Basic,94.20
329,Kimberly Morrison,kellythompson@example.net,Belarus,2022-07-19,Basic,48.61
330,Jose Bennett,qramirez@example.org,Central African Republic,2024-07-13,Standard,504.26
331,Gary Mckinney,billmcfarland@example.net,Austria,2025-06-25,Standard,81.48
332,Sarah Turner,charles58@example.org,Zimbabwe,2022-07-13,Standard,587.28
333,Jonathan Perry,odavis@example.org,Panama,2023-04-10,Standard,573.21
334,Daniel Goodwin,wbarajas@example.net,Algeria,2022-03-09,Standard,213.51
335,David May,susanfleming@example.com,Hong Kong,2026-03-12,Basic,191.13
336,Janice Fernandez,angel85@example.net,Spain,2024-02-27,Basic,390.12
337,Mr. Matthew Flores,vaughangary@example.net,Martinique,2021-08-25,Premium,615.72
338,Michael Ayala,nhouston@example.net,Switzerland,2025-02-15,Premium,539.57
339,Patricia Lucas,burgesseric@example.com,Saint Barthelemy,2023-04-10,Basic,188.70
340,Anthony Bauer,andrewsjeremy@example.com,Ireland,2023-07-21,Basic,205.04
341,Jessica Smith,nicholsdarlene@example.net,Bahrain,2025-05-24,Basic,249.08
342,Mercedes Jones,robertsgina@example.net,Benin,2023-01-08,Standard,505.12
343,Jane Short,wellsamanda@example.org,San Marino,2023-07-27,Standard,474.53
344,Kimberly Choi,kennetheaton@example.net,Oman,2023-06-24,Premium,1218.35
345,Kristen Peters,williamsashley@example.com,Mauritania,2024-05-08,Premium,634.39
346,Daniel Figueroa,jason82@example.org,Colombia,2022-09-19,Basic,373.38
347,Cheyenne White,yorksarah@example.net,Kyrgyz Republic,2024-11-01,Standard,636.53
348,Michael King,jessicafreeman@example.com,Guinea-Bissau,2022-04-03,Standard,380.61
349,Ariel Harvey,louishayes@example.net,Palestinian Territory,2023-02-21,Standard,711.90
350,Krystal Diaz,susan20@example.com,Egypt,2025-07-17,Premium,1387.98
351,Margaret Hill,dennis57@example.com,Kiribati,2023-05-29,Premium,341.41
352,Juan Thompson,wilkinsonmichele@example.org,Uganda,2024-04-22,Standard,286.97
353,Stephen Jones,mcclainmelissa@example.net,Antarctica (the territory South of 60 deg S),2025-09-04,Premium,739.30
354,Patricia Lewis,arnoldamy@example.net,Latvia,2024-11-18,Basic,202.69
355,James Vance,dennis88@example.org,Indonesia,2023-06-07,Standard,650.43
356,David Maynard,katherinetaylor@example.org,Christmas Island,2024-06-11,Premium,1446.97
357,Shelby Thomas,ccrosby@example.org,Senegal,2024-01-19,Standard,550.68
358,Jacob Williams,aprilmoody@example.com,Latvia,2026-03-16,Standard,220.14
359,Amanda Wong,padillaadrienne@example.com,Syrian Arab Republic,2025-04-28,Basic,93.40
360,Laura Bennett,pdiaz@example.org,Maldives,2022-11-14,Basic,388.62
361,Courtney Sullivan,tommy79@example.org,Macao,2026-01-09,Standard,108.04
362,David Robertson,jason22@example.com,Netherlands,2025-03-14,Standard,628.56
363,David Shepherd,olsontimothy@example.org,Nauru,2022-06-02,Standard,717.67
364,Alison Williams,dennishunt@example.net,Cameroon,2021-11-22,Basic,240.14
365,Christopher Mullen,johnsjessica@example.com,Yemen,2022-01-15,Standard,138.94
366,Willie Dillon,jeffreyjenkins@example.org,South Africa,2024-07-11,Premium,1425.25
367,Lisa Dixon,jennifercooper@example.com,Nepal,2024-07-26,Premium,272.13
368,James Rodriguez,alexandrablankenship@example.net,Italy,2025-09-30,Basic,120.02
369,Cassandra Valenzuela,richamanda@example.org,Bermuda,2024-01-10,Standard,345.39
370,Larry Carey,xboyd@example.org,Qatar,2024-04-05,Standard,707.86
371,Robert Clarke,zbell@example.net,United States of America,2025-06-03,Premium,1098.14
372,Anne Anderson,fcannon@example.com,Netherlands Antilles,2025-12-30,Basic,67.00
373,Colin Fletcher,lanedavid@example.org,Honduras,2024-11-19,Basic,111.19
374,Emily Cox,ronaldrichards@example.com,Timor-Leste,2024-04-17,Standard,621.28
375,Lisa Braun,afischer@example.net,Slovenia,2024-05-26,Premium,1509.46
376,Justin Webb,becky62@example.net,British Indian Ocean Territory (Chagos Archipelago),2025-05-09,Basic,84.11
377,Michael Martin,williamhartman@example.net,Nicaragua,2025-02-05,Basic,58.23
378,Caitlyn Oconnell,brockmadeline@example.com,Vanuatu,2024-08-12,Basic,195.94
379,Dennis Wood,ramseysarah@example.com,Nicaragua,2024-11-22,Basic,218.61
380,Victor Brown,daniellegonzales@example.org,Thailand,2024-11-24,Standard,363.00
381,Donna Johnson,christinacraig@example.com,Dominican Republic,2024-11-20,Standard,688.11
382,Angie Hill,zgomez@example.com,Namibia,2022-08-12,Standard,376.06
383,Michael Calhoun,jessica89@example.com,Guatemala,2026-06-06,Premium,1142.22
384,Larry Lee,qandrews@example.org,Ireland,2024-02-22,Standard,511.91
385,Kathy Morgan,prattsue@example.net,Suriname,2025-07-31,Standard,670.88
386,Jeremy Bennett,wcarrillo@example.com,Singapore,2023-11-28,Standard,134.21
387,Kevin Johnson,scottpatrick@example.org,Philippines,2025-02-13,Standard,357.98
388,Jennifer Gomez,haynesjose@example.com,Bermuda,2023-08-10,Standard,613.11
389,Gloria Spencer,thomasgomez@example.net,Ethiopia,2022-07-11,Standard,746.01
390,Tara Lee,jimmyallen@example.com,Costa Rica,2022-10-04,Standard,88.18
391,Sara Kelly,wilsonchristian@example.net,Lithuania,2024-09-06,Standard,556.53
392,Kimberly Williams,uwatson@example.com,Ukraine,2026-07-17,Standard,602.47
393,Sheila Henry,raymond92@example.org,Malta,2025-08-11,Standard,456.81
394,Joshua Shaw,xdalton@example.org,Kuwait,2026-07-01,Standard,257.54
395,Julia Norris,craignicolas@example.org,Greece,2023-06-03,Premium,1115.46
396,Chelsea Baker,thomas95@example.com,Colombia,2024-02-09,Premium,1451.84
397,Michael Watson,lramirez@example.net,Bulgaria,2026-07-06,Standard,620.84
398,Robin Le,angelachase@example.org,Cameroon,2025-08-12,Standard,316.27
399,Kara Smith,oporter@example.net,Martinique,2025-03-20,Standard,232.11
400,Elizabeth Hart,rosshannah@example.org,Cuba,2025-09-06,Standard,242.30
401,Mark Cole,jordan58@example.net,Venezuela,2025-08-30,Standard,435.24
402,Jason Bell,barbarasantos@example.net,China,2026-07-06,Basic,305.34
403,Frederick Dixon,ypreston@example.net,France,2023-12-07,Basic,381.21
404,Sheena Davidson,robert99@example.com,Thailand,2026-02-24,Standard,738.30
405,Greg Edwards,jennifer96@example.com,Tuvalu,2023-11-02,Standard,706.26
406,Heidi Matthews,lgutierrez@example.org,Brunei Darussalam,2025-04-02,Basic,102.54
407,Teresa Haynes,clarkrandy@example.org,Bahrain,2026-04-19,Standard,289.65
408,Anthony Wise,garciachristine@example.org,Palau,2026-04-10,Basic,169.16
409,Dave Rojas,isims@example.net,Taiwan,2022-06-19,Standard,549.83
410,Howard Herman,imcdonald@example.com,Mexico,2023-11-02,Standard,458.16
411,Melissa Thompson,owelch@example.net,Jordan,2024-03-25,Premium,1668.68
412,Emily Reed,lindaramos@example.com,Isle of Man,2022-11-29,Basic,331.74
413,Aaron Ochoa,mauriceharrison@example.org,Portugal,2026-03-23,Basic,235.16
414,Karen Smith,myates@example.org,South Africa,2021-08-25,Standard,100.63
415,Jason Castro,twright@example.net,Oman,2023-07-25,Premium,1122.62
416,Dennis Henderson,zacharymarsh@example.net,Sri Lanka,2025-01-30,Premium,927.83
417,Matthew Patel,robert12@example.org,French Guiana,2022-03-01,Standard,489.54
418,Jesse Graves,blopez@example.org,Australia,2026-06-18,Basic,162.67
419,William Campbell,jenniferacosta@example.org,Bermuda,2022-05-14,Standard,616.64
420,Glenn Collins DDS,steven05@example.org,Tajikistan,2025-05-14,Basic,61.44
421,Derek Long,qwhite@example.com,Switzerland,2021-09-04,Premium,1284.90
422,Michelle Cruz,cwright@example.org,Kuwait,2025-04-16,Premium,349.70
423,Maxwell Clark,tmaldonado@example.com,Cayman Islands,2024-10-04,Standard,321.30
424,Timothy Meyer,timothy43@example.com,Tuvalu,2021-11-15,Premium,1284.65
425,Valerie Young,knguyen@example.com,Myanmar,2022-03-18,Standard,470.56
426,Alexa Williams,jbarker@example.com,Sierra Leone,2022-01-22,Standard,292.76
427,Brandon Montgomery,browndeanna@example.net,Mauritania,2025-07-28,Basic,303.65
428,David Holden,linda73@example.org,Portugal,2023-07-03,Standard,506.50
429,Danielle Williams,ihansen@example.net,Liechtenstein,2022-07-24,Standard,289.17
430,Gregory Oconnor,mikayla98@example.org,Bangladesh,2024-04-08,Basic,242.31
431,Robert Weaver,osmith@example.net,Hong Kong,2025-04-13,Basic,260.94
432,Lisa Diaz,malikbrown@example.net,Svalbard & Jan Mayen Islands,2023-07-20,Standard,524.23
433,Kathleen Arnold,marcus51@example.org,Mali,2024-11-27,Basic,176.22
434,Todd White,harristodd@example.org,Antigua and Barbuda,2024-06-20,Basic,146.03
435,Mary Fox,brandon39@example.net,Barbados,2021-09-04,Standard,76.21
436,Mary Hebert,mcdonalddanielle@example.com,Moldova,2025-05-01,Basic,246.22
437,Samantha Bauer,colonjoseph@example.org,Saint Martin,2021-12-18,Basic,317.50
438,Tony Yu,garciajerry@example.com,Comoros,2022-07-30,Standard,197.91
439,Laura Meza,xreese@example.net,Morocco,2023-05-27,Standard,620.94
440,Maurice Andrade,laurapierce@example.net,Guadeloupe,2024-11-25,Standard,506.76
441,Lindsay Mahoney,andrea55@example.com,Serbia,2024-10-11,Premium,956.49
442,Erica Allen,nicholaspierce@example.net,Equatorial Guinea,2023-05-31,Standard,127.52
443,Tyler Smith,birdcaitlin@example.net,Burkina Faso,2026-07-31,Standard,290.68
444,Eric Walker,andrew48@example.net,Moldova,2024-06-19,Standard,725.08
445,Anna Stevens,devonrichardson@example.net,Egypt,2022-10-11,Basic,281.21
446,Anna Ross,jessicacummings@example.com,China,2024-01-21,Basic,160.87
447,Michele Weiss,larsonkevin@example.net,Sri Lanka,2024-06-29,Premium,505.25
448,Anthony Wise,nichole66@example.org,Trinidad and Tobago,2025-06-19,Standard,311.57
449,Sarah Mcfarland,hbrown@example.org,Ghana,2024-04-24,Basic,299.35
450,Jonathan Walker,nunezwendy@example.com,Sao Tome and Principe,2024-08-03,Premium,865.20
451,Courtney Roberts,vhernandez@example.org,Lebanon,2024-06-21,Standard,187.28
452,James Miller,iayala@example.org,Liberia,2024-05-29,Standard,670.20
453,Matthew Gonzalez DDS,johnadams@example.com,Gibraltar,2025-01-14,Standard,328.36
454,Ashley Gutierrez,michael55@example.net,Palau,2021-09-25,Basic,323.94
455,William Jensen,chanson@example.org,Uzbekistan,2025-09-14,Standard,586.81
456,James Todd,rodriguezbrian@example.net,Vanuatu,2022-05-08,Standard,379.62
457,Donna Cooper,torresthomas@example.com,Cote d'Ivoire,2025-04-25,Basic,52.03
458,Joshua Christensen,jdean@example.net,Qatar,2024-12-14,Premium,586.28
459,Taylor Rose,george43@example.net,Niger,2022-12-20,Premium,713.35
460,Tony Jones,elizabeth51@example.org,French Guiana,2025-12-13,Basic,97.93
461,Crystal James,mckeetodd@example.net,Martinique,2022-01-19,Premium,1658.39
462,Walter Castro,williamssandra@example.com,Grenada,2024-01-24,Basic,161.66
463,Alicia Sutton,colleen38@example.com,Sudan,2021-12-03,Basic,361.56
464,James Cooke,raymondstacy@example.org,Canada,2023-04-28,Basic,195.28
465,Chad Blair,robertberry@example.com,Georgia,2026-03-01,Standard,484.94
466,Joshua Clark,biancasutton@example.org,Tokelau,2022-04-21,Standard,111.15
467,Stephanie Browning,xforbes@example.org,Palau,2026-04-12,Standard,732.72
468,Emily Grant,whitemary@example.org,Saint Lucia,2021-10-04,Standard,449.03
469,William Ali,scott42@example.org,Botswana,2022-04-09,Basic,234.45
470,William Jensen,caitlynhall@example.org,Guinea-Bissau,2022-01-04,Standard,275.75
471,Brandi Mathis,xjoseph@example.org,Timor-Leste,2023-07-20,Premium,793.82
472,Christopher Perez,aduran@example.com,Zambia,2023-09-05,Standard,406.39
473,Virginia Todd,thompsonstephanie@example.com,Tonga,2024-09-12,Premium,181.01
474,Sharon Clay,csullivan@example.net,Saint Pierre and Miquelon,2025-09-26,Premium,1472.64
475,Jennifer Crosby,meyershannon@example.org,Turkey,2026-08-05,Standard,399.22
476,Jennifer Moss,oblack@example.org,Comoros,2023-01-25,Premium,500.95
477,Eric Carey,sjackson@example.net,Uruguay,2021-11-19,Standard,734.51
478,Brenda Gallegos,gdavis@example.org,Cocos (Keeling) Islands,2025-07-04,Standard,152.97
479,Melissa Taylor,bmorris@example.org,Korea,2024-07-25,Basic,209.54
480,Christina Gibson,mario21@example.org,Brazil,2025-02-22,Basic,135.40
481,Angela Zimmerman,nicholasjames@example.org,United States Minor Outlying Islands,2023-04-16,Standard,336.58
482,Shari Martin,haroldjoseph@example.com,Gambia,2023-02-28,Standard,332.48
483,Jill Sims,roachsusan@example.org,Nigeria,2025-06-10,Standard,105.12
484,Jonathan Jimenez,franklintrevor@example.org,Namibia,2024-11-28,Standard,252.80
485,Jeremy Burke,sanchezamy@example.net,Niue,2024-05-26,Basic,243.13
486,Amber Hernandez,benjamin09@example.net,French Southern Territories,2023-04-08,Standard,545.12
487,Brian Chaney,emilycarr@example.net,Reunion,2024-08-03,Premium,1227.32
488,Cassandra Gibson,sarah14@example.com,Heard Island and McDonald Islands,2026-02-06,Basic,189.04
489,Olivia Bridges,carterdennis@example.net,Tokelau,2022-12-26,Basic,121.90
490,Kelly Dominguez,rodriguezjessica@example.net,Marshall Islands,2026-07-20,Premium,784.69
491,Mr. Timothy Andersen,ronald54@example.net,Morocco,2026-08-03,Standard,726.80
492,Carl Hart,lvasquez@example.net,Djibouti,2025-02-26,Standard,707.04
493,April Johnson,mclaughlinjared@example.net,Israel,2023-09-07,Standard,234.06
494,Justin Walsh,davidsonhannah@example.com,Somalia,2021-12-13,Standard,341.49
495,Joshua Wang,jenningsmatthew@example.net,Montenegro,2024-09-10,Basic,52.50
496,Christopher Rivera,sandra77@example.org,Oman,2022-04-17,Standard,423.85
497,Joe Grimes,steven60@example.net,French Southern Territories,2024-06-09,Standard,738.36
498,Kristen Smith,lauren51@example.org,Fiji,2025-10-26,Premium,1670.08
499,James Ferguson,ashleyprice@example.net,Brazil,2025-12-08,Standard,715.62
500,Michele Edwards,nelsonchristopher@example.org,Holy See (Vatican City State),2023-11-15,Standard,218.03
501,Cindy Turner,brooksbenjamin@example.org,United States Minor Outlying Islands,2022-01-28,Standard,103.81
502,Rebecca Stein,jamesmclean@example.net,Tunisia,2024-03-25,Premium,1250.92
503,Briana Wiggins,jamiejohnson@example.com,Rwanda,2025-12-09,Standard,630.23
504,Eric Williams,cookpamela@example.org,Mali,2025-06-11,Premium,1112.20
505,Alison Blake,manuellee@example.com,Martinique,2023-03-18,Standard,565.79
506,Bruce Hernandez,danny98@example.net,Bosnia and Herzegovina,2022-08-24,Basic,71.33
507,Fernando Thomas,audrey21@example.com,New Zealand,2026-01-28,Standard,447.64
508,Amber Johnson,rodriguezbrian@example.com,India,2022-07-05,Basic,227.09
509,Leslie Huff,tjensen@example.com,Svalbard & Jan Mayen Islands,2022-08-09,Basic,44.45
510,Rhonda Miller,fbradley@example.net,Lao People's Democratic Republic,2022-02-05,Basic,251.53
511,Matthew Miranda,ohall@example.org,Tokelau,2026-02-03,Basic,80.51
512,Jack White,kristina57@example.com,Antarctica (the territory South of 60 deg S),2021-12-09,Premium,1067.39
513,John Singleton,katrina99@example.org,Malawi,2022-02-16,Standard,726.26
514,Rebecca Nguyen,sparksamanda@example.com,Nauru,2023-09-06,Premium,341.37
515,Kimberly Dickson,njones@example.net,Nauru,2023-10-08,Basic,322.87
516,Ms. Gloria Benson,elainemiller@example.net,Montserrat,2025-10-18,Basic,356.85
517,Kyle Nguyen,shortgregory@example.com,Bangladesh,2024-08-09,Basic,135.09
518,Linda Wilkins,troy01@example.org,Svalbard & Jan Mayen Islands,2022-04-22,Standard,461.12
519,Nicole Pacheco,donnachavez@example.com,Iceland,2024-09-09,Standard,191.23
520,Daniel Rich,ashley46@example.net,United States Virgin Islands,2023-05-02,Standard,492.32
521,Adam Downs,sabbott@example.org,Heard Island and McDonald Islands,2026-02-13,Standard,346.16
522,April Castro,daniel40@example.org,Jersey,2025-02-14,Standard,668.30
523,Evan Reyes,ngraham@example.net,China,2023-12-27,Standard,108.27
524,James Middleton,qmoore@example.org,Burkina Faso,2021-09-02,Standard,256.29
525,Brianna Dyer,iproctor@example.org,Burundi,2024-10-28,Standard,303.06
526,Jesus Mccormick,dhanson@example.net,Jamaica,2024-05-16,Basic,151.94
527,Henry Lopez,lanemelanie@example.org,Rwanda,2024-02-14,Basic,348.96
528,Joshua Richardson,carrolljanet@example.org,Mozambique,2024-01-08,Standard,731.44
529,Brenda Simon,steven18@example.net,Benin,2022-11-03,Standard,277.82
530,Mary Barnett,chloe58@example.org,Latvia,2023-11-19,Basic,318.65
531,Laura Rivera,susan44@example.org,Argentina,2025-02-01,Standard,566.94
532,Elizabeth Glover,bryan79@example.org,Montserrat,2021-11-14,Standard,135.27
533,Rhonda Weber MD,martinezchase@example.com,El Salvador,2022-04-11,Standard,691.57
534,Scott Smith,munozrenee@example.net,Canada,2024-11-28,Standard,402.01
535,Christopher Patton,toddlloyd@example.org,Guam,2026-07-14,Standard,327.39
536,Linda Underwood,amullins@example.com,Dominica,2024-12-01,Premium,1421.60
537,Carol Lane,brian41@example.org,Chad,2023-12-07,Premium,1292.57
538,John Vaughan,noahthornton@example.com,Estonia,2022-05-04,Standard,601.85
539,Alexandra Ho,ureyes@example.net,Pitcairn Islands,2026-05-24,Standard,458.85
540,Joseph Gomez,pbishop@example.com,Grenada,2022-12-18,Standard,665.75
541,Dawn Silva,vmejia@example.org,Saint Martin,2024-12-21,Standard,113.90
542,Kelly Byrd,lawrencesmith@example.org,Switzerland,2021-12-14,Premium,254.63
543,Joseph Jennings,jeffrey44@example.org,Antigua and Barbuda,2021-09-24,Standard,209.40
544,Todd Douglas,stephanielittle@example.net,British Indian Ocean Territory (Chagos Archipelago),2022-01-16,Standard,388.35
545,Jamie Gallagher,pauladominguez@example.com,French Polynesia,2023-12-13,Standard,698.07
546,Margaret Livingston,kayla54@example.org,Slovakia (Slovak Republic),2021-12-25,Standard,238.31
547,Janet Cook,scottlisa@example.org,Kazakhstan,2021-12-16,Standard,376.12
548,Christina Long,irodriguez@example.com,Cuba,2024-09-06,Basic,210.85
549,Jeremy Green,jonesashley@example.com,Singapore,2023-11-04,Standard,307.37
550,Brittany Bowman,ortegajoseph@example.net,Greenland,2026-02-19,Basic,133.12
551,Kaylee Case,zmendoza@example.net,Slovakia (Slovak Republic),2025-09-04,Basic,72.54
552,Darrell Cruz,imartinez@example.com,Grenada,2025-01-08,Premium,253.20
553,Mark Benjamin,diazmelissa@example.com,Belgium,2025-10-26,Basic,320.74
554,Donna Harris,poncedonna@example.com,Qatar,2023-07-25,Standard,224.41
555,Michael Tucker,imoss@example.org,Congo,2021-09-27,Standard,214.54
556,Cynthia Price PhD,victor70@example.org,Guadeloupe,2021-11-22,Standard,421.46
557,Amanda Wilson,ibentley@example.org,Saint Vincent and the Grenadines,2024-07-05,Basic,388.17
558,Amanda Thomas,ruizsamantha@example.org,Ecuador,2025-02-13,Standard,395.02
559,Christopher Williams,lori17@example.net,Chile,2025-10-16,Premium,447.79
560,Robert Wilson,bryanharris@example.com,Sudan,2025-10-17,Basic,120.56
561,Jennifer Martinez,marcoconnell@example.org,Serbia,2021-11-03,Standard,711.53
562,Arthur Hill,xjackson@example.net,Chad,2023-10-22,Basic,295.37
563,Amanda Garcia,bstrickland@example.com,Belgium,2021-08-23,Standard,679.45
564,Brandon Pearson,robert72@example.org,Cambodia,2024-10-23,Basic,205.24
565,Jennifer Hurley,carlsonjennifer@example.net,Zambia,2022-01-19,Standard,278.95
566,Elizabeth Barnes,jamesdowns@example.org,Niger,2023-06-04,Standard,495.93
567,Kimberly Robinson,joshualee@example.org,Poland,2025-10-31,Standard,79.96
568,Kathleen Moore,brownmichael@example.org,Jordan,2022-11-14,Basic,387.93
569,Stefanie Chavez,yangsara@example.org,Cayman Islands,2025-07-17,Basic,242.12
570,Mr. Steven Griffith,robert53@example.org,Greece,2022-10-02,Standard,265.81
571,Jason Gonzalez,charlesrichards@example.org,Tuvalu,2023-10-17,Standard,400.17
572,Leon Thompson,derek35@example.com,Cook Islands,2023-04-17,Standard,261.63
573,Keith Ramirez,yorkstephen@example.org,Senegal,2023-05-01,Standard,261.90
574,Lindsey Clarke,belindatran@example.org,Benin,2023-09-03,Standard,717.73
575,Shannon Robinson,rhood@example.org,Saint Lucia,2023-10-03,Standard,202.14
576,Danielle Hamilton,patriciavargas@example.org,United States Minor Outlying Islands,2024-06-25,Standard,237.20
577,William Williams,gquinn@example.org,Jamaica,2024-04-08,Premium,1525.27
578,Robert Nicholson,fsimpson@example.net,Sao Tome and Principe,2021-09-03,Basic,185.48
579,Tiffany Anderson,john10@example.com,Paraguay,2023-02-19,Standard,169.45
580,Shannon Burgess,braysteven@example.org,Tunisia,2025-02-16,Premium,958.36
581,Seth Sims,daltonchad@example.net,Grenada,2024-04-07,Standard,687.17
582,Paul Wolfe,kristinmiller@example.com,Saint Pierre and Miquelon,2026-04-11,Standard,572.29
583,Susan Cox,rodriguezmichael@example.net,Armenia,2023-06-10,Standard,746.46
584,Justin Jones,devonrogers@example.net,Brazil,2024-11-09,Basic,163.54
585,Nicole Pitts,karenhodges@example.com,Guinea,2026-02-07,Basic,287.07
586,Jenny Brown,michael78@example.net,Switzerland,2022-03-24,Standard,396.12
587,Meghan Patel,shannon51@example.org,Uganda,2026-01-13,Basic,169.06
588,James White,rodriguezjoshua@example.net,Cameroon,2024-02-04,Standard,189.74
589,Kelly Burton,robert82@example.com,Guatemala,2023-09-18,Standard,451.82
590,Alison Lopez,wigginsjesse@example.net,Oman,2023-04-17,Standard,392.78
591,Mary Buchanan,swatkins@example.net,Tajikistan,2024-05-10,Basic,301.07
592,Keith Villanueva,george43@example.com,Holy See (Vatican City State),2026-06-20,Standard,691.02
593,Amber Gomez,nhuber@example.org,Rwanda,2024-04-16,Basic,363.85
594,Christopher Erickson,evanwilson@example.com,Morocco,2022-03-31,Standard,225.02
595,Cody Hart,wadetiffany@example.org,Holy See (Vatican City State),2023-11-09,Standard,663.22
596,Kimberly Martinez,sullivanvictor@example.org,Yemen,2023-11-26,Standard,673.62
597,Aaron Rodgers,deborah47@example.com,Western Sahara,2025-05-20,Standard,470.26
598,Mary Marsh PhD,hmorgan@example.net,Lesotho,2026-02-11,Standard,154.50
599,Juan Parker,owilliamson@example.com,Guinea-Bissau,2022-01-27,Premium,1174.17
600,Martin Silva,kimberlywang@example.org,Angola,2022-01-11,Standard,493.94
601,Megan Rosario,ulee@example.net,Netherlands,2024-03-03,Standard,206.32
602,Melvin Sanders,xwood@example.org,Finland,2023-05-04,Premium,1247.10
603,Jeremy Hoffman,jessicawallace@example.com,Spain,2023-10-29,Standard,353.85
604,Nicholas Hurst,ltaylor@example.net,Benin,2022-05-01,Basic,94.28
605,William Fox,carl96@example.org,Albania,2023-08-30,Basic,163.36
606,Jennifer Peters,jamescollier@example.com,Micronesia,2024-01-25,Basic,361.42
607,Elizabeth Richards,dhansen@example.org,Anguilla,2025-07-27,Basic,91.56
608,Eric Davidson,qmartinez@example.com,Israel,2022-07-05,Basic,104.93
609,Maria Johnson,trevor19@example.net,Guyana,2024-07-08,Premium,698.89
610,Sheena Burton,hmccann@example.com,Malaysia,2025-04-12,Basic,152.83
611,David Perkins,luisjohns@example.org,Guinea-Bissau,2022-06-06,Premium,886.98
612,Jason Barr,brandon48@example.net,Vietnam,2021-12-30,Standard,597.14
613,Mark Duran,amybrennan@example.net,South Georgia and the South Sandwich Islands,2023-02-13,Standard,181.94
614,Melissa Davis,madeline02@example.net,Finland,2023-06-24,Basic,320.71
615,Mr. Thomas Garcia,wesleydecker@example.net,Nicaragua,2025-01-22,Premium,858.10
616,Sarah Marquez,butlersabrina@example.org,Svalbard & Jan Mayen Islands,2022-04-08,Standard,364.59
617,Gregory Vazquez,lisapreston@example.net,Mali,2025-06-07,Standard,78.15
618,Michael Johnson,walkermelissa@example.org,Portugal,2022-09-29,Standard,568.19
619,Carlos Miller,joneskim@example.com,Armenia,2022-08-05,Basic,361.12
620,Matthew Watkins,qwilson@example.org,Bahrain,2023-02-14,Basic,231.17
621,Brent Martinez,brianagonzalez@example.net,Guernsey,2021-10-04,Premium,181.50
622,Paul Ramirez,michael89@example.org,Madagascar,2024-06-18,Basic,121.46
623,Kenneth Smith,jenniferbrandt@example.org,United Arab Emirates,2025-05-20,Basic,152.35
624,Nicholas Glass,lrichardson@example.org,Kazakhstan,2024-12-24,Premium,967.75
625,Ruben Zavala,olewis@example.com,Bouvet Island (Bouvetoya),2025-06-03,Standard,119.07
626,John Stone,tfarmer@example.com,Moldova,2025-03-23,Premium,1668.83
627,Johnny Cruz,tburke@example.net,Tajikistan,2023-11-01,Standard,426.19
628,Donna Wyatt,melissajacobson@example.com,Wallis and Futuna,2025-01-03,Standard,367.72
629,Zachary Vasquez,sandersalexandra@example.net,Belize,2022-03-17,Standard,165.31
630,Michael Madden,calvinhester@example.com,Cook Islands,2024-08-02,Basic,216.46
631,Barbara Massey DDS,kathy99@example.com,Saudi Arabia,2025-07-24,Basic,99.36
632,Jennifer Alvarez,,Cameroon,2025-06-15,Basic,332.32
633,David Crawford,anthonyrojas@example.org,Luxembourg,2025-01-01,Premium,528.31
634,Janet Shelton,kevinhanson@example.org,Panama,2025-05-16,Basic,116.03
635,Rebecca Harris,qhenry@example.net,Guam,2025-08-29,Premium,969.80
636,Alicia Gallagher,hbeard@example.com,Korea,2023-03-09,Premium,1295.00
637,Joe Johnson,nicole27@example.com,Burkina Faso,2023-03-05,Basic,175.07
638,Phillip Carroll,rkeller@example.net,Montserrat,2023-12-18,Standard,595.59
639,Brooke Brown,troy69@example.net,Guinea,2025-06-12,Standard,475.90
640,Antonio Garza,marybailey@example.net,Myanmar,2021-09-30,Premium,345.28
641,Gloria Davis,victoria65@example.org,Panama,2022-11-01,Basic,57.36
642,Erik Miller,meltondanny@example.org,Angola,2024-04-21,Premium,874.80
643,Matthew Henderson,sadams@example.com,Namibia,2021-09-21,Premium,573.06
644,Kelly Morris,stokescraig@example.net,Costa Rica,2023-04-17,Basic,113.98
645,Pamela Morgan,michael63@example.com,North Macedonia,2025-11-07,Standard,81.28
646,Sara Herrera,joseph49@example.com,Spain,2022-09-28,Standard,143.16
647,Anna Richard,vargasjoshua@example.net,Spain,2024-04-08,Standard,495.39
648,Gregory Jones,william46@example.net,Mauritius,2023-03-07,Basic,190.78
649,David Robertson,nicoleburton@example.net,Tokelau,2022-07-18,Basic,224.17
650,Mr. Rodney Hurley III,umichael@example.net,Bahamas,2024-03-23,Standard,265.83
651,Charles Hernandez,megan65@example.org,North Macedonia,2022-08-18,Basic,219.19
652,Rodney Lucas,gloria36@example.org,Brazil,2022-05-12,Standard,600.12
653,Robert Collins,bcastro@example.com,Oman,2026-02-21,Basic,390.32
654,Dominic Johnson,donna20@example.net,Libyan Arab Jamahiriya,2025-07-11,Standard,351.59
655,Steven Edwards,michelle65@example.net,Palestinian Territory,2026-01-16,Standard,444.99
656,Ryan Cameron,danielnavarro@example.org,Mali,2024-12-07,Basic,287.75
657,Patricia Fox,pwilkerson@example.net,British Virgin Islands,2025-06-24,Standard,233.29
658,Ronnie Mclaughlin,selenarobinson@example.org,China,2022-09-07,Premium,315.18
659,Jason Roy,henrynicholas@example.org,Ghana,2024-05-05,Premium,1079.29
660,David Ramirez,michaelbaldwin@example.com,Angola,2024-11-03,Standard,715.88
661,Amanda Stevenson,vazquezkristina@example.org,El Salvador,2024-05-17,Basic,67.02
662,Tyler Cox,nicholsjoel@example.com,Iceland,2021-08-26,Basic,365.72
663,Tanya Hardin,christopher34@example.org,Tokelau,2026-01-24,Standard,383.31
664,Lynn Suarez,rmccormick@example.org,Swaziland,2025-07-06,Basic,135.09
665,Norman House MD,gmcdowell@example.org,Qatar,2022-12-01,Premium,1455.76
666,Jason Daniel,shawn00@example.net,Norway,2022-07-13,Basic,346.81
667,Martin Smith,courtneyedwards@example.org,Bouvet Island (Bouvetoya),2022-05-27,Standard,531.82
668,Tracy Rivas,melaniejennings@example.com,Korea,2024-01-02,Standard,153.23
669,Debbie Mcdaniel,lauren31@example.com,Heard Island and McDonald Islands,2022-07-10,Basic,360.51
670,Theresa Wilkerson,andrewjohnson@example.net,Oman,2024-09-03,Premium,392.97
671,Brandon Ford,jacqueline20@example.com,Niger,2023-10-04,Standard,296.85
672,Brandon Richardson,smithalicia@example.com,Sweden,2024-12-24,Basic,383.83
673,Micheal Lee,keith76@example.org,Jersey,2025-11-23,Standard,569.82
674,Whitney Campbell,robertortiz@example.org,Antarctica (the territory South of 60 deg S),2023-01-24,Standard,306.34
675,Luke Solomon,brandi71@example.org,Latvia,2022-04-12,Premium,805.39
676,Michael Mcdaniel,verickson@example.net,Equatorial Guinea,2021-12-23,Standard,639.10
677,Amy Galvan,modonnell@example.net,Spain,2024-08-08,Standard,397.82
678,Amber King,zturner@example.net,Heard Island and McDonald Islands,2022-04-10,Standard,673.13
679,Amanda White,williamconrad@example.com,Bulgaria,2022-01-22,Standard,164.45
680,Jessica Green,bradley27@example.com,San Marino,2023-06-01,Basic,393.36
681,Steven Baker,zachary62@example.com,Saint Pierre and Miquelon,2026-08-03,Basic,77.34
682,Brittany Farrell,jbrown@example.org,Denmark,2022-07-12,Basic,213.76
683,Christopher Mcdonald,carneysara@example.org,Kenya,2023-05-25,Standard,370.76
684,Karina Vasquez,daviddavis@example.com,Cocos (Keeling) Islands,2025-10-15,Standard,600.94
685,Samantha Elliott,brandybonilla@example.net,Seychelles,2024-06-19,Standard,657.24
686,Billy Tate,clayanthony@example.net,Pitcairn Islands,2022-03-22,Basic,301.82
687,Timothy Rodriguez,eric17@example.net,Palestinian Territory,2024-01-05,Basic,213.91
688,Debra Barrett,tara97@example.com,Yemen,2025-04-09,Standard,674.13
689,Tina Carroll,michellesolis@example.com,Gibraltar,2025-08-09,Standard,117.75
690,Kimberly Guzman,rossgregory@example.com,Benin,2021-09-18,Standard,83.34
691,James Powell,davidhenry@example.com,Saint Pierre and Miquelon,2025-08-24,Basic,228.93
692,Michael Anderson,collierwilliam@example.com,Kiribati,2026-01-15,Basic,300.56
693,Justin Henderson,nshepherd@example.org,Jordan,2024-10-07,Standard,720.14
694,Jose Mcpherson,deborahreeves@example.com,Malta,2024-10-05,Basic,226.88
695,Donna Kim,ievans@example.net,United Kingdom,2023-02-11,Standard,492.31
696,Jeffrey Carroll,lowerywilliam@example.net,Jamaica,2023-09-05,Standard,565.49
697,Nathan Hess,jonathan18@example.org,Brazil,2025-04-25,Standard,523.00
698,Richard Cameron,millernancy@example.com,Germany,2024-07-19,Standard,175.34
699,Michael Hanson,matthew23@example.org,Belgium,2025-05-07,Basic,361.14
700,Shelby Rodriguez,smithdarryl@example.org,Palau,2023-12-31,Standard,82.86
701,Sheila Church,nturner@example.com,Portugal,2024-12-25,Basic,222.00
702,Jennifer Turner,dereklee@example.org,Qatar,2026-06-20,Standard,409.69
703,Christine Wong,ryangarrett@example.net,Comoros,2022-01-16,Standard,582.22
704,Brittany Henderson,martinelijah@example.net,Kenya,2026-06-07,Standard,298.35
705,Scott Richards,kennethgallegos@example.com,Austria,2023-04-13,Standard,417.18
706,Ryan Reynolds,vallison@example.net,Nepal,2025-04-08,Standard,330.58
707,Mrs. Jennifer Palmer DDS,dhall@example.net,Andorra,2023-09-22,Basic,68.38
708,Arthur Orozco,hsmall@example.com,Nigeria,2026-04-23,Standard,461.80
709,Michael Smith,jessica75@example.com,Djibouti,2024-02-25,Premium,960.07
710,Melinda Dorsey,sanderson@example.net,Rwanda,2023-07-26,Standard,736.95
711,Todd Delgado,laura29@example.org,Finland,2025-01-24,Basic,46.40
712,John Thompson,catherinegarcia@example.com,Western Sahara,2026-08-01,Standard,99.19
713,Daniel Williams,howardjose@example.net,Cayman Islands,2022-06-27,Standard,632.49
714,Kathy Roman,ryan93@example.org,Monaco,2022-09-25,Basic,386.74
715,Gerald Kelly,carrilloangela@example.org,Timor-Leste,2025-01-23,Standard,675.82
716,Maureen Mccarthy,wlloyd@example.org,Botswana,2025-07-10,Standard,516.85
717,Shannon Garcia,romerogary@example.org,Trinidad and Tobago,2022-08-22,Standard,305.08
718,Nicholas Erickson,goconnor@example.org,Oman,2023-06-07,Basic,333.97
719,Barbara Harris,ahammond@example.org,Syrian Arab Republic,2025-08-29,Basic,159.51
720,Jonathan Miller,jennifer65@example.net,Papua New Guinea,2022-11-03,Basic,255.98
721,Kendra Cobb,lauriegutierrez@example.com,Ukraine,2023-11-28,Basic,170.79
722,Rebecca Cox,ramoskayla@example.net,Sri Lanka,2024-03-14,Standard,140.77
723,George Morales,ryanlong@example.org,Panama,2026-03-24,Standard,76.48
724,Kenneth Levine,robert84@example.net,Samoa,2023-03-08,Standard,502.72
725,Ronald Mccullough,isabellagriffin@example.org,Tuvalu,2024-05-02,Basic,237.17
726,Marissa Terry,trowe@example.org,Argentina,2024-04-19,Standard,146.77
727,Nathan Hobbs,jason88@example.com,Mali,2023-04-26,Basic,217.27
728,Allison Zamora,john46@example.net,Bouvet Island (Bouvetoya),2025-04-10,Basic,307.30
729,Debbie Romero,williamsdebra@example.org,Kiribati,2023-02-07,Standard,246.65
730,Jody Bird,michaelmitchell@example.net,Montserrat,2024-12-22,Standard,156.50
731,Kelly Wright,zachary35@example.com,Bolivia,2022-05-06,Basic,117.61
732,Jason Davis,ebeasley@example.org,Kiribati,2022-01-01,Basic,108.61
733,Jennifer Hansen,lwiggins@example.com,North Macedonia,2023-09-24,Standard,586.08
734,Timothy Burns,jcolon@example.net,Brunei Darussalam,2024-01-14,Premium,1172.35
735,Walter Palmer,bensonstanley@example.org,San Marino,2022-05-25,Standard,158.17
736,Tammy Wilson,xrodriguez@example.net,French Guiana,2021-10-24,Basic,204.66
737,Jacob Ritter,kelly02@example.org,Slovenia,2024-07-24,Standard,415.33
738,Steven Small,isaacsingh@example.org,British Virgin Islands,2024-05-08,Basic,41.56
739,Andrew Olson,ariel56@example.com,Syrian Arab Republic,2025-03-19,Basic,239.16
740,Pamela Wagner,qgill@example.com,Canada,2025-12-11,Standard,469.96
741,Robert Beck,zhughes@example.com,Mauritius,2021-11-03,Basic,321.19
742,Jessica Ramirez,clinejasmine@example.net,Norfolk Island,2025-08-05,Basic,289.05
743,Kristina Martinez,leechristine@example.net,Saudi Arabia,2021-11-16,Standard,625.29
744,Chelsey Alvarez,martinezsharon@example.org,Andorra,2022-12-27,Premium,1210.60
745,Ronald Combs,imiller@example.net,Gibraltar,2023-08-16,Standard,292.24
746,Scott Johnson,bwhite@example.net,Ghana,2023-07-10,Basic,190.72
747,William Weaver,douglas41@example.org,Gambia,2026-05-17,Standard,542.45
748,Amy Woodward,anthonybrown@example.com,Bolivia,2023-03-19,Standard,343.56
749,Frederick Bennett,williamsjohn@example.net,Namibia,2022-10-18,Standard,273.57
750,Kathy Avery,bruce78@example.com,Bahrain,2024-01-13,Basic,89.74
751,David Mercado,angela91@example.org,Serbia,2024-05-21,Standard,673.34
752,Elizabeth Russell,mathisvincent@example.org,Holy See (Vatican City State),2024-04-25,Standard,644.08
753,David Cisneros,dwilliams@example.net,French Guiana,2024-11-17,Standard,286.89
754,Antonio Weeks,carla65@example.net,Croatia,2024-07-16,Basic,239.29
755,Amber Stevenson,turnerrandall@example.org,Switzerland,2022-04-24,Standard,216.56
756,Diana Reynolds,nicole54@example.net,Korea,2022-12-23,Basic,287.18
757,Erica Clark,allen20@example.net,Lebanon,2021-08-19,Basic,87.76
758,Christopher Peters,ifarmer@example.org,Solomon Islands,2025-12-30,Basic,391.06
759,Kimberly Stafford,wchambers@example.com,Sweden,2024-08-14,Standard,441.18
760,Ryan Cain,martinezmitchell@example.org,Kenya,2021-08-29,Standard,554.49
761,Olivia Becker,james94@example.net,Cyprus,2022-10-13,Basic,242.42
762,Jack Campbell DVM,adrianjoyce@example.net,Indonesia,2022-03-02,Standard,711.30
763,Jonathan Jackson,donnaknight@example.net,Netherlands,2024-06-09,Basic,282.73
764,Carl Brown,sarah38@example.net,Slovenia,2022-12-26,Basic,232.21
765,Allison Booker,erin70@example.com,Norway,2024-12-23,Basic,192.06
766,Sarah Morris,rhill@example.net,Lao People's Democratic Republic,2024-02-03,Premium,342.69
767,Amanda Griffith,ramirezrobert@example.com,Germany,2021-08-21,Standard,110.82
768,Brad Armstrong,mooneyjeremiah@example.net,Jamaica,2026-05-27,Premium,595.49
769,Christina Murphy,garrettcolin@example.com,Jersey,2025-08-27,Basic,394.07
770,Lori Cook,john73@example.com,Syrian Arab Republic,2021-11-19,Standard,173.84
771,Robert Harding,oduran@example.com,Mozambique,2022-03-28,Premium,1410.36
772,Sydney Bennett,pattonbryan@example.com,Azerbaijan,2023-02-13,Standard,440.29
773,Andrea Byrd,phillipspatrick@example.org,Niger,2025-05-16,Standard,380.50
774,Kyle Keller,chavezsteven@example.com,Turkmenistan,2024-09-18,Standard,530.98
775,Matthew Lowe,gibsonmark@example.org,Botswana,2022-02-15,Standard,226.41
776,Andrea Clarke,rebeccamartinez@example.net,Equatorial Guinea,2023-05-23,Standard,337.50
777,Mr. Cody Taylor,brownlarry@example.com,Malaysia,2026-05-31,Standard,612.86
778,Emily Mcclure,dylanparker@example.com,French Guiana,2023-06-16,Standard,542.73
779,Kevin Gregory,younglori@example.net,Togo,2021-11-19,Premium,775.99
780,William Davidson,kristenpeterson@example.net,Lebanon,2025-02-01,Standard,606.98
781,Ms. Erin Lane,christina65@example.org,Bosnia and Herzegovina,2023-11-20,Standard,726.94
782,Amanda Robinson,fowlerheather@example.com,Nigeria,2022-09-05,Premium,1346.28
783,Dr. Robert Aguirre,lharris@example.org,Guyana,2021-08-30,Standard,661.47
784,Justin Thomas,llee@example.com,Aruba,2026-06-28,Basic,199.50
785,Duane Robinson,jennifer58@example.org,Christmas Island,2022-08-05,Standard,502.81
786,Dennis Garcia,nicholascobb@example.org,Guadeloupe,2026-04-18,Basic,172.39
787,David Pacheco,shelleyrowland@example.net,Turkmenistan,2023-10-13,Standard,573.45
788,Bailey Andrade,lauralee@example.com,Puerto Rico,2023-06-26,Standard,564.32
789,Vanessa Sanchez,hinesbrenda@example.net,French Polynesia,2025-07-24,Standard,377.95
790,Anthony Flynn,melissaschmitt@example.com,Cote d'Ivoire,2025-04-01,Basic,66.81
791,Rachel Mendez,williampotter@example.net,Sao Tome and Principe,2024-02-28,Basic,304.63
792,Mr. Frank Brooks DDS,lwells@example.com,Northern Mariana Islands,2026-03-22,Premium,239.00
793,Amanda Robinson,shannonyoung@example.org,Gambia,2023-09-27,Standard,253.36
794,Christopher Kirby,andrea21@example.com,Kenya,2024-03-16,Standard,646.06
795,Andrew Hunt,ronald76@example.com,Heard Island and McDonald Islands,2025-08-20,Premium,909.47
796,James White,josephjones@example.org,French Polynesia,2025-10-29,Basic,54.38
797,Maria Hartman,coreyjones@example.org,Mayotte,2022-08-12,Basic,254.88
798,Gary Turner,james92@example.net,Saint Vincent and the Grenadines,2024-04-30,Basic,265.13
799,Randy Campbell,krista66@example.net,Saudi Arabia,2024-11-21,Basic,148.42
800,Jose Juarez,michelleperez@example.net,San Marino,2022-08-30,Basic,238.06
801,Kevin Tran,dsharp@example.com,Somalia,2022-01-15,Premium,1289.60
802,Jessica Mcmahon,cclark@example.net,Antarctica (the territory South of 60 deg S),2023-06-27,Standard,720.97
803,Bethany Harding,porterdonna@example.com,Guadeloupe,2022-09-27,Standard,605.72
804,Paul Farmer,mark09@example.org,Uzbekistan,2022-04-23,Standard,441.58
805,Wendy Carroll,nbaird@example.com,Bahrain,2024-04-14,Standard,310.85
806,Brian Hudson,tfowler@example.org,Chile,2022-02-18,Basic,278.80
807,Amanda Barker,mjohnson@example.org,United States Minor Outlying Islands,2026-06-06,Standard,273.16
808,David Keller,gibsonmiguel@example.org,Chile,2023-04-01,Basic,262.58
809,Jeanne Mayo,amandamendoza@example.org,Iceland,2026-05-22,Standard,453.90
810,Beverly Harris,qmeyers@example.com,Cayman Islands,2024-08-18,Basic,273.75
811,Laurie Shaw,ahill@example.org,Kiribati,2021-12-06,Premium,719.96
812,Robert Fox,kstevens@example.org,Saint Pierre and Miquelon,2022-01-25,Standard,508.53
813,Tamara Reed,peter26@example.org,Christmas Island,2026-02-11,Basic,127.78
814,Judith Bartlett,hollydavis@example.net,Yemen,2021-10-30,Premium,1569.91
815,Brooke Khan,elizabeth13@example.com,Isle of Man,2026-07-30,Standard,612.44
816,Whitney Jones,gordonkimberly@example.com,Korea,2022-06-09,Premium,579.13
817,Andrew Johnson,vjames@example.com,Togo,2022-08-02,Basic,48.89
818,David Fletcher,markgoodman@example.com,Kyrgyz Republic,2021-12-14,Standard,595.08
819,Dana Dodson,thomasramirez@example.org,Chile,2025-10-21,Standard,418.40
820,Cassandra Martinez,qjackson@example.org,Philippines,2022-12-24,Standard,275.09
821,Christopher Klein,scottwilliams@example.net,Sudan,2024-03-24,Standard,291.21
822,Mary Garcia,scott90@example.org,Sierra Leone,2023-07-02,Premium,326.13
823,David Kerr,christopherfisher@example.org,Guadeloupe,2025-09-19,Basic,318.39
824,Amy Benjamin,roblesmaria@example.org,Saint Kitts and Nevis,2022-06-13,Standard,498.18
825,Brian Murphy,colleenvilla@example.com,Wallis and Futuna,2023-10-02,Standard,499.92
826,Brian Morris,moralesleslie@example.com,Croatia,2023-11-28,Standard,537.65
827,Robert Santos,bradley36@example.com,Seychelles,2024-08-10,Basic,114.01
828,Mrs. Kimberly Mooney,johnathandavis@example.com,Norfolk Island,2025-02-04,Basic,356.31
829,Valerie Benson,gregory57@example.org,Grenada,2021-09-13,Basic,196.69
830,Joann Dixon,wesleybush@example.org,Djibouti,2021-09-19,Basic,65.96
831,Becky Young,ntodd@example.org,Bahamas,2022-04-20,Standard,91.03
832,Mr. James May II,vstevenson@example.org,Fiji,2023-03-15,Basic,53.64
833,Amanda Conner,swong@example.org,Denmark,2025-11-06,Premium,455.34
834,David Ryan,lauriehorton@example.org,New Caledonia,2025-12-23,Standard,122.55
835,Catherine Soto,kanechad@example.org,Austria,2024-10-13,Basic,367.96
836,Dan Davis,joelmiller@example.net,Lao People's Democratic Republic,2023-03-04,Standard,379.51
837,Danielle Thompson,kevinray@example.net,Cook Islands,2022-12-21,Standard,288.57
838,Angela Kaufman,egray@example.com,Jamaica,2024-02-21,Standard,154.86
839,Paige Weiss,ysmith@example.com,Timor-Leste,2022-01-11,Premium,1309.45
840,Elizabeth Medina,jonathanford@example.com,Finland,2023-06-28,Premium,1349.87
841,Andrea Taylor,mgonzalez@example.org,American Samoa,2025-12-03,Premium,1511.00
842,Jacqueline Sullivan,vbentley@example.com,Hungary,2024-01-23,Standard,414.41
843,Leah Ortiz,riddledavid@example.net,Central African Republic,2022-08-01,Standard,537.97
844,David Gentry,william75@example.net,Azerbaijan,2024-11-13,Standard,265.02
845,Nancy Allen,dorseymichael@example.net,Philippines,2021-10-02,Basic,177.31
846,Brittany Jacobs,jonathanguzman@example.net,Tajikistan,2022-06-02,Basic,51.09
847,Brandon Dawson,lsanders@example.org,Maldives,2026-03-01,Standard,223.41
848,Carol Simmons,vincent86@example.net,Gambia,2025-04-13,Basic,326.84
849,Tammy Booth,fieldskimberly@example.com,Suriname,2022-04-29,Basic,146.19
850,Tara Sanders,adam27@example.org,Bhutan,2021-12-17,Standard,276.19
851,Kelly Pena,xjackson@example.org,Romania,2022-04-14,Basic,387.53
852,Mr. Brian Bradley,jacobbrown@example.org,Sudan,2025-05-29,Basic,273.26
853,Steven Ortiz,oneillgabriel@example.com,Belize,2023-07-03,Basic,44.01
854,Gordon Richards,wwashington@example.org,Algeria,2021-12-01,Basic,90.89
855,Adrienne Aguilar,davisalexa@example.org,Honduras,2024-08-17,Premium,1077.03
856,Dr. Tara Kennedy,cassandra55@example.net,Tuvalu,2023-04-30,Standard,444.58
857,David Ward,dgray@example.com,Tunisia,2023-04-07,Premium,505.83
858,Jesus Hale,anthonymartinez@example.net,Fiji,2026-05-15,Basic,301.34
859,Danielle Hayes,qrobertson@example.org,Afghanistan,2026-07-18,Standard,686.30
860,Robin Smith,morgan57@example.org,New Caledonia,2024-01-14,Basic,91.28
861,Rebecca Bailey,shatfield@example.org,Saint Martin,2023-07-16,Standard,491.40
862,Michelle Kane,andersonlaura@example.com,Syrian Arab Republic,2024-12-23,Standard,152.37
863,Shelly Jackson,efriedman@example.net,Mauritius,2022-10-26,Standard,457.92
864,Paul Keller,garciavictoria@example.org,Central African Republic,2026-04-05,Premium,1357.89
865,James Ramirez,elizabeth12@example.net,North Macedonia,2025-03-29,Basic,237.59
866,Michael Wiggins,schneidernicholas@example.net,Samoa,2025-04-17,Standard,124.37
867,Martin Hoffman,ostokes@example.com,Brazil,2023-01-25,Standard,244.21
868,Gerald Vargas,juliewilson@example.com,Brunei Darussalam,2025-11-18,Standard,466.90
869,Laura Smith,lawrencejames@example.com,Jamaica,2023-03-18,Basic,168.57
870,Michael Hogan,danielsmith@example.com,Germany,2022-05-03,Standard,233.31
871,Sara Porter,shernandez@example.org,San Marino,2024-12-09,Standard,122.12
872,Michele George,wayne14@example.net,Montserrat,2024-01-02,Standard,402.96
873,Kathleen Padilla,zbrown@example.com,Cape Verde,2025-10-02,Standard,520.11
874,Nicholas Cochran,leblanckimberly@example.com,Saint Lucia,2023-07-28,Standard,177.87
875,Miss Sarah Ritter,rrogers@example.com,Guernsey,2025-05-27,Standard,620.20
876,Joseph Campbell,jacquelinekelley@example.org,Bulgaria,2023-03-25,Basic,100.71
877,Sharon Brown,stephen29@example.org,Kenya,2025-02-03,Standard,605.32
878,Charles Robinson,jillsmith@example.net,Togo,2024-06-28,Basic,270.70
879,Virginia Hernandez,kshelton@example.org,Bhutan,2023-05-23,Standard,317.65
880,Tony Wilson,brittney26@example.org,Antigua and Barbuda,2022-03-17,Standard,298.80
881,Eric Carlson,denisebennett@example.net,South Africa,2024-12-19,Standard,375.62
882,John Meyers,phill@example.com,Heard Island and McDonald Islands,2021-09-02,Basic,215.31
883,Bryan May,andrewberry@example.net,Lesotho,2022-12-25,Premium,1191.74
884,Rebecca White,scooke@example.com,French Southern Territories,2024-06-20,Premium,616.97
885,Arthur Stout,richardhaynes@example.com,Moldova,2025-09-13,Basic,360.87
886,Kerri Brown,molinajared@example.net,Ukraine,2022-03-14,Standard,570.14
887,Melissa Smith,hmcbride@example.org,Brunei Darussalam,2024-06-27,Standard,566.01
888,Anita Scott,millerdavid@example.com,Haiti,2026-06-12,Basic,345.85
889,William Barrett,kevinshah@example.net,United Kingdom,2025-07-12,Standard,623.53
890,Jill Ray,alexandra59@example.net,Malawi,2022-08-30,Standard,594.21
891,Robert Young,donaldchase@example.org,Burkina Faso,2024-08-16,Standard,99.74
892,Ian Anderson,qjones@example.com,Hong Kong,2024-11-11,Standard,678.44
893,Jesus Duffy,jbentley@example.net,Costa Rica,2021-12-18,Standard,516.39
894,Whitney Terry,jenniferelliott@example.net,Swaziland,2024-03-03,Premium,793.18
895,Roberto Stewart,mgray@example.org,Belarus,2022-12-18,Basic,252.26
896,Melinda Russell,danielle55@example.com,Cameroon,2025-12-16,Basic,88.20
897,Adam Bennett,nicholasgarcia@example.org,China,2024-03-30,Standard,136.12
898,Leah Roman,ricejackie@example.com,Micronesia,2022-12-20,Standard,82.15
899,Anthony Stewart,zwhite@example.net,Philippines,2026-06-15,Standard,725.70
900,Linda Atkinson,qvargas@example.org,Poland,2024-03-07,Basic,286.30
901,Cameron Gray,brian53@example.net,New Caledonia,2023-09-15,Basic,90.53
902,Jeffrey Gomez,rshaw@example.com,Mali,2026-04-28,Standard,457.29
903,Robin Torres,mezarichard@example.com,Tanzania,2022-01-23,Standard,663.73
904,Nicholas Duffy,barbaramiller@example.com,Micronesia,2026-04-06,Premium,1327.91
905,Alexandra Vaughan,timothyrobertson@example.net,Tuvalu,2024-04-10,Basic,54.55
906,Adrian Lee,kleinjacqueline@example.net,Guatemala,2022-11-01,Basic,123.43
907,Tiffany Morrow,lawsontami@example.net,Venezuela,2026-01-09,Standard,232.96
908,Courtney Jones,williefarley@example.com,Lithuania,2023-07-05,Standard,424.57
909,Brian Sloan,marierosales@example.org,French Guiana,2023-02-09,Basic,179.71
910,Daniel Rojas,trobinson@example.net,Malaysia,2025-09-28,Basic,357.36
911,Joel Williamson,abrown@example.net,Kuwait,2023-04-04,Premium,1196.43
912,Aaron Zamora,richardsmith@example.com,Liechtenstein,2022-08-07,Premium,1700.30
913,Stephanie Jenkins,xsmith@example.net,El Salvador,2022-09-29,Standard,259.61
914,Edwin Patterson,amandaadams@example.com,Palestinian Territory,2025-10-23,Basic,248.31
915,Hector Hamilton,nicole31@example.org,Finland,2021-10-24,Standard,329.25
916,Patrick Santana,elizabethvaughan@example.net,Ethiopia,2022-03-17,Standard,471.68
917,Jon Maldonado Jr.,vshaw@example.com,Bulgaria,2022-02-28,Basic,68.02
918,Alex Moore,saundersjoel@example.net,Switzerland,2023-04-29,Standard,731.56
919,Nancy Hamilton,justin16@example.org,Niger,2022-05-17,Standard,348.94
920,Danielle Wang,virginia36@example.org,Lebanon,2025-02-22,Basic,164.21
921,Meredith Shaw,jacobbond@example.net,North Macedonia,2022-05-10,Basic,359.38
922,James Hill,sarahsimmons@example.net,Cook Islands,2022-01-25,Premium,1564.20
923,Jason Torres,jeffreysimmons@example.org,Malawi,2023-10-01,Standard,230.24
924,Brian Cox,jennifer35@example.org,Cocos (Keeling) Islands,2021-10-25,Standard,264.55
925,Patrick Lewis,mramirez@example.org,Jersey,2022-07-15,Standard,181.22
926,Heidi Torres,caldwellfelicia@example.org,Greenland,2023-06-01,Standard,626.44
927,Natalie Chapman,john43@example.net,Hungary,2022-01-18,Standard,354.86
928,Mark Guzman,willisrhonda@example.net,Svalbard & Jan Mayen Islands,2022-07-25,Standard,151.50
929,Tammy Jones,kevin73@example.net,Saint Helena,2022-05-19,Standard,398.34
930,Jason Dawson,patricia71@example.com,Bangladesh,2024-01-11,Standard,511.90
931,Tiffany Gibbs,carolhorton@example.org,French Guiana,2021-11-03,Standard,239.48
932,Rebecca Benson,isimpson@example.net,Belarus,2022-06-10,Premium,1107.95
933,Janet Chan,nlawson@example.org,Afghanistan,2022-05-31,Premium,982.41
934,Michael Suarez,ugordon@example.net,Eritrea,2023-02-17,Basic,92.87
935,Michael Arnold,jeffreyferguson@example.com,Armenia,2024-10-23,Standard,697.65
936,Diana Anderson,dayjohn@example.org,Martinique,2022-03-12,Standard,348.68
937,Mackenzie Compton,christopher84@example.net,Burkina Faso,2023-08-28,Basic,269.54
938,Erika Brown,hollowayjeffrey@example.com,Christmas Island,2022-11-22,Basic,302.07
939,Matthew Parrish,sharphailey@example.net,Equatorial Guinea,2025-12-18,Basic,381.01
940,Kristen Montoya,markharris@example.net,Sri Lanka,2025-11-26,Standard,484.40
941,Jeremy Blair,erichardson@example.org,Lithuania,2022-07-09,Standard,400.13
942,Scott Lopez,lharding@example.net,Finland,2021-09-19,Standard,352.27
943,Christopher Long,chadjones@example.org,Korea,2026-02-27,Premium,1092.67
944,Ariel Rose,morrisonnicholas@example.org,Bouvet Island (Bouvetoya),2025-09-30,Basic,264.36
945,Maria Williams,kaylaadams@example.net,Netherlands Antilles,2021-09-05,Standard,188.21
946,Tina Rodriguez,melissa13@example.org,Lesotho,2025-05-30,Standard,697.59
947,Robin Parker,dmoore@example.net,Puerto Rico,2022-12-13,Standard,121.47
948,Alisha Williams,curtis62@example.org,United States Minor Outlying Islands,2022-09-25,Standard,164.24
949,James Gomez,jeremiah61@example.com,Chile,2026-07-27,Premium,998.27
950,Tyler Campbell,gilbertdavid@example.org,Ukraine,2021-10-30,Basic,286.37
951,Jeffrey Rogers,erinhernandez@example.net,Poland,2023-02-13,Basic,257.98
952,Hannah Garcia,qstanley@example.net,South Georgia and the South Sandwich Islands,2021-12-29,Standard,683.59
953,Timothy Hernandez,lukemyers@example.net,South Africa,2025-07-17,Standard,667.48
954,Austin Lane,duane52@example.org,Seychelles,2023-07-16,Standard,582.86
955,Jeff Steele,oguzman@example.com,Burundi,2025-08-16,Premium,1213.54
956,Danielle Barnes,fryan@example.net,Mauritania,2025-09-20,Basic,234.14
957,Kevin Fisher,jacquelineyoung@example.org,Costa Rica,2026-08-01,Premium,1651.93
958,Justin Rosario,steven86@example.org,Cote d'Ivoire,2025-10-02,Standard,366.26
959,Chad Hayden,nicholasjohnson@example.com,Holy See (Vatican City State),2021-11-18,Standard,665.51
960,Kevin Woods,anthonydiaz@example.org,Ecuador,2021-12-30,Standard,364.55
961,Robin Hernandez,terrytaylor@example.net,Qatar,2026-05-11,Basic,213.56
962,Nathan Wallace,mitchelleric@example.net,Antigua and Barbuda,2024-08-19,Basic,166.19
963,Christopher Sanders,dfrazier@example.net,Rwanda,2025-10-05,Basic,366.83
964,Kathryn Fletcher,rhuynh@example.org,Mali,2023-07-02,Basic,247.40
965,Natalie Morales,robinsonisaiah@example.net,Monaco,2024-08-21,Standard,246.80
966,Michael Woods,kwilcox@example.org,Spain,2023-06-21,Basic,367.63
967,Derrick Garcia,carrie50@example.org,Finland,2022-06-05,Premium,1117.31
968,Daniel Smith,jacob30@example.org,Ethiopia,2022-01-14,Standard,249.02
969,Amanda Downs,uwilliams@example.org,Western Sahara,2023-02-26,Premium,1346.24
970,Dr. Tina Porter,,Peru,2022-02-05,Premium,998.00
971,Patrick Garcia,andrewflynn@example.com,Namibia,2025-12-16,Standard,328.15
972,Christopher Fleming,mcclurechristopher@example.net,Djibouti,2026-01-13,Standard,617.89
973,Martha Mack,victoriamason@example.net,New Caledonia,2024-11-14,Standard,146.94
974,Gloria Floyd,kelly96@example.org,Uganda,2025-03-06,Standard,470.12
975,Cynthia Shea,rubioashley@example.com,Bhutan,2025-08-21,Standard,436.87
976,Seth Payne,portershawn@example.org,Vietnam,2023-02-03,Standard,488.02
977,Kenneth Gomez,whitekelsey@example.com,Lebanon,2026-07-04,Basic,183.08
978,Jessica Glass,bonillatracy@example.com,Togo,2023-01-17,Standard,447.67
979,Manuel Becker,nrichardson@example.com,Holy See (Vatican City State),2022-01-11,Standard,195.64
980,Jerry Rich,oliverdawn@example.net,Somalia,2022-11-02,Standard,401.54
981,Aimee Farrell,nicholas96@example.org,Czech Republic,2023-07-22,Basic,247.95
982,Brandon Owens,lrodriguez@example.net,Botswana,2026-03-15,Basic,183.33
983,Patricia Gonzalez,caleb59@example.com,Croatia,2025-02-15,Premium,1535.53
984,Donald Johnson,stacythomas@example.org,Ghana,2024-06-15,Premium,536.89
985,Patricia Brown PhD,nirwin@example.org,Croatia,2025-12-14,Basic,381.73
986,Melinda Nelson,christopherjones@example.com,Belgium,2023-02-08,Premium,975.64
987,Shelby Warren,jack01@example.com,Guam,2026-06-07,Basic,328.31
988,Craig Mcmahon,salvarez@example.org,Qatar,2023-10-19,Standard,537.08
989,Laura Morrow,christiancontreras@example.net,Cameroon,2023-03-26,Premium,787.84
990,Dr. Natalie Doyle,alexis72@example.com,Tonga,2023-03-13,Standard,617.95
991,Megan Baker,mcneilsherry@example.org,North Macedonia,2023-11-10,Basic,209.80
992,Anne Robinson,robertpayne@example.org,Netherlands Antilles,2023-07-02,Standard,134.49
993,Tristan Bonilla,woodmichael@example.com,Ukraine,2023-02-23,Standard,325.31
994,Belinda Porter,wgutierrez@example.com,Switzerland,2024-04-29,Standard,564.03
995,Pamela Wilson,stephenbrooks@example.net,Nepal,2022-06-05,Basic,184.23
996,Dustin Keller,swalters@example.net,Wallis and Futuna,2026-03-29,Standard,268.37
997,Whitney Shaffer,davisallen@example.com,Bosnia and Herzegovina,2024-02-04,Basic,60.69
998,Tammy Garcia,zgordon@example.org,Papua New Guinea,2023-01-23,Basic,103.10
999,Daniel Gibson,ewilson@example.org,Guernsey,2026-06-14,Standard,82.23
1000,Jennifer Hoover,xsmith@example.org,Madagascar,2023-01-12,Basic,375.07
1001,Deborah Roberson,anunez@example.com,Antigua and Barbuda,2021-09-09,Standard,206.45
1002,James Montoya,matthew96@example.org,Moldova,2026-06-25,Basic,223.80
1003,Matthew Poole,oanderson@example.com,Saint Lucia,2022-06-25,Standard,490.25
1004,Kelly Kim,mckinneydavid@example.org,Norfolk Island,2024-07-01,Standard,317.82
1005,Philip Rangel,stacyharris@example.org,Anguilla,2023-10-20,Standard,733.56
1006,Leslie Johnson,armstronganthony@example.net,Bulgaria,2026-07-13,Premium,609.60
1007,Paula Lopez,kennethnichols@example.org,Saint Kitts and Nevis,2025-07-07,Standard,527.02
1008,Patricia Hopkins,christopher20@example.net,Mozambique,2025-12-12,Standard,210.21
1009,Timothy Martinez,justinkline@example.org,Belarus,2024-01-31,Premium,1283.20
1010,Ryan Myers,apope@example.org,Libyan Arab Jamahiriya,2026-05-30,Basic,237.85
1011,Michael Brooks,cynthia72@example.org,French Southern Territories,2021-08-30,Basic,241.28
1012,Keith Obrien,wilsonmatthew@example.com,Liberia,2026-08-03,Standard,309.55
1013,Abigail Boyd,sara39@example.org,Mauritania,2021-09-23,Basic,121.47
1014,Brittany Camacho,roachanthony@example.org,Cyprus,2022-01-11,Basic,203.71
1015,Beth Hill,stephaniebailey@example.net,Pakistan,2023-01-31,Standard,78.14
1016,Kathleen Hunt,qnielsen@example.org,Congo,2025-01-18,Standard,416.71
1017,Diana Long,gabriel37@example.com,Turks and Caicos Islands,2023-11-05,Standard,414.64
1018,Denise Flores,lawsonruben@example.net,Guinea,2023-06-26,Standard,153.98
1019,Amy Jackson,rubiojohnny@example.com,French Polynesia,2024-08-19,Standard,248.94
1020,Tiffany Moreno,ljohnson@example.com,Japan,2025-07-26,Standard,610.54
1021,Benjamin Sandoval,dustin51@example.org,Ghana,2025-01-20,Standard,373.87
1022,Cindy Bradley,rachel81@example.com,Finland,2024-08-15,Standard,401.45
1023,Ashley Ramirez,berrydebbie@example.net,Saudi Arabia,2023-10-16,Standard,304.27
1024,Christina Williams,rjimenez@example.com,British Indian Ocean Territory (Chagos Archipelago),2022-03-26,Basic,285.37
1025,Gabriel Reyes,mitchelldawn@example.net,Albania,2026-03-04,Basic,350.33
1026,Ryan Powell,rogersallen@example.com,Bhutan,2025-10-06,Standard,249.03
1027,Eric Stewart,richard85@example.com,New Zealand,2021-11-06,Standard,607.34
1028,William Snyder,cameronsharon@example.org,Antarctica (the territory South of 60 deg S),2022-09-25,Standard,548.29
1029,Brenda Holder,fperez@example.org,Saint Kitts and Nevis,2026-02-15,Basic,188.47
1030,Steven Mayo,greenkristen@example.org,Australia,2026-05-08,Standard,436.57
1031,Gary Salazar,knelson@example.org,Myanmar,2023-12-01,Basic,134.81
1032,Scott Mullins,qwalsh@example.org,Mali,2024-04-01,Standard,344.28
1033,Mary Bray,kendra73@example.org,Estonia,2025-06-11,Basic,163.12
1034,Heather Houston,donnamoss@example.org,Puerto Rico,2022-01-01,Standard,195.48
1035,Amy Smith,taylorcruz@example.com,Bosnia and Herzegovina,2023-04-26,Standard,222.53
1036,Pam Palmer,kathleen47@example.net,Cape Verde,2025-11-07,Standard,198.38
1037,Carlos Rangel,nhester@example.net,Cook Islands,2025-07-07,Basic,374.89
1038,Donald Martin,stephanie91@example.org,Kyrgyz Republic,2025-12-29,Standard,572.55
1039,Cynthia Shannon,josephalvarez@example.net,Korea,2023-05-17,Standard,238.39
1040,Joshua Gomez,edwardshaw@example.net,Grenada,2021-11-17,Standard,229.72
1041,Brent Wong,mlee@example.com,Christmas Island,2024-08-01,Basic,341.08
1042,Katherine Hamilton,lucassusan@example.org,Brazil,2021-11-17,Standard,600.78
1043,Derek Jones,hillnicole@example.net,Saint Barthelemy,2023-08-21,Premium,298.62
1044,Daniel Holloway,tyler23@example.com,Northern Mariana Islands,2023-01-20,Basic,217.36
1045,Morgan Davis,sstevenson@example.org,Chile,2023-03-10,Premium,1524.92
1046,Cody Yoder,suzannewade@example.com,Grenada,2021-09-19,Basic,345.28
1047,Sierra Jackson,wheelertara@example.net,Afghanistan,2024-01-21,Standard,287.91
1048,Brian Fuentes,mary88@example.org,Saudi Arabia,2022-05-06,Basic,357.16
1049,Eric Fitzgerald,whenry@example.net,Equatorial Guinea,2024-12-06,Standard,260.44
1050,Jimmy Carey,jennifer89@example.com,Bouvet Island (Bouvetoya),2022-12-18,Standard,590.88
1051,Margaret Hernandez,qchase@example.org,Guinea-Bissau,2024-02-07,Standard,343.57
1052,Patrick Mcpherson,jamie13@example.com,Northern Mariana Islands,2022-02-25,Basic,86.17
1053,Mark Gardner,harcher@example.org,Estonia,2026-03-02,Standard,360.64
1054,Gary Lawrence,kyle09@example.net,Reunion,2023-05-01,Basic,51.72
1055,Jessica Gibson,keith07@example.net,Cameroon,2023-12-11,Standard,655.77
1056,Vincent Hanson,kevinroberts@example.com,American Samoa,2023-11-19,Basic,204.59
1057,Roger Martinez,btorres@example.com,Panama,2025-10-13,Premium,991.17
1058,Chad Koch,stephaniereeves@example.org,Saint Martin,2022-08-06,Standard,80.68
1059,Angela Robinson,pfitzpatrick@example.net,Northern Mariana Islands,2023-07-18,Standard,331.11
1060,Tanner Orozco,carla29@example.com,Philippines,2025-12-29,Premium,744.52
1061,Brenda Saunders,derek83@example.com,Gambia,2022-01-15,Basic,107.37
1062,Lori Gardner,bpatton@example.org,Burundi,2024-03-31,Standard,256.85
1063,Kathy Jennings,taylor67@example.com,Isle of Man,2023-12-02,Basic,163.51
1064,Allison Wang,camposchristina@example.com,Solomon Islands,2022-10-29,Standard,361.16
1065,Bethany Daniels,brian62@example.com,Paraguay,2021-08-22,Standard,582.73
1066,Shelly Stevens,millerjoseph@example.net,Botswana,2023-04-13,Standard,345.40
1067,Dylan Olson,michelle19@example.net,Malawi,2025-04-23,Standard,460.70
1068,Daniel Thomas,rtaylor@example.net,Timor-Leste,2022-05-21,Basic,286.96
1069,Michelle Zuniga,mhanson@example.org,Bangladesh,2021-08-12,Basic,299.49
1070,Barbara Davis,dalejohnson@example.net,Kenya,2023-07-26,Basic,239.92
1071,Elizabeth Webb,loriskinner@example.net,Eritrea,2025-09-21,Basic,110.58
1072,Shannon Williamson,bthomas@example.org,Cambodia,2025-09-15,Basic,305.88
1073,Carolyn Harmon,thomasroberts@example.net,Bolivia,2026-05-30,Standard,81.58
1074,Michael Myers DDS,marshalllisa@example.org,Antarctica (the territory South of 60 deg S),2023-01-11,Standard,165.77
1075,James Carpenter,brewerpatricia@example.net,Kenya,2021-10-28,Basic,267.03
1076,Tonya Mcdonald,khill@example.com,Macao,2025-11-22,Standard,288.12
1077,Hannah Mccarthy,lpalmer@example.net,Canada,2023-05-16,Standard,244.41
1078,Gina Espinoza,joshuafarmer@example.com,Uzbekistan,2023-08-01,Basic,57.18
1079,Maria Bennett,lobrien@example.net,Russian Federation,2026-04-02,Premium,432.26
1080,Kelly Anderson,brianna95@example.net,Niger,2025-10-06,Standard,246.65
1081,Allen Quinn,colinrodriguez@example.net,Lebanon,2023-03-26,Basic,74.67
1082,Raymond Stark,danielgilmore@example.net,Uganda,2023-07-14,Basic,133.52
1083,Tammy Brown,danny17@example.com,New Caledonia,2024-10-08,Standard,451.31
1084,Christopher Rodriguez,ogray@example.net,Moldova,2022-08-11,Basic,163.89
1085,Jeffrey Mitchell,judyhamilton@example.net,Sudan,2025-07-25,Standard,311.99
1086,Alexander Moyer,harrislisa@example.org,Guyana,2025-06-26,Standard,483.76
1087,Sharon Peterson,nlee@example.net,Sweden,2023-12-25,Standard,513.66
1088,Luke Hansen,lauriegonzales@example.net,Honduras,2025-12-25,Standard,736.08
1089,Bethany Holmes,wilsonjerry@example.net,Mauritius,2023-04-08,Standard,294.44
1090,Todd Nielsen,peter51@example.org,France,2021-12-26,Standard,597.95
1091,Sarah Frederick,reginald08@example.net,Uganda,2022-03-02,Standard,127.93
1092,Thomas Baker,johnsonrobert@example.org,Grenada,2026-01-20,Standard,388.03
1093,Dan Montoya,sandra03@example.com,Barbados,2025-08-22,Basic,352.57
1094,Lisa Conley,reedchad@example.com,Netherlands Antilles,2025-04-23,Standard,701.78
1095,Stacy Mendoza,josephwilliams@example.org,Luxembourg,2024-02-25,Standard,488.31
1096,Jessica Turner,andrewbrown@example.org,Martinique,2024-08-27,Standard,687.27
1097,Michael Smith,xwilliams@example.com,Qatar,2022-03-28,Premium,716.21
1098,Kirsten Wilson,princetoni@example.com,Guinea,2022-07-31,Standard,515.78
1099,Anthony Hall,perezjulie@example.net,Montenegro,2021-11-03,Basic,257.94
1100,Shelley Wright,jonesdavid@example.org,Finland,2021-10-30,Standard,674.19
1101,Matthew Sanchez,david67@example.net,British Virgin Islands,2024-11-23,Basic,377.96
1102,Todd Harris,priscilla37@example.net,Gabon,2026-04-27,Basic,227.54
1103,Eileen Valdez,luis88@example.org,Austria,2023-05-07,Standard,187.94
1104,Trevor Tucker,harrisderrick@example.net,Djibouti,2023-02-20,Basic,85.01
1105,Barbara Hardy,barryyoung@example.com,Pakistan,2025-06-08,Standard,244.86
1106,Alison Huff,joshua64@example.org,Bahamas,2023-01-03,Basic,309.91
1107,Kathleen Roy,owallace@example.org,Hong Kong,2022-07-14,Standard,343.01
1108,Anthony Torres,sharon95@example.com,Sudan,2025-05-19,Premium,1650.45
1109,Alexander Swanson,yglenn@example.net,Vanuatu,2025-04-16,Standard,111.33
1110,Brian Hughes,michele87@example.com,Montserrat,2025-03-18,Basic,228.63
1111,Debbie Horne,preese@example.org,United States of America,2021-09-08,Basic,77.41
1112,Tiffany Miller,kelseyphillips@example.net,Indonesia,2021-10-21,Standard,131.91
1113,Derrick King,martinezashley@example.com,Taiwan,2022-12-08,Basic,180.34
1114,Joel Gonzales,wjohnson@example.com,Northern Mariana Islands,2025-11-01,Standard,572.88
1115,Anthony Mcmillan,penny85@example.org,Kazakhstan,2022-07-06,Standard,160.33
1116,Desiree Booth,jeremythompson@example.net,Palau,2021-11-10,Standard,190.16
1117,Andrew Cohen,criley@example.net,Saint Barthelemy,2022-10-02,Premium,737.02
1118,Wendy Hester,gregorymeredith@example.com,Mauritius,2025-03-16,Basic,351.13
1119,Hannah Jones,markwatson@example.net,Israel,2021-12-20,Standard,662.86
1120,Douglas Johnson,matthew65@example.com,Western Sahara,2026-06-25,Basic,237.48
1121,Caitlin Williams,rhondajohnson@example.net,Croatia,2025-08-27,Premium,1668.87
1122,Priscilla Romero,shelby69@example.org,Palestinian Territory,2025-03-30,Standard,473.81
1123,Zachary Miller,benjaminvictoria@example.net,Macao,2026-08-09,Standard,580.52
1124,Morgan Ryan,abbottallison@example.org,New Caledonia,2023-12-22,Basic,196.59
1125,Jessica Adams,rhonda53@example.com,Djibouti,2023-11-22,Standard,435.30
1126,Ashley Allen,wcox@example.net,Madagascar,2021-12-29,Basic,213.39
1127,John Hall,ihall@example.net,Ecuador,2025-06-30,Standard,135.45
1128,Kevin Taylor,laura55@example.org,Belgium,2023-08-28,Standard,353.24
1129,Brittany Snyder,rachelwalter@example.org,Chad,2022-03-20,Standard,82.13
1130,Justin Conrad,martinezaustin@example.com,Anguilla,2025-01-23,Standard,586.85
1131,Brandi Camacho DVM,zgomez@example.net,Moldova,2022-10-27,Premium,626.65
1132,George Summers,brittany91@example.net,Aruba,2021-12-24,Standard,539.24
1133,Tiffany Lozano,byang@example.com,Saudi Arabia,2023-12-31,Standard,584.94
1134,Clifford Cannon,hernandezalan@example.net,Heard Island and McDonald Islands,2024-12-25,Standard,591.96
1135,Frank Thompson,shirley13@example.com,Lithuania,2023-04-27,Basic,254.92
1136,Stephanie Riley,ymitchell@example.com,Saudi Arabia,2022-07-03,Basic,237.36
1137,Robert Navarro,russellramirez@example.net,Germany,2022-02-09,Standard,670.46
1138,Bryan Hill,kwalker@example.com,Wallis and Futuna,2026-03-15,Standard,243.68
1139,Nicole Middleton DDS,codyarnold@example.net,Saudi Arabia,2022-06-16,Basic,272.56
1140,Amanda Macdonald,,Heard Island and McDonald Islands,2022-08-18,Basic,119.41
1141,Laura Dennis,mariahphillips@example.org,Saint Barthelemy,2025-02-22,Premium,1159.88
1142,Jill Reynolds,christopher24@example.net,Paraguay,2022-03-12,Standard,614.97
1143,Bob Mcguire,murphywilliam@example.com,Korea,2024-10-07,Standard,543.40
1144,Paula Mann,patricia06@example.org,Venezuela,2025-02-20,Standard,512.71
1145,Cheryl Grant,averycourtney@example.org,Burundi,2024-07-18,Standard,256.45
1146,Connie Gonzalez,lhernandez@example.net,Luxembourg,2023-01-10,Standard,121.21
1147,Shawn Tapia,aaronjones@example.net,New Zealand,2022-08-28,Premium,348.81
1148,Jason Baker,pwelch@example.net,Guernsey,2024-01-13,Standard,380.62
1149,Catherine Evans,nancycontreras@example.com,South Africa,2024-10-06,Basic,217.12
1150,Kimberly Phillips,danielibarra@example.com,Italy,2026-06-18,Standard,177.70
1151,Matthew Wilson,qhuber@example.org,Guatemala,2025-02-05,Basic,47.97
1152,Patricia Webb,rburke@example.org,Antarctica (the territory South of 60 deg S),2023-01-25,Basic,141.56
1153,Stacy Patton,hartmarcus@example.net,Ghana,2023-09-02,Premium,865.51
1154,Jessica Green,adamsjessica@example.com,North Macedonia,2025-09-15,Premium,317.06
1155,Jason Armstrong,amandachan@example.org,Yemen,2026-06-16,Premium,517.07
1156,Beverly Fernandez,langchristopher@example.net,Grenada,2026-03-05,Standard,605.36
1157,Kristen Pena,michaelgonzalez@example.org,Taiwan,2024-04-16,Standard,325.69
1158,Crystal Solis,martin38@example.net,Egypt,2026-04-25,Standard,96.42
1159,Alejandro Bentley,masonlacey@example.org,Cayman Islands,2023-01-11,Premium,1357.15
1160,Mark Watts,nelsondavid@example.com,Palau,2023-08-14,Premium,594.74
1161,Sherri Atkins,jonesjennifer@example.net,Israel,2021-09-17,Standard,441.65
1162,Kimberly Ellison,fitzgeraldlaura@example.org,Switzerland,2024-08-22,Standard,679.60
1163,Franklin Hunt,turnerstephen@example.org,Estonia,2026-06-17,Standard,332.56
1164,Jamie Jordan,tammyhoffman@example.com,Finland,2026-02-25,Premium,1709.99
1165,Dana Smith,xluna@example.net,Rwanda,2022-02-25,Basic,178.53
1166,William Sanders,sergiowoods@example.org,Norway,2023-03-02,Basic,128.98
1167,Mark Miller,jaredmcmahon@example.net,Egypt,2022-01-12,Basic,111.70
1168,Ryan Mills,briansnyder@example.com,Georgia,2025-04-25,Basic,73.83
1169,Amanda Barker,rsavage@example.net,Cote d'Ivoire,2025-05-22,Standard,215.70
1170,Kimberly Edwards,marcfletcher@example.net,Moldova,2025-11-27,Standard,723.82
1171,Angela Garcia DDS,amartinez@example.org,Mali,2025-05-09,Basic,97.10
1172,Jeffrey Stanton,mccluretyler@example.net,Spain,2024-03-27,Basic,308.10
1173,Shane Barnes,phillipsryan@example.com,Saint Helena,2026-03-23,Standard,157.45
1174,Kelly Gilbert,anne22@example.com,Mali,2025-01-14,Standard,276.70
1175,Tiffany Watson,thomas35@example.net,Saint Helena,2026-08-06,Standard,110.16
1176,Carly Espinoza,asmith@example.org,Canada,2023-12-19,Standard,731.96
1177,Abigail Miles MD,medinamark@example.org,Nigeria,2023-12-16,Standard,368.06
1178,Gregory Hansen,michaelsmith@example.org,Falkland Islands (Malvinas),2023-01-13,Premium,1426.16
1179,Jessica Daniel,,Mauritius,2024-10-27,Standard,342.17
1180,Kevin Garcia,joshuabaker@example.org,Brunei Darussalam,2025-08-06,Standard,728.96
1181,Pamela Rivera,tammy97@example.org,Chile,2021-08-16,Standard,541.26
1182,Daniel Noble,douglasalvarez@example.org,Gibraltar,2022-01-01,Standard,179.62
1183,Breanna Aguirre,uortega@example.com,Macao,2025-05-31,Basic,129.54
1184,James Schroeder,hkelly@example.com,Marshall Islands,2022-01-01,Standard,538.01
1185,Cindy Martin,jennifer68@example.com,Liechtenstein,2025-02-01,Standard,729.51
1186,Bryan Yoder,gregory57@example.net,Guatemala,2025-04-03,Basic,61.62
1187,Justin Cuevas,patrickwhite@example.net,Algeria,2022-08-04,Standard,178.89
1188,Cory Willis,clinton54@example.net,Uruguay,2021-09-04,Standard,147.49
1189,Matthew May,swilliams@example.net,El Salvador,2022-12-25,Standard,288.80
1190,Kenneth Johnson,oosborn@example.com,Liechtenstein,2022-06-25,Standard,510.14
1191,Maria Gardner,johnsonanthony@example.net,Cape Verde,2025-02-21,Standard,676.96
1192,Samuel Miller,browndana@example.org,Germany,2022-02-06,Basic,47.69
1193,Victoria Lee,cookemily@example.com,Ukraine,2025-02-27,Standard,563.97
1194,Laurie Blackburn,shepardrichard@example.net,Paraguay,2021-12-02,Standard,101.65
1195,Philip Hernandez,christopher70@example.com,New Caledonia,2022-08-09,Basic,241.25
1196,Carrie Francis,collinsann@example.org,Guam,2023-12-11,Standard,405.81
1197,Angelica Conrad,wilsonchristopher@example.net,Benin,2022-07-17,Standard,441.94
1198,Tracy Wang,robinsonnicholas@example.org,Turkey,2025-03-27,Standard,391.17
1199,Ryan May,julierojas@example.com,Austria,2023-07-06,Basic,255.52
1200,Douglas Cunningham,mperez@example.com,Turks and Caicos Islands,2022-08-10,Basic,97.72
1201,Deanna Gonzales,burnsbeth@example.com,Sierra Leone,2024-10-27,Standard,378.33
1202,Mark Decker,herringbrenda@example.org,Mauritania,2024-06-16,Basic,234.98
1203,Jessica Brewer DDS,jared88@example.net,South Africa,2022-12-16,Standard,598.74
1204,Christine Robinson,anthony18@example.net,Norfolk Island,2022-07-18,Standard,570.22
1205,Kevin Watson,cbarrett@example.com,Reunion,2022-02-19,Basic,263.10
1206,Steven Moore,pcook@example.org,Colombia,2026-03-07,Standard,493.63
1207,John Lopez,gonzaleschristina@example.net,Morocco,2025-01-31,Standard,117.76
1208,Kara Sanchez,carolyn76@example.com,Armenia,2026-06-20,Basic,334.86
1209,Pamela Santana,fisherkim@example.net,Iran,2024-07-30,Standard,536.18
1210,Christopher Turner,stephaniebradley@example.org,Bulgaria,2024-12-06,Basic,95.49
1211,Amy Davis,laurieellis@example.org,Kuwait,2021-08-13,Standard,351.62
1212,Stephen Turner,lopezmichaela@example.com,Bermuda,2025-03-26,Standard,139.97
1213,Justin Rowe,woodsmelvin@example.com,Mexico,2025-01-17,Standard,104.55
1214,Susan Barnett,wmccarthy@example.org,Iceland,2022-04-03,Basic,104.31
1215,Brandi Mejia,lori69@example.com,Martinique,2021-12-20,Premium,343.61
1216,Patrick Willis II,katrinawood@example.com,Macao,2025-09-24,Standard,96.48
1217,Nicole Melendez,devinlopez@example.org,Gabon,2023-10-16,Standard,337.30
1218,Matthew Simmons,larry70@example.com,Zimbabwe,2023-09-21,Standard,496.18
1219,Michael Flowers,wdrake@example.net,Saint Martin,2022-02-13,Standard,108.13
1220,Regina Smith,david86@example.net,Korea,2021-09-02,Standard,559.55
1221,Meagan Henderson,turnerjonathan@example.net,Brazil,2024-08-18,Premium,1625.63
1222,Joanna Watson,ijoseph@example.com,Bouvet Island (Bouvetoya),2025-07-17,Standard,701.67
1223,Ms. Janet Leonard,adamvaughan@example.net,Nauru,2022-11-26,Basic,208.50
1224,Lisa Brennan,swilliams@example.org,British Virgin Islands,2025-12-14,Standard,318.63
1225,Anthony Greene,johnny54@example.org,Mauritius,2022-12-13,Basic,360.56
1226,Jason Griffin,cynthia91@example.com,Saint Martin,2021-10-17,Basic,325.93
1227,Danielle Miller,martinezduane@example.com,Jersey,2026-01-28,Premium,1146.67
1228,Jimmy Williamson,uwilliams@example.com,Argentina,2022-05-07,Standard,570.65
1229,Margaret Macias,uhunt@example.org,Guadeloupe,2026-04-02,Basic,68.06
1230,Jenny Johnson,jennifer16@example.org,South Africa,2022-07-28,Standard,425.65
1231,Eric Palmer,heatherwilliams@example.net,Lebanon,2022-09-09,Premium,538.85
1232,Denise Barker,joshuapowers@example.net,Iran,2026-03-01,Standard,205.36
1233,Denise Russell,caseydiane@example.com,Ethiopia,2023-12-04,Standard,459.77
1234,Madison Davis,andrewnguyen@example.org,New Zealand,2023-01-19,Basic,241.03
1235,Samantha Matthews,amber78@example.org,Guam,2023-04-26,Standard,578.62
1236,Jeremy Murray,sclark@example.org,Peru,2023-07-25,Basic,247.56
1237,Matthew Duncan,welchanna@example.com,Belize,2022-08-26,Standard,549.22
1238,Mrs. Dorothy Stewart,njohnson@example.net,Chad,2024-09-25,Standard,145.27
1239,Jennifer Hubbard,angela73@example.com,Uruguay,2024-04-20,Basic,237.99
1240,Travis Martinez,hrobinson@example.net,French Guiana,2022-07-04,Standard,518.83
1241,Richard Navarro,wpierce@example.org,Italy,2026-02-12,Standard,479.94
1242,Randy Mccoy,wayne86@example.org,Togo,2023-08-20,Basic,364.89
1243,Donna Middleton,sandrathompson@example.com,Afghanistan,2024-04-11,Standard,747.87
1244,John Jackson,reyesdenise@example.com,Isle of Man,2022-07-23,Basic,188.44
1245,Danny Lynch,greenejessica@example.org,Greece,2024-08-30,Standard,632.65
1246,Mario Cohen,andrew96@example.net,Malawi,2025-12-06,Standard,237.49
1247,Candice Wood,gregorygiles@example.org,Gibraltar,2022-04-11,Standard,328.17
1248,Andre Lane,msanchez@example.com,Dominican Republic,2025-08-06,Standard,577.59
1249,Kathryn Rodriguez,monica23@example.com,Saint Helena,2026-06-05,Standard,380.37
1250,Andrew Rhodes,eatkins@example.com,Eritrea,2026-01-11,Basic,40.07
1251,Michelle Lawson,gonzalesmaria@example.org,French Guiana,2025-09-02,Premium,623.06
1252,Molly Williams,gmoran@example.net,Pakistan,2023-10-24,Premium,387.76
1253,Ashley Boone,bowenmichael@example.net,Guadeloupe,2022-04-28,Basic,42.36
1254,John Baker,dawn17@example.net,Liechtenstein,2025-05-17,Basic,117.34
1255,Grace Norris,kristin49@example.com,Nepal,2021-10-16,Standard,595.78
1256,Joseph Johnson,anna44@example.net,Cayman Islands,2024-06-14,Basic,336.04
1257,Micheal Nunez,julianeal@example.org,New Caledonia,2023-01-28,Basic,224.06
1258,Mark Johnson,brandyhernandez@example.org,Eritrea,2023-06-08,Standard,460.84
1259,Sheila Black,kmontgomery@example.com,Norway,2022-05-23,Premium,900.08
1260,Emily Brooks,hwong@example.com,China,2024-01-13,Standard,253.87
1261,Michael Brown,kylewalker@example.com,New Caledonia,2025-07-03,Basic,129.95
1262,Marie Kelly,ohudson@example.org,Tajikistan,2025-05-06,Standard,277.70
1263,Rachel Villanueva,michaeljohnson@example.net,Bolivia,2026-05-17,Standard,459.12
1264,Denise Nixon,wallerbrian@example.net,Mali,2022-11-08,Standard,127.11
1265,Patrick Norris,jeremylove@example.org,Armenia,2026-07-06,Standard,400.71
1266,Donald Paul,escobardavid@example.com,Bahamas,2022-08-26,Standard,681.84
1267,Philip Woods,herrerakimberly@example.com,Somalia,2024-10-13,Basic,335.03
1268,Bruce Miller,corylawrence@example.net,Libyan Arab Jamahiriya,2023-02-11,Premium,1186.55
1269,Jeffrey Stein,mwaters@example.net,Sri Lanka,2024-10-15,Premium,1448.14
1270,Wendy King,fguzman@example.net,Christmas Island,2023-04-04,Standard,601.58
1271,Mr. Matthew Baker,matthewbyrd@example.net,Georgia,2024-09-28,Basic,160.38
1272,Peter White,floresterri@example.com,Lithuania,2022-06-06,Basic,196.35
1273,Jeffrey Torres,rpeterson@example.net,Swaziland,2022-07-11,Basic,83.39
1274,Pamela Lewis,luke87@example.org,Poland,2023-02-11,Basic,309.16
1275,Laura Moore,jamesfoster@example.org,Timor-Leste,2022-05-27,Basic,374.32
1276,Erika Black,yvaldez@example.com,Slovakia (Slovak Republic),2025-03-31,Standard,501.73
1277,Dennis Michael,nathan45@example.net,Guinea,2025-10-05,Premium,1000.90
1278,Eric Elliott,zsmith@example.org,Ireland,2023-05-20,Standard,456.32
1279,Vanessa Wang,cardenasjames@example.net,Saint Barthelemy,2022-11-22,Standard,545.99
1280,Allison Simmons,jnguyen@example.net,Cook Islands,2025-08-07,Standard,529.70
1281,Jessica Hill,sanchezmark@example.com,Western Sahara,2025-03-21,Basic,389.57
1282,Wesley Williams,twatts@example.com,Egypt,2023-01-05,Basic,247.09
1283,Jaime Garcia,joshua57@example.com,Bouvet Island (Bouvetoya),2023-12-22,Premium,855.30
1284,Angela Rowland,jholloway@example.net,French Southern Territories,2024-06-25,Basic,93.28
1285,Jessica Murphy,angela40@example.org,Sierra Leone,2025-06-18,Standard,396.20
1286,Melissa Stevenson,rebecca73@example.org,Gibraltar,2023-12-15,Basic,237.33
1287,Gary Byrd,jonathan02@example.org,Norway,2023-09-01,Standard,344.01
1288,John Williams,durhamwilliam@example.org,Mongolia,2023-10-19,Standard,546.06
1289,Jonathan Yates,vcampbell@example.net,Bangladesh,2025-04-14,Basic,213.13
1290,Valerie Norman,laurenmathis@example.org,Montserrat,2026-03-24,Standard,341.84
1291,Wendy Walton,dmeyers@example.com,Tuvalu,2026-01-06,Standard,453.79
1292,Marie Jones,shawn60@example.com,Morocco,2023-01-30,Basic,228.73
1293,Jean Smith,ronald43@example.net,Peru,2025-06-14,Standard,254.72
1294,Martha Gonzalez,patricia92@example.org,Sierra Leone,2022-05-09,Standard,537.20
1295,Brian Ferguson,chanamber@example.org,Greece,2025-12-19,Standard,150.96
1296,Mary Harris,rogernelson@example.org,Sierra Leone,2023-05-23,Standard,321.56
1297,Steven Gonzales,vjohnson@example.net,Cote d'Ivoire,2023-07-08,Standard,307.55
1298,James Harris,hlawrence@example.org,China,2024-02-23,Standard,594.53
1299,Kelli Martin,davidburns@example.net,Guinea-Bissau,2025-05-12,Standard,311.06
1300,Connor Galloway,timothy81@example.com,Andorra,2021-08-25,Basic,329.01
1301,Jennifer Mathews,michael41@example.com,Yemen,2025-11-07,Standard,372.31
1302,Zachary Miller,bliu@example.com,Saint Lucia,2024-11-06,Basic,124.06
1303,Charles Wright,andersoneric@example.net,Latvia,2025-06-04,Standard,180.29
1304,Robert Cline,nathan62@example.com,China,2022-06-27,Basic,70.89
1305,Brittany Pacheco,michaelbuckley@example.org,Antarctica (the territory South of 60 deg S),2024-02-07,Basic,127.50
1306,Mario Stout,christy00@example.com,Antarctica (the territory South of 60 deg S),2026-01-21,Standard,174.68
1307,Shane Mcintyre,ryankathryn@example.net,Malta,2022-06-18,Basic,143.57
1308,Gregory Walker,hmcneil@example.com,Kyrgyz Republic,2026-07-13,Standard,617.89
1309,Kimberly Taylor,collinsterrance@example.com,Brunei Darussalam,2023-03-24,Standard,393.05
1310,Tina Barnett,woodskaitlyn@example.net,Congo,2022-03-29,Standard,574.51
1311,Renee Thomas,pauljennifer@example.com,Tuvalu,2024-09-08,Standard,443.84
1312,David Blair,mark79@example.net,Maldives,2024-07-01,Basic,237.57
1313,Olivia Anderson,jbrooks@example.net,Saint Pierre and Miquelon,2026-04-15,Standard,744.80
1314,Taylor Cruz,bauertiffany@example.org,Cambodia,2024-10-14,Standard,526.08
1315,Cynthia Sanders,armstrongtimothy@example.com,Comoros,2024-10-03,Standard,686.58
1316,Laura Hayes,shawnbaker@example.com,British Indian Ocean Territory (Chagos Archipelago),2025-05-04,Standard,247.43
1317,Kayla Rogers,jonathanroman@example.com,Sierra Leone,2024-05-10,Premium,491.10
1318,Mary Peterson,bryan56@example.net,Anguilla,2026-06-09,Standard,258.11
1319,Darren Ellis,martinezjennifer@example.org,Tunisia,2023-05-09,Standard,712.99
1320,Juan Ayers,raymondpugh@example.net,Congo,2022-04-27,Premium,1215.09
1321,Patty Gonzalez,alicia29@example.net,Malta,2021-11-05,Standard,691.19
1322,Kimberly Steele,meganpotter@example.org,Mauritius,2026-04-29,Standard,147.83
1323,Shannon Ramirez,hphillips@example.com,Uganda,2023-12-30,Standard,671.30
1324,Nathan Evans,kingangela@example.com,Cote d'Ivoire,2026-03-25,Standard,736.36
1325,Tina Brown,etaylor@example.org,Serbia,2026-06-23,Standard,554.04
1326,Veronica Myers,debbiemyers@example.org,Egypt,2025-10-14,Basic,214.48
1327,Victor Hill,vmartinez@example.net,Western Sahara,2024-12-22,Standard,134.41
1328,Charles Hill,alex18@example.com,Malta,2022-02-15,Standard,727.58
1329,Kaitlin Guerrero,lynn89@example.com,Cape Verde,2021-12-18,Standard,555.92
1330,Susan Peterson,stefanie06@example.com,Bouvet Island (Bouvetoya),2024-09-30,Premium,1627.58
1331,Christopher Mckinney,oblake@example.net,Bosnia and Herzegovina,2022-01-20,Standard,405.70
1332,Tina Grimes,mollyortega@example.net,Jersey,2023-09-21,Basic,46.61
1333,Sharon Ramirez,rebecca85@example.com,Papua New Guinea,2025-10-17,Standard,314.88
1334,Mrs. Ashley Shaffer,brendawalker@example.com,Papua New Guinea,2022-12-10,Standard,747.30
1335,Samantha Freeman DDS,qobrien@example.com,Armenia,2024-08-15,Basic,139.32
1336,Rebecca Finley,wilsonkathryn@example.com,Mozambique,2024-12-22,Premium,580.84
1337,Jennifer Long,reedkristin@example.com,Montserrat,2025-12-06,Standard,749.97
1338,James Trujillo,bcaldwell@example.org,Montenegro,2022-07-08,Basic,379.89
1339,Erin Carter,upham@example.com,Thailand,2026-01-25,Basic,121.21
1340,Michael Gomez,joshuabowers@example.com,Kuwait,2025-02-09,Standard,340.17
1341,Patricia Martin,joy52@example.com,Togo,2022-01-21,Premium,1324.58
1342,Joshua Trujillo,leslietorres@example.net,Bermuda,2024-10-23,Standard,532.65
1343,Jonathan Lopez,tharris@example.com,Guernsey,2023-04-19,Basic,287.15
1344,Isaiah Moore,marcusrodriguez@example.net,Georgia,2026-02-27,Standard,461.71
1345,Kristina Sherman,raymonddominguez@example.org,Bermuda,2022-01-24,Standard,285.86
1346,Sherri Sullivan,dustin58@example.com,Indonesia,2022-04-12,Standard,378.19
1347,Ryan Doyle,christina15@example.org,Kenya,2025-09-29,Premium,1202.64
1348,Christopher Haney,simpsonmartha@example.org,Ecuador,2025-12-27,Standard,536.73
1349,Robert Thomas,john09@example.com,Taiwan,2023-10-22,Standard,168.22
1350,Yvette Lee,melaniecarpenter@example.net,Morocco,2026-01-21,Standard,681.58
1351,Nicole Mann,linda46@example.com,Haiti,2026-02-11,Basic,194.82
1352,Erica Kelly,marccarey@example.net,Egypt,2025-08-04,Basic,317.22
1353,Anne Lowery,gnichols@example.net,Denmark,2025-03-19,Standard,456.27
1354,Maria Spencer,stevenandrews@example.org,Kuwait,2024-09-15,Standard,120.77
1355,Jeffrey Benton Jr.,dhansen@example.com,Lesotho,2025-12-14,Standard,560.62
1356,Michael Jones,ashley09@example.com,Jersey,2025-02-18,Standard,641.68
1357,Victoria Lewis,scollins@example.net,Gabon,2023-04-07,Premium,221.44
1358,Sherri Shah,katiebaird@example.net,Germany,2025-12-05,Standard,731.70
1359,Amy Webster,hamptonchad@example.org,Marshall Islands,2023-09-06,Basic,149.21
1360,Cory Petty,maryjohnson@example.com,Saint Lucia,2022-03-18,Basic,335.81
1361,Tracy Berry,yballard@example.net,Lebanon,2022-04-22,Standard,573.38
1362,Brendan Kelly,fkoch@example.org,Colombia,2022-11-30,Standard,201.86
1363,Gregory Holland,morgankaren@example.net,Equatorial Guinea,2021-09-18,Premium,216.26
1364,Vicki Brown,cody08@example.org,Albania,2023-04-01,Basic,262.10
1365,Robert Carroll,michele23@example.net,Niger,2024-02-08,Standard,488.34
1366,Vanessa Davis,carolberry@example.com,Romania,2025-11-04,Standard,230.87
1367,Katie Olsen,cjohnson@example.net,Tuvalu,2026-05-28,Premium,300.17
1368,Renee Collins,daniel29@example.net,Chad,2026-02-11,Basic,88.27
1369,Mr. Zachary Mora DVM,hbowers@example.net,Micronesia,2021-12-09,Basic,208.75
1370,Charles Horne,zlopez@example.org,Guinea-Bissau,2021-11-27,Standard,199.18
1371,Mrs. Sarah Keller,abbottchristopher@example.net,Gibraltar,2026-03-04,Standard,394.85
1372,Michaela Boyd,justintaylor@example.org,French Guiana,2026-05-03,Standard,227.73
1373,Jeffrey Miller,henrymarc@example.com,New Zealand,2023-07-23,Standard,728.95
1374,Dr. Dustin Sutton Jr.,lopezchristopher@example.net,San Marino,2026-02-11,Basic,382.07
1375,Margaret Stevenson,williamskevin@example.org,Guinea,2026-06-08,Standard,528.15
1376,Roger Russo,williammaldonado@example.org,United States Minor Outlying Islands,2022-09-07,Standard,213.08
1377,Cody Walker,charles37@example.org,Montserrat,2024-10-25,Standard,719.42
1378,Thomas Harris,glassadam@example.org,Palestinian Territory,2025-09-06,Standard,491.52
1379,Victoria Benitez,nathanmonroe@example.org,Cape Verde,2022-04-27,Standard,660.07
1380,Michael Macias,tbecker@example.net,Georgia,2022-08-21,Basic,193.92
1381,Nancy Nelson,perryrobert@example.com,Tajikistan,2026-02-13,Basic,258.85
1382,Katherine Greene,elizabethwalker@example.net,Brazil,2022-03-10,Basic,299.27
1383,Katherine White,gary46@example.com,Mauritania,2023-01-17,Standard,708.92
1384,Deborah Juarez,mcarson@example.org,Moldova,2025-11-05,Standard,436.91
1385,Joseph Johnson,orodriguez@example.org,Syrian Arab Republic,2023-07-21,Standard,550.28
1386,Michael Jones,cgilbert@example.net,Cambodia,2023-10-28,Premium,347.17
1387,Mary Gordon,kaylahardy@example.org,Montenegro,2021-09-06,Standard,667.49
1388,Scott King,michaelgonzalez@example.net,Azerbaijan,2023-07-27,Basic,128.46
1389,Edgar Brown,courtneyrogers@example.net,Kazakhstan,2021-09-27,Standard,739.09
1390,Ryan Guzman,angela28@example.com,Azerbaijan,2022-03-03,Premium,785.15
1391,Joseph Smith,jennifermorris@example.org,Cambodia,2026-02-14,Basic,386.53
1392,Abigail Smith,cervanteskayla@example.org,Togo,2022-09-26,Standard,371.70
1393,Kristy Jones,ppineda@example.com,Finland,2025-01-15,Basic,318.52
1394,Thomas Young,wsalazar@example.net,Korea,2024-01-04,Standard,187.38
1395,Jordan Suarez,drewwalsh@example.org,Iceland,2026-08-11,Standard,695.35
1396,Isabel Smith,douglas76@example.net,Turkmenistan,2024-04-27,Standard,684.98
1397,James Larsen,jared66@example.com,Kuwait,2025-04-13,Standard,511.12
1398,James Cox,elizabeth28@example.org,Ecuador,2022-09-12,Premium,963.54
1399,Cory Russo,rachel86@example.com,Norway,2023-02-23,Standard,470.18
1400,John Daniels,xevans@example.net,Isle of Man,2021-11-12,Basic,236.71
1401,Juan Moore,bgiles@example.org,Western Sahara,2023-10-30,Standard,293.34
1402,Jasmin Estrada,tonya92@example.net,Iran,2024-06-27,Premium,889.55
1403,Brittany Stewart,mirandaanderson@example.com,Germany,2024-08-31,Basic,362.49
1404,Kerry Fuller,lowekristin@example.org,Angola,2021-08-27,Basic,72.46
1405,Amy Phelps,sarah53@example.net,Canada,2026-05-28,Standard,512.79
1406,Austin Hanson,brandy77@example.com,Romania,2022-06-28,Basic,99.04
1407,Robert Moore,frankwilson@example.net,Ireland,2022-05-28,Basic,72.83
1408,Julie Lucero,theresabeck@example.org,United States of America,2023-11-02,Basic,268.27
1409,Brandy James,xwoods@example.org,Namibia,2025-01-20,Premium,1288.96
1410,Tara Richards,sethsmith@example.com,Yemen,2024-12-21,Basic,391.07
1411,Gerald Miller,casey29@example.com,Philippines,2023-08-01,Standard,182.93
1412,Willie Gibbs,suzanneflores@example.net,Somalia,2026-05-11,Standard,104.64
1413,Larry Lloyd,howellbrittany@example.org,Haiti,2025-11-14,Standard,301.26
1414,Douglas Meyer,burnsrebecca@example.org,Pakistan,2022-10-22,Basic,350.56
1415,Jerry Hamilton,nelsonwanda@example.net,Kuwait,2024-11-28,Standard,172.61
1416,Andre Wiggins,navarroandrew@example.com,Cook Islands,2026-02-19,Basic,58.47
1417,Andrew Powers,zrogers@example.net,Timor-Leste,2026-08-01,Standard,567.86
1418,Michael Anderson,jennifer83@example.com,Finland,2022-12-12,Basic,143.96
1419,Tamara Miller,michelle10@example.org,Sri Lanka,2025-06-04,Standard,681.52
1420,Christopher Brown,kimberlyshields@example.org,Saint Kitts and Nevis,2021-09-05,Basic,41.27
1421,Sheila Williamson,brandisheppard@example.com,Norfolk Island,2025-12-24,Basic,44.39
1422,Ashley Martinez,jamesreese@example.org,Colombia,2022-01-26,Standard,411.58
1423,April Moody,jasonlove@example.com,Gibraltar,2024-09-27,Basic,258.87
1424,Robert Erickson,ljacobs@example.com,France,2025-04-09,Standard,221.39
1425,Shannon Ramos,millerterri@example.com,Cambodia,2026-01-02,Standard,381.27
1426,Chelsey Martinez,lopezmelinda@example.org,Central African Republic,2023-08-03,Standard,480.82
1427,Elizabeth Gutierrez,jeffery45@example.net,Dominican Republic,2024-04-07,Premium,1564.41
1428,Tracy King,calvinbrown@example.com,United Kingdom,2025-04-12,Standard,499.33
1429,Sabrina Miller,vsmith@example.net,Benin,2023-03-16,Basic,114.75
1430,Suzanne Wolfe,carrolljessica@example.com,Korea,2023-05-28,Standard,112.17
1431,Jacqueline Evans,vedwards@example.org,Denmark,2024-07-19,Standard,173.13
1432,Harry Marshall,ynguyen@example.com,Kyrgyz Republic,2025-12-16,Premium,1085.50
1433,Christian Rojas,bbarnes@example.org,Solomon Islands,2023-03-13,Standard,298.50
1434,Lynn Ross MD,edwardshah@example.org,Bhutan,2021-09-10,Premium,346.50
1435,Devin Gonzalez,tmyers@example.net,Fiji,2022-10-02,Basic,98.08
1436,Dr. Jeffrey Valentine,tonywade@example.com,Botswana,2021-12-12,Standard,521.12
1437,John Roberts,aprilsnyder@example.org,Israel,2024-01-25,Standard,461.29
1438,Lynn Morgan,gabriella69@example.org,Netherlands Antilles,2022-04-05,Standard,727.25
1439,Nathaniel Roman,mikewaller@example.org,Andorra,2023-11-06,Basic,169.67
1440,Daniel Nguyen,reneeorr@example.net,United States Virgin Islands,2026-02-14,Premium,1385.41
1441,Douglas Peterson,holly25@example.net,Montserrat,2026-06-21,Standard,680.83
1442,Kevin Young,tracyharrison@example.org,Germany,2024-03-02,Basic,313.04
1443,Paul Hanson,morenosteven@example.net,Ethiopia,2021-12-12,Basic,63.37
1444,Corey Carrillo,michaelstrickland@example.com,Egypt,2022-09-24,Standard,157.37
1445,Henry Oliver,kristenfrye@example.com,Germany,2024-08-20,Basic,158.52
1446,Samantha Brewer,phillipsbruce@example.org,Malta,2025-08-10,Standard,216.65
1447,Richard Henderson,evansjames@example.com,Anguilla,2021-10-03,Standard,114.27
1448,Jennifer Richardson,seanreyes@example.org,Nepal,2023-11-01,Standard,736.06
1449,Timothy Bryant,jasminechavez@example.org,Namibia,2022-04-03,Standard,134.18
1450,Becky Parrish,uwood@example.net,Honduras,2024-05-13,Basic,257.72
1451,Maria Foster,christie04@example.com,Mongolia,2025-05-25,Basic,294.45
1452,Jorge Sharp,tylermcintosh@example.org,Canada,2022-02-14,Standard,647.26
1453,Miguel Davis,teresa51@example.com,Guam,2025-05-14,Standard,463.22
1454,Joshua Warren DDS,jneal@example.org,Suriname,2022-08-25,Standard,700.80
1455,Phillip Melton,johnnewman@example.net,Anguilla,2021-11-15,Standard,410.07
1456,Courtney Williams,katherinedodson@example.org,Macao,2023-03-18,Basic,219.19
1457,Mark Foster,travis68@example.org,Armenia,2022-08-12,Basic,358.12
1458,Dave Henry,,United Arab Emirates,2025-10-04,Standard,271.08
1459,Christian Smith,joseph58@example.com,Cayman Islands,2025-10-15,Standard,154.79
1460,Dawn Gonzalez,philip47@example.org,Kiribati,2024-08-18,Standard,612.79
1461,Kayla Sullivan,danielhughes@example.org,Samoa,2026-04-12,Basic,114.64
1462,Peter Fitzgerald,marissa39@example.com,Guyana,2023-12-07,Standard,354.88
1463,Crystal Zamora,jay04@example.org,Cuba,2025-10-05,Premium,725.70
1464,Christine Arroyo,dcortez@example.com,Netherlands,2025-05-20,Basic,116.44
1465,Karen Carlson,chrisrodriguez@example.org,Timor-Leste,2021-10-08,Standard,540.76
1466,Adam Hill,turnerpatrick@example.net,Cayman Islands,2022-02-05,Standard,120.79
1467,Matthew Maddox,charles60@example.com,Sierra Leone,2021-10-14,Standard,446.25
1468,Charles Bryant,davidfields@example.net,Somalia,2021-10-06,Basic,80.98
1469,Karen Smith,hardyspencer@example.net,Puerto Rico,2024-05-26,Standard,342.33
1470,Michael Castillo,jasonsanders@example.com,Antarctica (the territory South of 60 deg S),2021-10-18,Standard,723.08
1471,John Thompson,raybradley@example.org,Sierra Leone,2025-12-30,Basic,109.85
1472,Michelle Harris,andrew43@example.org,Portugal,2023-11-08,Basic,372.02
1473,Matthew Russo,shansen@example.com,Somalia,2022-10-08,Standard,395.29
1474,Amber Cox,stephen78@example.org,Holy See (Vatican City State),2024-11-27,Premium,388.81
1475,Juan Thomas,richard96@example.com,Lao People's Democratic Republic,2026-07-13,Standard,385.92
1476,Brittany Chambers,alowe@example.com,Jersey,2022-01-16,Basic,362.53
1477,Chad Middleton,ihayes@example.net,Chad,2026-01-23,Standard,624.56
1478,Thomas Mcgrath,carolfernandez@example.net,Cayman Islands,2025-11-13,Basic,60.17
1479,Vanessa Sparks,amiller@example.org,Macao,2024-05-01,Standard,456.34
1480,Laura Scott,jodisutton@example.com,Liechtenstein,2022-03-13,Standard,449.74
1481,Rebecca Kelley,zmills@example.org,Morocco,2023-05-15,Premium,1084.40
1482,Paul Rodriguez,smoore@example.org,Saint Barthelemy,2021-08-13,Standard,693.43
1483,Kathy Rodriguez,ruthneal@example.com,Dominican Republic,2025-05-23,Basic,63.84
1484,Daniel Little,andrewjohnson@example.org,Cote d'Ivoire,2022-07-17,Premium,1499.16
1485,Andrea King,hendersonmichael@example.com,Algeria,2025-02-06,Standard,328.29
1486,James Clark,eharvey@example.net,Nicaragua,2024-07-31,Standard,187.03
1487,Vanessa Porter,anthony76@example.net,Sierra Leone,2022-02-07,Standard,201.48
1488,Lisa Bell,yvang@example.org,Libyan Arab Jamahiriya,2025-05-29,Premium,1407.19
1489,David Davis,jenniferbaldwin@example.org,Korea,2023-07-06,Standard,654.03
1490,Larry Harrison,kyle73@example.net,Isle of Man,2022-02-01,Basic,137.74
1491,Linda Leonard,wallssean@example.net,Cocos (Keeling) Islands,2023-12-06,Premium,1556.35
1492,Jasmine Buckley,kingdavid@example.net,Liechtenstein,2022-06-25,Standard,634.88
1493,Scott Williams,ronald21@example.org,Liberia,2024-01-17,Standard,429.44
1494,Reginald Roman,kelseywilliams@example.org,Czech Republic,2023-04-25,Standard,327.60
1495,Sarah Perez,hstokes@example.org,Chad,2022-04-23,Premium,493.31
1496,Theresa Hart,hsmith@example.net,Heard Island and McDonald Islands,2024-10-14,Premium,971.94
1497,John Ramirez,fjones@example.com,Turkey,2026-05-11,Basic,365.78
1498,James Calhoun,davidmartin@example.net,Colombia,2024-12-08,Standard,304.58
1499,Zachary Brooks,timothy29@example.com,Brazil,2024-05-30,Standard,664.87
1500,Charles Anderson,dsmith@example.net,Solomon Islands,2021-09-03,Standard,295.95
1501,Deborah Moreno,nicole25@example.org,Tokelau,2024-01-06,Basic,75.37
1502,Matthew Mendoza,coryhughes@example.net,Niue,2024-04-27,Basic,225.81
1503,Brianna Martinez,michellejones@example.net,Barbados,2024-06-11,Basic,113.87
1504,Paul Franco,sharon46@example.org,Sao Tome and Principe,2023-10-10,Premium,785.45
1505,Phyllis Johnson,peter93@example.net,United States of America,2022-04-01,Basic,81.70
1506,Rachel Oneal,johnboyd@example.com,Sierra Leone,2021-12-27,Standard,104.72
1507,Jennifer Hoffman,kendrawilliams@example.com,India,2023-01-07,Basic,353.88
1508,Victoria Peterson,samantha78@example.com,Hungary,2025-05-26,Standard,675.20
1509,Leah Castro,taylordavis@example.com,Guam,2024-04-11,Premium,1381.73
1510,Amy Soto,nancy98@example.org,Germany,2026-04-01,Basic,48.09
1511,David Lee,james58@example.net,Isle of Man,2023-01-02,Basic,269.99
1512,Mckenzie Lopez,leahbarker@example.org,Poland,2025-01-16,Standard,210.37
1513,Kristen Harris,lperkins@example.org,Saint Kitts and Nevis,2025-03-24,Standard,434.29
1514,David George,isaac75@example.org,India,2024-01-13,Basic,281.60
1515,Keith Medina,jonathanjones@example.org,Honduras,2025-09-05,Standard,181.31
1516,Mrs. Chelsea Villa,jgibson@example.net,Swaziland,2022-12-31,Premium,1684.32
1517,Christina Williams,ffuller@example.net,Botswana,2023-12-30,Standard,144.10
1518,Bryan White,kathleen00@example.org,Fiji,2022-02-24,Standard,445.82
1519,Bethany Davis,qharris@example.net,Bahamas,2021-08-30,Standard,711.71
1520,Marcus Ramirez,oallen@example.net,Netherlands,2024-06-19,Basic,246.67
1521,Juan Randall,andrewsilva@example.org,Chile,2025-08-23,Standard,285.18
1522,Christina Jensen,christopheryang@example.com,Sudan,2024-01-17,Basic,234.61
1523,Ryan Walker,llynch@example.org,Fiji,2022-02-24,Premium,220.66
1524,Eric Riley,ogriffin@example.org,Tanzania,2022-01-08,Basic,58.16
1525,Jessica Stevenson,wjefferson@example.com,Angola,2024-04-26,Standard,133.13
1526,Stephen Henry,marc78@example.net,Iceland,2025-10-21,Standard,550.66
1527,Jacqueline Warner,zjackson@example.org,Cuba,2023-03-09,Basic,266.61
1528,David Roberts,nicolasrich@example.org,Poland,2026-04-16,Standard,375.94
1529,Michael Chavez,pricemichael@example.com,Angola,2024-01-25,Standard,299.32
1530,Susan Davis,michael45@example.com,Lesotho,2022-05-27,Standard,586.92
1531,Kevin Holmes,meghanwerner@example.com,Australia,2025-06-01,Basic,68.28
1532,Thomas Davis,wrightalicia@example.com,Korea,2022-05-11,Basic,315.19
1533,Jeffrey Pitts,jeremycollins@example.net,Bangladesh,2022-10-09,Standard,137.72
1534,Anthony Pena,keithharrison@example.com,Ukraine,2022-06-14,Basic,291.50
1535,Tyrone Morrison,jonescraig@example.org,Martinique,2022-03-26,Premium,663.87
1536,Philip Cummings,amandalopez@example.org,Greece,2025-11-21,Standard,592.38
1537,Kayla Smith,longgary@example.com,Cape Verde,2025-11-05,Standard,714.53
1538,Lee Richardson,steven72@example.net,Bouvet Island (Bouvetoya),2025-03-07,Premium,1585.73
1539,Larry Williams,staylor@example.com,Marshall Islands,2025-08-10,Standard,320.33
1540,Jennifer Weaver,doneal@example.net,Western Sahara,2024-03-18,Standard,694.15
1541,Laura Monroe,hwalton@example.com,Chad,2024-02-17,Standard,656.03
1542,Dr. Daniel Greene MD,darrell66@example.com,French Southern Territories,2023-06-25,Standard,404.07
1543,Craig Smith,whampton@example.org,Korea,2025-12-09,Premium,352.80
1544,Nicole Banks,randy20@example.org,United Kingdom,2023-10-23,Standard,645.89
1545,Mr. John Khan,danderson@example.org,Yemen,2022-05-04,Standard,310.32
1546,Ashley Brooks,steven66@example.org,Netherlands Antilles,2023-01-31,Standard,417.87
1547,Kristen Williams,vjones@example.org,Georgia,2026-03-23,Standard,557.13
1548,Willie Thomas,brian83@example.net,Mali,2023-06-21,Premium,1050.94
1549,Geoffrey Austin,christy45@example.org,Spain,2024-03-13,Premium,650.84
1550,Jeffrey Freeman,estradaamy@example.net,Mongolia,2024-02-22,Standard,473.61
1551,Mrs. Samantha Rivera DDS,douglas31@example.net,Hungary,2022-12-28,Standard,239.49
1552,Andrew Smith,jameshudson@example.com,South Georgia and the South Sandwich Islands,2025-09-28,Standard,400.60
1553,Joshua Scott,aaronjones@example.org,Estonia,2025-04-01,Premium,502.98
1554,Colleen Herman,sandysnyder@example.org,Paraguay,2023-11-29,Standard,366.03
1555,Lisa Krause,qsosa@example.net,Moldova,2024-05-09,Basic,244.20
1556,Natalie Welch,alison98@example.net,Fiji,2025-08-23,Standard,543.54
1557,Danielle Briggs,vwebb@example.net,French Southern Territories,2024-02-09,Standard,526.98
1558,Jennifer Crane,laurie41@example.org,Moldova,2022-09-24,Basic,296.29
1559,Shirley Wright,saraterry@example.net,Guyana,2023-09-04,Basic,81.16
1560,Keith Evans,franciscoolson@example.net,Bahrain,2025-06-27,Standard,294.63
1561,Amy Sullivan,emoore@example.org,Grenada,2026-04-20,Premium,876.22
1562,David Koch,zreilly@example.net,Croatia,2023-08-22,Standard,348.91
1563,Donna Bishop,matthewharper@example.net,Honduras,2025-11-17,Standard,537.72
1564,Bradley Mclaughlin,ambervasquez@example.org,Vietnam,2026-06-19,Standard,628.41
1565,Maria Braun,ruizantonio@example.com,Tajikistan,2023-06-13,Standard,510.37
1566,Samantha Howard,williamspatricia@example.com,Bolivia,2021-10-22,Premium,517.74
1567,Virginia Mendez,kristineprince@example.com,Botswana,2022-12-13,Premium,1089.71
1568,Russell Jones,dillon79@example.com,Cayman Islands,2024-10-30,Basic,331.54
1569,Anne Obrien,antonio52@example.net,Lebanon,2025-08-31,Basic,277.92
1570,Jordan Carter,pbutler@example.com,Papua New Guinea,2023-03-31,Standard,271.76
1571,Charles Moore,brownnancy@example.org,Botswana,2026-08-09,Standard,376.83
1572,Nathan Campbell,gwendolyn93@example.net,Liberia,2023-10-16,Standard,667.26
1573,Matthew Bender,sharon37@example.net,Antigua and Barbuda,2023-06-08,Standard,611.18
1574,Gregory Williams,perry77@example.net,Indonesia,2025-07-13,Standard,694.99
1575,Joanna Cabrera,wbarrett@example.net,Trinidad and Tobago,2025-02-10,Basic,298.40
1576,Richard Best,vdavis@example.org,Armenia,2026-01-13,Basic,396.50
1577,Larry Krueger,jenniferbutler@example.org,Norfolk Island,2023-06-02,Standard,487.76
1578,Lucas Rogers,webbmadison@example.net,Cook Islands,2022-09-01,Standard,647.15
1579,Matthew Doyle,alyssa89@example.net,Vanuatu,2024-09-03,Basic,62.47
1580,Travis Mcbride,lmaynard@example.net,French Guiana,2024-04-22,Basic,388.44
1581,Amanda Cook,ylawrence@example.org,Lebanon,2025-10-05,Premium,1057.05
1582,John Wilkerson,sandradavenport@example.org,Korea,2022-12-08,Basic,79.49
1583,Sarah Montoya,ralph08@example.org,Armenia,2022-09-21,Standard,96.05
1584,Cynthia Smith,benjaminleah@example.com,Mauritania,2025-09-07,Standard,473.36
1585,Jennifer Shaw,kayla07@example.net,Croatia,2024-04-13,Standard,555.45
1586,Penny Wyatt,vcastro@example.org,Mayotte,2024-11-22,Standard,368.75
1587,Jeffrey Murphy,staceysmith@example.org,Venezuela,2025-05-12,Standard,192.05
1588,Matthew Powers,bmartin@example.org,Saint Lucia,2022-06-07,Premium,1049.79
1589,Timothy Collins,joneseric@example.org,Timor-Leste,2026-04-20,Basic,169.70
1590,Andrea Townsend,tammy17@example.com,British Virgin Islands,2024-02-12,Standard,269.72
1591,Kimberly Dixon,rcontreras@example.org,Guinea-Bissau,2025-07-23,Basic,85.20
1592,James Lopez,jessica91@example.org,Central African Republic,2022-05-05,Premium,1196.21
1593,Robert Nichols,writter@example.net,Guernsey,2021-10-05,Premium,1568.70
1594,Rebecca Reynolds,mlewis@example.net,Northern Mariana Islands,2024-01-12,Standard,733.11
1595,Melissa Cherry,marypeck@example.com,Moldova,2025-06-20,Premium,391.12
1596,Marvin Gonzalez,johnsonjacob@example.net,Guinea,2021-09-12,Basic,349.65
1597,Jacqueline Morgan,montesmichelle@example.org,Burkina Faso,2025-10-30,Basic,290.34
1598,Kristina Wilson,thomasspencer@example.net,Saint Kitts and Nevis,2025-06-03,Basic,264.37
1599,Robert Hartman,john86@example.com,Argentina,2025-11-27,Standard,361.28
1600,Eric Maynard,heathercabrera@example.org,Fiji,2023-04-25,Basic,178.50
1601,Benjamin Schmidt,jimenezjoanna@example.com,Angola,2021-09-28,Standard,361.72
1602,Cody Davis,sarahmorrison@example.org,Guyana,2022-03-07,Premium,959.60
1603,Patricia Flores,whitejason@example.org,Djibouti,2021-11-09,Basic,296.37
1604,Philip Fischer,cainana@example.net,Trinidad and Tobago,2025-01-24,Standard,700.43
1605,Juan Evans,cgoodwin@example.com,Uruguay,2026-01-02,Standard,97.59
1606,Gary Figueroa,caseyrush@example.net,Albania,2022-02-23,Premium,936.15
1607,John Ward,bakerbrittany@example.net,Ukraine,2025-08-01,Standard,466.68
1608,Christopher Wong,mccoyandre@example.org,Saint Lucia,2025-02-25,Basic,68.82
1609,Tyler Shields,veronicasmith@example.net,Turkey,2022-12-24,Basic,229.51
1610,Paula Lopez,brianclark@example.net,Iceland,2022-07-29,Basic,310.21
1611,Hailey Sullivan,sbartlett@example.com,Egypt,2024-09-11,Standard,423.94
1612,Michelle Scott,hsmith@example.com,Nauru,2022-07-27,Standard,486.80
1613,Carl Lopez,coffeyjohn@example.net,Armenia,2022-10-07,Standard,500.70
1614,Anthony Jones,nanderson@example.com,Bouvet Island (Bouvetoya),2024-06-26,Standard,526.38
1615,Michelle Greer,gutierrezmatthew@example.com,Cambodia,2022-05-07,Standard,438.96
1616,Barbara Wood,hgray@example.net,Falkland Islands (Malvinas),2023-10-31,Standard,488.80
1617,Mark Clark,jacob37@example.com,Yemen,2022-12-25,Basic,232.61
1618,Aaron Ford,harringtonmartha@example.net,Kuwait,2024-03-26,Premium,890.10
1619,Brian Mitchell,joshua60@example.com,Solomon Islands,2025-06-05,Basic,246.63
1620,Jesse Turner,shannonbarker@example.com,Taiwan,2023-12-31,Standard,313.22
1621,Christopher Walker,andreyoung@example.com,Hungary,2022-09-15,Basic,146.06
1622,Katrina Villa,adamsnathan@example.com,Portugal,2022-02-08,Standard,544.16
1623,Kelli Collins,ksmith@example.org,Dominican Republic,2026-02-09,Standard,280.25
1624,David Rosario,courtneymadden@example.org,Canada,2026-05-29,Basic,133.76
1625,Michael Spencer,aaron32@example.org,Saint Martin,2023-02-22,Standard,465.25
1626,Danielle Ballard,courtneysantiago@example.net,Mongolia,2024-06-07,Standard,518.02
1627,John Gonzalez,markhodge@example.com,Latvia,2025-05-29,Standard,572.73
1628,Katherine Jordan,norrisdakota@example.org,Djibouti,2023-09-01,Premium,938.50
1629,John Nichols,garciaveronica@example.net,Kazakhstan,2025-03-16,Premium,296.06
1630,Daniel Wood,scottsamantha@example.com,British Indian Ocean Territory (Chagos Archipelago),2026-07-28,Basic,130.74
1631,Stacy Orozco,petersonjoel@example.org,Bermuda,2025-08-22,Standard,260.77
1632,Kimberly Soto,bradleybarker@example.net,Chad,2024-11-24,Standard,575.46
1633,Abigail Wilkinson,lauraclay@example.org,Benin,2024-02-18,Standard,689.34
1634,Kenneth Smith,sarah78@example.net,Chad,2021-09-30,Basic,277.30
1635,Mark Smith,james23@example.net,Aruba,2025-04-11,Standard,193.39
1636,Daniel Anderson,cbrown@example.org,Niger,2022-04-14,Basic,125.03
1637,Thomas Harris,mary62@example.net,Bahrain,2025-10-13,Standard,430.99
1638,James Jackson,patelgabrielle@example.com,Botswana,2022-01-13,Premium,1724.91
1639,Benjamin Perry,kperez@example.com,Rwanda,2024-03-19,Basic,254.40
1640,Megan Dodson,olivia29@example.net,Panama,2024-06-13,Basic,341.54
1641,Jessica Carr,qramirez@example.net,Croatia,2026-03-31,Basic,188.66
1642,Sara Gonzalez,nicholas87@example.org,Tunisia,2024-07-09,Standard,520.95
1643,Beth Brown,castroralph@example.net,Mozambique,2025-03-05,Basic,100.22
1644,Amy White,laurenallen@example.org,Malawi,2025-11-27,Standard,643.24
1645,Angela Ryan,morganamanda@example.com,Eritrea,2023-04-10,Premium,591.42
1646,Christopher Patterson,donaldtyler@example.net,North Macedonia,2022-01-22,Basic,58.91
1647,Jeremy Henderson,rojasmarc@example.org,Pitcairn Islands,2022-12-29,Standard,396.46
1648,Amanda Cannon,rowehannah@example.net,Antarctica (the territory South of 60 deg S),2022-01-11,Standard,715.07
1649,Patrick Walsh,millerjames@example.org,Kazakhstan,2025-07-13,Basic,124.12
1650,Jacqueline Cobb,ballvanessa@example.com,Hong Kong,2024-12-22,Standard,338.30
1651,Kathy Roberts,jose18@example.org,Netherlands Antilles,2024-12-14,Standard,433.05
1652,Donna Boyd,hernandezmadison@example.com,Macao,2024-09-20,Standard,269.93
1653,James Williams,cmcdonald@example.net,Australia,2021-08-17,Basic,177.52
1654,David Reed,richardhart@example.org,Isle of Man,2022-05-11,Standard,432.92
1655,Darren Morris,diazlorraine@example.net,Honduras,2025-04-05,Basic,75.05
1656,Amanda Harrison,aclark@example.net,Togo,2024-09-07,Standard,313.83
1657,Henry Lutz,davidbrown@example.org,Vanuatu,2022-03-23,Basic,259.77
1658,Ruben Martinez,greenjessica@example.net,Christmas Island,2024-05-08,Standard,259.00
1659,Spencer Wright,nicholasgallagher@example.net,Oman,2021-12-07,Standard,616.56
1660,Christopher Jones,smontgomery@example.net,Chile,2024-03-22,Standard,469.32
1661,Mary Parker,eric36@example.net,Bulgaria,2023-06-15,Standard,530.82
1662,Kelsey Lewis,susan41@example.com,Tunisia,2021-10-25,Standard,528.53
1663,Tony Welch,michaelchristensen@example.com,Tonga,2025-12-24,Basic,227.18
1664,Richard Griffith,matthew24@example.org,Tonga,2026-03-04,Standard,745.42
1665,Bradley Bennett,sconner@example.net,Morocco,2026-05-31,Standard,82.14
1666,Sydney Johnson,jessicarichardson@example.net,Qatar,2024-02-13,Premium,282.02
1667,William Rivera,stevendecker@example.org,Peru,2025-01-20,Standard,429.55
1668,Michael Brown,john33@example.com,Congo,2025-10-03,Standard,312.27
1669,Ethan Fletcher,zchandler@example.org,Sri Lanka,2022-02-14,Basic,130.68
1670,Kyle Fox,stephenscatherine@example.org,Dominican Republic,2024-07-30,Premium,1150.55
1671,Christina Robinson,oschneider@example.org,Turkmenistan,2023-08-24,Premium,1110.77
1672,Billy Miller,uchang@example.com,Bhutan,2023-12-03,Basic,118.06
1673,Jennifer Tran,smithjack@example.org,Sudan,2021-10-04,Standard,157.21
1674,Richard Rodriguez,marywarren@example.org,Ecuador,2025-01-20,Basic,71.10
1675,Mark Jimenez,mackenzie91@example.net,United States of America,2023-09-10,Standard,328.77
1676,Marc Lewis,chelsea52@example.org,Belarus,2023-03-03,Basic,273.25
1677,Bryce Fox,daniel43@example.org,Indonesia,2024-04-06,Basic,106.52
1678,Alexander Taylor,ulee@example.org,Western Sahara,2022-09-09,Premium,465.21
1679,Brittany Allen,matthew61@example.org,Equatorial Guinea,2026-04-14,Standard,520.82
1680,Shannon Carter,cshepard@example.com,Norfolk Island,2021-09-19,Premium,889.17
1681,Cynthia Walls,ygraham@example.net,Aruba,2024-03-17,Basic,316.97
1682,Paul Simmons,mcmillansherry@example.org,Mali,2026-01-14,Standard,525.62
1683,James Lawson,hughesgail@example.org,Gibraltar,2026-04-25,Basic,132.64
1684,Troy Saunders,priscilla50@example.com,Malawi,2024-05-13,Basic,139.82
1685,Brian Sims,jcoleman@example.net,United Kingdom,2022-04-29,Premium,787.03
1686,Joseph Baker,wilsonkevin@example.net,Albania,2025-08-01,Basic,132.97
1687,Dr. Grace Young,ricklewis@example.net,Holy See (Vatican City State),2024-09-07,Basic,104.05
1688,Brian Wood,obrienbrandon@example.com,Mongolia,2024-07-08,Premium,1717.59
1689,Dylan Andrews,espinozashawn@example.com,Myanmar,2025-08-25,Standard,340.03
1690,Kyle Armstrong,kwang@example.com,Trinidad and Tobago,2025-07-08,Standard,148.19
1691,Juan Jacobs,hdavis@example.com,Cameroon,2024-04-15,Standard,366.10
1692,James Crane,dylancunningham@example.com,Angola,2025-06-22,Standard,146.72
1693,Laura Sparks,stephaniezamora@example.org,Colombia,2025-10-23,Standard,249.82
1694,Courtney Deleon,jpowell@example.org,Ireland,2024-09-21,Premium,285.90
1695,Justin Moore,bryantrobert@example.org,Norway,2023-10-28,Basic,319.81
1696,Emily Hahn,abigailrobinson@example.net,Panama,2024-08-16,Premium,958.88
1697,David Dodson,dianehoffman@example.org,Taiwan,2025-09-15,Standard,75.59
1698,Aaron Cooper,hclay@example.org,United Arab Emirates,2025-02-02,Premium,790.01
1699,Gloria Dunn,richardhines@example.net,Philippines,2022-05-06,Standard,297.64
1700,Anna Pierce,ocooper@example.org,Uzbekistan,2025-10-04,Standard,77.50
1701,John Simmons,katieaguirre@example.com,Montserrat,2023-04-19,Basic,317.56
1702,Barbara Bridges,raymond23@example.net,South Africa,2025-06-24,Standard,347.64
1703,Denise Nolan,wallfrank@example.org,Afghanistan,2021-08-23,Basic,332.42
1704,Jessica Myers,dbrown@example.org,Syrian Arab Republic,2026-07-06,Premium,530.71
1705,Dale Miller,lisarogers@example.org,Australia,2026-05-05,Standard,540.25
1706,Anthony Wong,cartercatherine@example.net,Gibraltar,2021-11-19,Basic,83.63
1707,Christopher Soto,monicaavery@example.net,Isle of Man,2024-09-30,Standard,744.33
1708,Jacob Walsh,andre77@example.com,Netherlands Antilles,2023-01-08,Standard,279.41
1709,Miguel Cole,jessicahines@example.com,Paraguay,2022-04-06,Premium,1745.30
1710,Alec Lindsey,ehardy@example.com,Uzbekistan,2021-11-07,Standard,321.61
1711,Michael Guzman,andrew88@example.com,Bangladesh,2026-06-19,Basic,162.42
1712,Jesse Davis,stephanieedwards@example.net,Venezuela,2022-06-20,Basic,313.76
1713,Tyler Rodriguez,marshalljamie@example.org,Philippines,2022-02-13,Standard,212.11
1714,April Rodriguez,gyoung@example.net,Ghana,2022-04-10,Standard,728.07
1715,Kenneth Cooper Jr.,sethvance@example.net,French Polynesia,2023-02-24,Standard,276.74
1716,Molly Jackson,brandon64@example.net,Aruba,2026-06-24,Standard,147.07
1717,Donald Cooley,shannonfleming@example.org,Indonesia,2023-12-19,Standard,403.39
1718,Charles Ford,kcontreras@example.org,Belarus,2021-09-06,Basic,197.67
1719,Brandon Vasquez,curtislee@example.net,Venezuela,2026-06-25,Standard,99.10
1720,Joshua Navarro,rmueller@example.net,Kazakhstan,2022-10-13,Premium,1744.30
1721,Ronald Baxter,nancycharles@example.org,Mayotte,2025-01-08,Standard,337.42
1722,Allen Perez,bmoyer@example.com,Solomon Islands,2025-02-16,Basic,271.63
1723,Mallory Powell,chavezisabel@example.com,Tokelau,2026-04-22,Standard,726.34
1724,Jared Chan,michellesmith@example.org,Honduras,2024-04-25,Basic,387.97
1725,Ryan White,mark21@example.com,Philippines,2025-12-24,Premium,709.37
1726,Richard Ryan,rgiles@example.com,Iraq,2024-06-17,Standard,561.68
1727,Kelly Carrillo,charlesduncan@example.com,Montenegro,2023-08-09,Standard,217.88
1728,Kristopher Williams,joe99@example.net,France,2025-07-13,Standard,428.11
1729,Tiffany Martinez,rosaleslauren@example.net,Puerto Rico,2025-04-06,Basic,353.27
1730,Kimberly Proctor,william42@example.com,Turkmenistan,2024-08-22,Standard,575.21
1731,Lisa Spencer,hollandjustin@example.com,Niue,2024-05-04,Standard,123.62
1732,Robert Durham,ldavis@example.org,Ukraine,2024-05-01,Basic,216.00
1733,John Ryan,anthonygilbert@example.com,Hong Kong,2025-07-07,Premium,1603.81
1734,Amy Burton,isimpson@example.com,Hungary,2024-04-28,Standard,238.81
1735,Laura Kim,jhiggins@example.org,Ghana,2024-03-11,Standard,84.70
1736,Zachary Johnson,erin06@example.net,Colombia,2025-01-09,Standard,685.65
1737,Jackie Dominguez,alvaradomindy@example.com,Hong Kong,2025-04-02,Basic,75.03
1738,Jesus Johnson,jacksonrachel@example.org,Slovakia (Slovak Republic),2025-05-06,Standard,638.86
1739,Debra White,zmurray@example.org,Burundi,2023-05-18,Premium,1462.52
1740,Elizabeth Little,francesstevenson@example.com,Somalia,2023-07-28,Premium,1112.09
1741,Sharon Lee,petersonfrank@example.org,Poland,2025-01-06,Standard,117.60
1742,Joseph Morgan,vthompson@example.com,Chad,2026-06-16,Standard,302.71
1743,Tracy Walker,matthewfranklin@example.net,Heard Island and McDonald Islands,2022-02-14,Basic,305.65
1744,Teresa Rodriguez,bwood@example.net,Liechtenstein,2024-03-17,Standard,156.54
1745,Tiffany Hansen,bishopkatelyn@example.net,France,2025-09-27,Standard,443.47
1746,Cory Fuller,richpatricia@example.net,Belarus,2026-03-31,Standard,726.17
1747,John Washington,gonzalezmarissa@example.com,Mozambique,2022-10-17,Standard,105.77
1748,Angelica Diaz,uparker@example.com,Korea,2022-02-24,Standard,117.67
1749,Christina Robinson,michaelmercado@example.com,Lebanon,2025-04-02,Standard,586.35
1750,Anne Lindsey,cyork@example.org,Niger,2022-12-10,Standard,324.70
1751,Melissa Schneider,campbellkayla@example.org,Argentina,2025-06-30,Standard,239.46
1752,James Moreno,hortonalexandra@example.net,Bahamas,2024-08-21,Standard,165.03
1753,Norma Smith,david88@example.net,Togo,2025-06-13,Basic,267.59
1754,Steve Mcconnell,ubutler@example.net,Madagascar,2023-09-10,Standard,181.48
1755,Kimberly Ramirez,devonmccarthy@example.net,Guadeloupe,2026-07-13,Basic,69.06
1756,Diana Chen,yoconnell@example.com,Solomon Islands,2025-03-06,Premium,1633.67
1757,Cassandra Anderson,poncelisa@example.com,Grenada,2021-09-27,Basic,253.74
1758,Abigail Williams,lauriewatson@example.org,Namibia,2024-11-06,Standard,543.11
1759,Tyler Anderson,lloydmiranda@example.org,Cote d'Ivoire,2021-08-22,Basic,211.36
1760,Andrew Harris,lpeters@example.net,Bolivia,2023-01-12,Premium,400.36
1761,Joseph Jensen,twillis@example.com,Cambodia,2024-02-10,Standard,379.03
1762,Wanda Walker,ynolan@example.com,Saint Helena,2026-05-12,Standard,192.82
1763,Brittany Smith,meghan25@example.com,Cote d'Ivoire,2026-05-13,Standard,477.48
1764,Daniel Cervantes,mclaughlinjames@example.org,Brunei Darussalam,2022-08-12,Basic,260.34
1765,Ryan Smith,claire06@example.net,Algeria,2026-01-15,Premium,1476.71
1766,Jennifer Burns,jenniferford@example.org,Martinique,2022-06-09,Standard,357.68
1767,Joseph Miller,lthompson@example.com,Lesotho,2023-12-08,Standard,204.53
1768,William Hart,timothy62@example.net,Western Sahara,2021-10-10,Basic,391.64
1769,Brandon Velasquez,qreyes@example.net,Dominican Republic,2025-04-05,Standard,657.34
1770,Joshua White,phorne@example.com,China,2021-12-05,Basic,222.71
1771,Christina Cobb,sararios@example.org,Zimbabwe,2025-10-20,Standard,497.86
1772,Christopher Moore,joycekeith@example.org,Saint Martin,2023-10-01,Standard,110.82
1773,Scott Jones,joel82@example.org,Ukraine,2022-06-12,Premium,410.02
1774,Michaela Sanchez,lukecase@example.com,Israel,2022-03-23,Basic,368.13
1775,Julie Manning,zrobinson@example.com,French Guiana,2022-11-06,Standard,182.84
1776,Gary Grimes,ucarr@example.org,Cocos (Keeling) Islands,2026-01-30,Basic,59.45
1777,Sarah Aguilar,lopezgrant@example.org,Central African Republic,2021-11-21,Standard,216.47
1778,Steven Mcdonald,nhiggins@example.com,Russian Federation,2026-02-02,Standard,491.35
1779,Kevin Grant,davidjohnson@example.net,Sao Tome and Principe,2026-06-22,Basic,203.13
1780,Jackson Daniel,kelleyglen@example.org,Estonia,2025-06-02,Premium,257.62
1781,Robert Parks MD,nbailey@example.net,Saint Vincent and the Grenadines,2025-03-23,Standard,181.68
1782,Mary Howard,danafoster@example.org,South Georgia and the South Sandwich Islands,2025-10-20,Premium,985.97
1783,Yolanda Mack,andrespence@example.org,Uzbekistan,2023-07-21,Premium,545.60
1784,Kenneth Bauer,daniel15@example.org,Zimbabwe,2022-08-30,Standard,466.34
1785,Stephanie Dillon,maxwelldawn@example.org,Slovakia (Slovak Republic),2026-04-01,Standard,579.28
1786,Nicole Beck,turnertimothy@example.net,Trinidad and Tobago,2025-04-15,Basic,122.82
1787,Logan Gonzalez,rayvictoria@example.org,Cote d'Ivoire,2025-01-17,Premium,533.76
1788,Mr. Brian Sanders DDS,darrellmoore@example.net,Uzbekistan,2025-02-11,Standard,353.50
1789,John Keller,wilsonkelsey@example.net,Benin,2022-03-11,Standard,676.67
1790,Brian Gentry,martinezjennifer@example.com,Burkina Faso,2025-03-24,Premium,1096.52
1791,Tammy Wolf,jamesdean@example.net,Croatia,2021-10-18,Premium,861.49
1792,Jessica Rogers,guerrerostanley@example.net,Sudan,2023-02-13,Standard,486.37
1793,Brittany Glover,craigmitchell@example.net,Pitcairn Islands,2023-08-03,Standard,327.10
1794,Tammy Heath,tina29@example.com,Honduras,2022-04-04,Standard,206.05
1795,Leslie Haynes,virginia56@example.org,Sudan,2025-04-28,Standard,257.04
1796,Renee Lewis,david97@example.org,Singapore,2022-02-05,Standard,96.66
1797,Barbara Hill,jmcconnell@example.com,Mauritius,2023-06-12,Standard,264.41
1798,Thomas Lewis,greencharles@example.net,Slovakia (Slovak Republic),2022-05-24,Premium,908.22
1799,John Brown,coxfernando@example.org,Moldova,2024-02-02,Standard,588.23
1800,Kyle Brown,reynoldsmichelle@example.org,Isle of Man,2022-10-02,Standard,274.23
1801,Douglas Santos,petersonjose@example.org,Sweden,2026-01-03,Standard,611.33
1802,Adrienne Haynes,antonio01@example.org,Nicaragua,2023-06-06,Basic,366.01
1803,Tina Elliott,yrichardson@example.com,Nigeria,2021-12-08,Standard,448.11
1804,Michael Bolton,justin23@example.com,Lesotho,2025-10-27,Standard,352.89
1805,Robert Murray,rodriguezangela@example.org,South Georgia and the South Sandwich Islands,2025-07-13,Standard,656.98
1806,Daniel Shaffer,gspencer@example.com,Iran,2022-12-29,Standard,394.61
1807,Katherine Coleman,stephenszachary@example.net,Paraguay,2023-06-12,Standard,84.79
1808,Kevin Oneill,mccannjanet@example.com,Belize,2022-08-04,Standard,664.00
1809,Jesse Wright,vmarquez@example.org,Australia,2025-09-05,Standard,368.12
1810,Wayne Finley,zevans@example.com,China,2022-03-08,Standard,701.05
1811,Alan Graham,amanda85@example.com,Japan,2025-02-17,Basic,368.95
1812,Kathleen Harris,cookyvonne@example.org,New Caledonia,2023-08-17,Basic,190.40
1813,Tamara Gonzales,mary66@example.org,Belgium,2023-05-19,Premium,1736.26
1814,David Taylor,dsmith@example.com,Iraq,2023-09-08,Basic,221.52
1815,Vincent Sims,fischerlaura@example.org,Kiribati,2024-07-22,Standard,341.17
1816,Becky King,curryjose@example.org,Mayotte,2025-06-15,Basic,290.80
1817,Samantha Hart,audrey53@example.net,Russian Federation,2021-12-10,Premium,955.07
1818,Amanda Bishop,mortonkenneth@example.net,Swaziland,2024-02-05,Premium,1361.10
1819,Rachel Rice,pfowler@example.org,Congo,2023-12-06,Standard,349.47
1820,Bryan Perry,curtis61@example.org,Cuba,2024-01-15,Standard,316.92
1821,Karina Duncan,jesusthompson@example.com,Jordan,2022-07-12,Standard,749.29
1822,Tracy Santiago,brandi19@example.com,Sri Lanka,2021-09-07,Premium,1228.73
1823,Susan Martin,qcharles@example.org,Anguilla,2022-09-07,Standard,385.02
1824,Joe Strong,danieljenkins@example.org,Panama,2024-12-09,Standard,468.97
1825,Robert Burton,atkinsonrachel@example.net,Western Sahara,2026-06-25,Basic,206.95
1826,Jacob Miles,hlester@example.org,Kenya,2026-06-05,Premium,1282.44
1827,Kimberly Garrett,sarah80@example.org,Mayotte,2026-04-03,Standard,663.30
1828,Elizabeth Taylor,hayesnicole@example.com,Mali,2024-03-06,Standard,550.13
1829,Laura Alexander,samuel08@example.org,Bahamas,2025-09-03,Premium,1163.01
1830,Anthony Wells,lestrada@example.org,Hong Kong,2024-06-06,Standard,541.26
1831,Jamie Duran,villawilliam@example.com,Peru,2025-09-12,Standard,275.20
1832,Christopher Santiago,stevengoodwin@example.net,Western Sahara,2026-08-11,Basic,291.30
1833,Karen Reid,bradley53@example.net,British Indian Ocean Territory (Chagos Archipelago),2022-11-27,Standard,463.28
1834,Rachel Henderson,ronald78@example.net,Egypt,2022-07-01,Standard,537.15
1835,Steven Vazquez,mathewbennett@example.org,Slovakia (Slovak Republic),2026-04-08,Standard,301.59
1836,Shannon Hopkins,owhite@example.org,Turks and Caicos Islands,2024-08-20,Basic,225.31
1837,Mark Conley,preyes@example.net,Estonia,2026-04-17,Basic,171.04
1838,Derek Hunt,calvinsmith@example.net,Guadeloupe,2022-02-14,Premium,778.15
1839,William Kelly,margaretrussell@example.net,Mayotte,2022-03-28,Standard,102.59
1840,Laura Clarke,josephross@example.net,Macao,2022-10-02,Standard,512.52
1841,Jeffrey Mercer,wmendoza@example.net,Kenya,2024-08-15,Basic,241.87
1842,Alex Whitaker,evansjason@example.org,Namibia,2026-02-04,Basic,89.83
1843,Danielle Guerrero DVM,yolandamarks@example.net,Ireland,2022-02-25,Standard,439.25
1844,Nathan Kline,jacob30@example.com,Gibraltar,2024-05-24,Standard,572.73
1845,Gary Greer,kentmichael@example.com,Sao Tome and Principe,2023-02-14,Basic,353.61
1846,Caleb Davis,debra34@example.com,Antarctica (the territory South of 60 deg S),2025-07-21,Basic,311.14
1847,Ryan Harrison,vmosley@example.org,Sierra Leone,2024-03-11,Basic,155.37
1848,Linda Berry,paynestephanie@example.net,Afghanistan,2025-12-11,Basic,221.28
1849,Juan Davis,ramosrobert@example.org,Solomon Islands,2022-09-29,Standard,111.76
1850,Cody Foster,ivalentine@example.com,Nicaragua,2024-12-05,Standard,380.38
1851,Suzanne Hale,jhorton@example.com,Georgia,2026-04-07,Standard,634.95
1852,Erik Stafford,murphybrianna@example.com,Spain,2024-11-29,Standard,434.04
1853,Louis Bowen,brianmcdaniel@example.com,Guyana,2022-11-05,Basic,363.80
1854,Stacy Williams,joneschristian@example.net,Saint Lucia,2021-12-03,Standard,323.50
1855,Kimberly Wise,uclark@example.org,Isle of Man,2026-06-29,Standard,542.93
1856,Ariel Riley,nathan06@example.com,Albania,2021-11-09,Basic,357.93
1857,Marisa Turner,kennethmata@example.com,Christmas Island,2021-11-05,Standard,671.69
1858,Yvonne Fleming,kristen89@example.com,Jersey,2024-02-06,Premium,790.32
1859,Richard Baker,wilkinssarah@example.com,Jamaica,2025-12-09,Standard,721.82
1860,Jeremy Medina Jr.,tpatton@example.com,Cyprus,2022-07-29,Premium,434.51
1861,Lisa Coleman,melodywood@example.com,Turkey,2023-07-09,Premium,408.03
1862,Mark Townsend,jackie01@example.com,Norfolk Island,2023-04-14,Standard,212.87
1863,Crystal Brown,lmartin@example.org,China,2022-05-16,Basic,48.17
1864,Philip Hayes,ebenson@example.com,Iran,2022-04-14,Standard,535.62
1865,Austin Johnson,thompsonjenna@example.org,Bermuda,2023-06-23,Basic,210.61
1866,Kathy Frye,aholder@example.net,American Samoa,2022-02-25,Standard,572.95
1867,Vicki Olson,ifrey@example.org,Tunisia,2022-01-03,Premium,472.77
1868,Sonya Howard,galvanjoshua@example.org,Saint Barthelemy,2023-08-28,Premium,1438.13
1869,Christopher Burnett,thomasdaniel@example.org,Austria,2022-08-19,Basic,227.06
1870,Nicolas Wilkerson,jeremy59@example.net,Hungary,2025-12-11,Standard,465.63
1871,Julia Bell,miguelbaker@example.net,China,2023-02-28,Standard,606.11
1872,Justin Potter,natalie54@example.org,Antigua and Barbuda,2024-12-28,Standard,524.45
1873,Eric Richardson,jmorgan@example.org,Tanzania,2026-01-05,Standard,445.22
1874,Tony Moore,imitchell@example.net,Serbia,2025-04-18,Standard,457.89
1875,Melanie Oliver,hayesrachel@example.com,Serbia,2022-08-23,Basic,150.34
1876,Maria Gregory,tracyjohnson@example.net,Mauritania,2023-07-06,Basic,121.64
1877,Benjamin Wells,penabruce@example.org,New Caledonia,2025-07-14,Standard,269.50
1878,Samantha Scott,arthurlynch@example.org,Greece,2025-03-17,Basic,93.40
1879,Brianna Hanson,markperez@example.com,American Samoa,2021-10-16,Standard,720.44
1880,Melissa Walters,robertsonjennifer@example.com,Kazakhstan,2023-12-26,Standard,183.53
1881,Taylor Kirby,vanessa44@example.com,United States Virgin Islands,2024-12-18,Standard,198.04
1882,Dennis Brown,lorikoch@example.net,Bahrain,2023-12-28,Standard,552.98
1883,Joanna Mueller,smithgina@example.net,Paraguay,2023-03-20,Basic,326.00
1884,Barbara Herrera,morgan69@example.net,Mozambique,2023-09-28,Standard,153.92
1885,Kayla Moore,torrestricia@example.com,Mozambique,2025-02-16,Basic,246.83
1886,Ashley Franco,jonhall@example.org,Tokelau,2025-04-04,Standard,324.53
1887,Nicole James,gregory23@example.net,Pakistan,2022-09-29,Standard,552.32
1888,Joseph Allen,hernandezdaniel@example.net,Palestinian Territory,2024-05-12,Standard,735.17
1889,Thomas Moore,tonyaholmes@example.net,Uzbekistan,2021-11-10,Premium,881.28
1890,Tammy Jackson,williamsdaryl@example.org,Denmark,2022-06-29,Basic,232.11
1891,Arthur Boyd,hhamilton@example.org,United States of America,2021-10-05,Premium,214.26
1892,Linda Parrish,hespinoza@example.org,Mexico,2022-01-11,Basic,316.67
1893,Jake Robles,bryan38@example.com,Vanuatu,2023-03-18,Basic,374.01
1894,Tony Lawrence,hartmanjoshua@example.net,Norway,2022-04-21,Standard,729.85
1895,Jason Haas,marilyn10@example.org,Congo,2025-04-12,Standard,417.50
1896,Joyce Walton DVM,woodlisa@example.com,Zambia,2025-04-28,Standard,274.50
1897,Roy Rivera,grahamteresa@example.net,Iceland,2023-09-22,Basic,389.06
1898,Adam Holland,kerry11@example.net,Tajikistan,2026-01-27,Basic,397.86
1899,Victoria Smith,gweaver@example.com,Nicaragua,2025-09-14,Standard,614.71
1900,Debra Montgomery,millsalexis@example.net,Senegal,2022-08-02,Basic,372.03
1901,Dale Spencer,kferguson@example.net,Nigeria,2023-08-22,Standard,150.81
1902,Jimmy Smith,ambergrant@example.net,Ukraine,2024-10-15,Standard,102.05
1903,Joseph Fleming,eharrington@example.com,Antarctica (the territory South of 60 deg S),2023-06-20,Standard,153.89
1904,Catherine Chavez,hudsonpenny@example.org,Puerto Rico,2024-08-02,Premium,1147.60
1905,Tony Anderson,shawn89@example.net,Switzerland,2025-12-23,Standard,316.24
1906,Eric Miller,juareztina@example.net,Heard Island and McDonald Islands,2026-04-15,Standard,485.50
1907,Rachel Ward,teresa17@example.com,Korea,2023-01-25,Standard,430.34
1908,Paul Freeman,yguzman@example.org,Bhutan,2024-04-27,Basic,316.15
1909,Maria Thomas,franklinbrittany@example.org,Jordan,2022-12-11,Standard,131.42
1910,Larry Woods,colelisa@example.com,Saint Helena,2025-04-09,Basic,283.74
1911,Carlos Morrow,erin57@example.org,Ghana,2023-10-15,Basic,391.30
1912,April Lane,meganrichardson@example.org,Russian Federation,2024-06-26,Standard,406.06
1913,Amber Chen,sararoach@example.com,Falkland Islands (Malvinas),2026-05-14,Standard,420.30
1914,Daniel Taylor,gbraun@example.org,Uruguay,2024-05-31,Premium,1225.16
1915,Nathan Cobb,browntodd@example.net,Yemen,2026-03-05,Standard,558.28
1916,Candace Green,iallen@example.com,Barbados,2023-07-24,Standard,335.63
1917,Tammy Norton,adam10@example.com,Western Sahara,2024-06-04,Premium,718.25
1918,Tiffany Davis,theresa92@example.com,Turks and Caicos Islands,2025-08-25,Standard,375.76
1919,Miss Emily Simmons,manningjeremy@example.com,Austria,2025-09-19,Standard,220.59
1920,Andrew Ford,rwheeler@example.org,Albania,2026-05-26,Basic,306.95
1921,Michael Travis,wileyaudrey@example.com,Monaco,2025-03-03,Standard,373.69
1922,Crystal Brewer,jgutierrez@example.net,Croatia,2025-12-09,Standard,566.40
1923,Carlos Scott,amiranda@example.net,Benin,2026-05-30,Basic,302.30
1924,Kayla Thomas,tharris@example.net,Belize,2022-09-05,Standard,638.97
1925,Patricia Johnson,brandon58@example.net,New Zealand,2023-08-18,Standard,171.96
1926,Andrea Stafford,tarabowers@example.net,Guyana,2023-10-20,Standard,742.16
1927,Sierra Allen,robertbrown@example.com,Mayotte,2023-10-16,Standard,301.41
1928,Jo Chapman,veronicadavies@example.com,Venezuela,2024-04-28,Basic,252.64
1929,Eric Thompson,patrickjarvis@example.net,Thailand,2023-02-07,Standard,79.47
1930,Kimberly Rivera,griffinsean@example.com,Romania,2021-11-11,Standard,259.50
1931,Manuel Gomez,susan23@example.net,Cocos (Keeling) Islands,2025-04-05,Standard,386.93
1932,Andrew Giles,daniel74@example.net,Antarctica (the territory South of 60 deg S),2024-12-10,Standard,692.54
1933,Stacy Garcia,barajassteven@example.net,Wallis and Futuna,2023-07-21,Standard,636.79
1934,Melissa Thomas,janet76@example.org,Poland,2025-02-15,Standard,406.15
1935,Alexander Love,samantha54@example.net,Wallis and Futuna,2022-01-10,Basic,148.72
1936,Aaron Miller,iansantana@example.net,Guinea-Bissau,2025-12-22,Standard,408.52
1937,Christopher Butler,millerdaniel@example.org,Tokelau,2025-03-18,Basic,120.83
1938,Shawn Levy,scott95@example.org,Kazakhstan,2023-01-10,Basic,95.45
1939,Katherine Hubbard,meganford@example.net,Australia,2026-04-08,Standard,507.37
1940,Leslie Diaz,mcintyreelizabeth@example.org,Australia,2021-08-29,Standard,158.82
1941,Tyler Howell,kendra03@example.net,Ukraine,2024-07-04,Standard,269.19
1942,Gregory Pace,rosshunter@example.net,Senegal,2023-01-13,Standard,687.09
1943,Elijah Austin,mosesveronica@example.com,Turkmenistan,2024-09-09,Standard,94.20
1944,Toni Howard,reginaparks@example.com,Cameroon,2021-11-03,Basic,217.50
1945,Andrew Russell,khudson@example.org,Norway,2021-09-16,Basic,255.60
1946,Terri Stout,jonespaul@example.com,Lesotho,2022-12-05,Standard,399.33
1947,Stephanie Ferrell,heather23@example.net,Congo,2024-06-18,Standard,249.09
1948,Kevin Richmond,michelle00@example.com,Liechtenstein,2023-11-27,Standard,732.62
1949,Sarah Cook,robinsoncynthia@example.org,Barbados,2024-01-30,Basic,174.35
1950,Mrs. Beverly Myers,daniel84@example.org,Myanmar,2021-12-01,Basic,46.32
1951,Travis Park,jefferywalker@example.com,Togo,2022-02-02,Standard,467.62
1952,Richard Duncan,ccombs@example.com,Ecuador,2021-08-22,Premium,901.14
1953,Kimberly Mcintyre,john21@example.org,Hungary,2023-07-30,Standard,316.24
1954,Chad Pennington,peggy57@example.com,Saudi Arabia,2025-12-30,Premium,743.83
1955,Rachel Daniels,meredith21@example.org,Nauru,2025-04-19,Standard,719.73
1956,Emily Foster,stephanieallen@example.net,Spain,2026-01-09,Premium,634.37
1957,Stacey Thomas,michael21@example.com,Kyrgyz Republic,2026-07-13,Standard,126.86
1958,Melissa Martinez,zwilson@example.com,Tajikistan,2022-06-04,Standard,498.92
1959,Krista White,kgraves@example.org,Oman,2025-08-03,Basic,255.55
1960,Carolyn Gomez,boydrenee@example.net,Albania,2025-01-17,Standard,292.76
1961,Jessica Mejia,xlewis@example.com,Mexico,2024-05-13,Standard,645.37
1962,Shirley Carroll,evaughn@example.org,Romania,2025-01-24,Basic,137.73
1963,Jose Fletcher,sally78@example.net,Netherlands,2025-11-26,Standard,319.70
1964,William Franklin,williamperkins@example.org,Spain,2024-02-28,Standard,312.35
1965,Stephen Cline,cowandevin@example.net,Saudi Arabia,2023-12-31,Premium,390.70
1966,Christopher Lewis,amanda32@example.net,Yemen,2022-05-23,Standard,600.70
1967,Donald Freeman,diana28@example.net,Bouvet Island (Bouvetoya),2021-12-10,Standard,696.61
1968,Tina Ray,jacquelinenunez@example.net,Niue,2025-04-15,Standard,222.07
1969,Mark Irwin,sharon23@example.org,Bulgaria,2025-03-13,Standard,636.31
1970,Dr. Cameron Liu II,blakefrank@example.org,Macao,2022-01-29,Basic,241.12
1971,Anthony King,aaronjoyce@example.org,Guatemala,2025-03-10,Standard,717.93
1972,Taylor Gonzales,lkelly@example.org,New Zealand,2024-04-19,Basic,296.52
1973,Benjamin Johnson,vickidavis@example.net,Turks and Caicos Islands,2025-09-05,Basic,328.93
1974,Angela Evans,valenciaerik@example.net,Zimbabwe,2024-04-07,Standard,693.32
1975,Richard Baker,carl66@example.org,Canada,2024-06-13,Premium,381.69
1976,Christina Wilson,xgrant@example.com,Tajikistan,2026-06-18,Premium,723.43
1977,Troy Wiley,reyesjackie@example.org,Belize,2024-06-18,Standard,168.83
1978,Heidi Brown,kimberly44@example.net,Argentina,2023-10-26,Standard,741.62
1979,William Cohen,jenniferbradley@example.com,Algeria,2023-02-15,Standard,729.83
1980,Carol Lopez,paulhamilton@example.org,Benin,2023-02-02,Standard,280.66
1981,Daniel Jenkins,samantharodgers@example.net,Moldova,2025-02-02,Basic,82.69
1982,Christian Shelton,fergusontrevor@example.net,Zambia,2025-01-18,Premium,1268.43
1983,Marcus Russell,jennifersolomon@example.net,Belize,2024-11-26,Standard,282.51
1984,Jamie Walker,linda24@example.com,Colombia,2026-01-22,Standard,737.25
1985,Holly Young,joseharris@example.org,Sudan,2025-01-22,Standard,590.04
1986,Michael Diaz,xsullivan@example.net,Ethiopia,2023-06-18,Premium,204.62
1987,Nicholas Hendricks,victor76@example.net,Rwanda,2026-02-02,Standard,366.09
1988,Debra Ingram,stacey53@example.com,Heard Island and McDonald Islands,2024-06-08,Standard,97.14
1989,Denise Hughes PhD,erivers@example.com,Cote d'Ivoire,2026-02-22,Standard,475.39
1990,Christopher Mitchell,nicholsrebekah@example.net,Grenada,2026-03-29,Standard,688.26
1991,Sylvia Torres,briggsjacob@example.com,Nepal,2022-04-29,Premium,650.09
1992,Jacqueline James,megan21@example.org,American Samoa,2023-11-17,Premium,326.99
1993,Mrs. Isabel Love,bakerpaul@example.com,Austria,2026-08-08,Premium,1122.82
1994,Marie Silva,lauramoore@example.com,Svalbard & Jan Mayen Islands,2022-03-12,Standard,210.02
1995,Stacey Lewis,chavezrobert@example.net,Sierra Leone,2023-11-26,Standard,94.75
1996,Terry Mckee,fergusongina@example.org,Lithuania,2026-04-25,Premium,1350.26
1997,Tamara Thomas,millerjessica@example.com,Bermuda,2026-03-12,Standard,466.33
1998,Emily Clark,jocelyn26@example.net,South Georgia and the South Sandwich Islands,2023-12-01,Standard,652.22
1999,Michael Zamora,fwilliams@example.org,Norway,2026-06-09,Basic,260.66
2000,Taylor Rhodes,vhogan@example.org,Cyprus,2026-02-20,Standard,121.13
2001,Carlos Jordan,richard37@example.org,Bouvet Island (Bouvetoya),2023-01-03,Basic,314.77
2002,Ronald Buckley,lisa78@example.org,Anguilla,2026-04-02,Standard,558.17
2003,Matthew Barrett,johnsonsamantha@example.com,Togo,2025-01-09,Basic,101.84
2004,Ana Lopez,mbates@example.org,Jamaica,2021-09-29,Basic,41.56
2005,Walter Schwartz,hammondjeff@example.com,Marshall Islands,2025-08-23,Basic,372.72
2006,Kathleen Martin,gonzalezjames@example.net,Guatemala,2023-05-15,Basic,346.47
2007,Reginald Thompson,burkejacob@example.net,Norfolk Island,2025-11-22,Standard,546.24
2008,Hailey Ball,margaret33@example.org,Chile,2022-05-14,Standard,529.63
2009,Robin Perez,patriciamorrison@example.org,Afghanistan,2023-01-18,Premium,1489.72
2010,Melissa Clayton,kimberlyperez@example.org,Jamaica,2023-09-30,Basic,192.67
2011,Valerie Harrison,solomonandrea@example.com,Aruba,2024-03-03,Standard,350.12
2012,Jonathan Moyer,mariagonzalez@example.org,Bolivia,2021-09-06,Basic,153.14
2013,James Gomez,patriciagrant@example.net,Norfolk Island,2026-06-04,Standard,425.82
2014,Tracey Vasquez,wleblanc@example.com,Martinique,2025-11-29,Standard,318.84
2015,Karen Nguyen,david33@example.net,Cape Verde,2022-04-27,Standard,562.44
2016,Michael Smith,websterkelly@example.org,Guatemala,2024-05-31,Premium,952.60
2017,Natalie Moore,gregorymullen@example.com,Azerbaijan,2023-07-01,Standard,383.44
2018,Lisa Kaiser,nathanwilliams@example.com,Ecuador,2025-10-12,Basic,287.34
2019,Miranda Lin,carlholland@example.net,Azerbaijan,2022-12-21,Basic,121.31
2020,Katherine Garcia,adamcaldwell@example.org,Togo,2024-05-29,Standard,739.85
2021,Bryan Hoffman,alexanderkeller@example.org,Singapore,2023-07-17,Standard,653.32
2022,Anthony Mueller,uperez@example.com,Palestinian Territory,2023-06-10,Basic,328.88
2023,Nicholas Gibbs,wardjohn@example.org,South Georgia and the South Sandwich Islands,2022-06-26,Basic,172.28
2024,Andrea Miller,charles95@example.com,Japan,2022-12-21,Premium,1236.80
2025,Meagan Johnston,nvargas@example.net,Gibraltar,2023-11-13,Standard,342.55
2026,Robert Brown PhD,andrewjackson@example.org,Papua New Guinea,2021-09-08,Standard,531.65
2027,Marissa Davis,hernandezcharles@example.org,Montserrat,2022-10-31,Premium,796.83
2028,Susan Oliver,ppatel@example.com,Iraq,2021-10-17,Standard,734.86
2029,Karen Jones,ehenry@example.org,Belgium,2025-08-08,Basic,361.27
2030,Mrs. Jessica Price,stevensmatthew@example.net,Marshall Islands,2024-04-15,Standard,320.50
2031,Joshua Gomez,sheliacohen@example.net,Puerto Rico,2023-02-27,Standard,210.18
2032,Brandon Carrillo,kyle08@example.net,Saint Kitts and Nevis,2025-07-17,Basic,185.54
2033,Catherine Martinez,moorebrenda@example.com,Tajikistan,2021-09-23,Standard,361.68
2034,Robert Nelson,anna74@example.com,Albania,2025-03-02,Standard,591.25
2035,Jason Hoffman,itorres@example.net,Serbia,2023-10-16,Basic,253.71
2036,Kenneth Watkins,nicole16@example.org,Hungary,2026-01-24,Basic,328.35
2037,William Scott,antonio63@example.com,Germany,2025-02-09,Basic,168.20
2038,Andrew Stevenson,annette92@example.com,Kazakhstan,2022-01-03,Standard,716.34
2039,Krystal Howard,nwalker@example.org,Puerto Rico,2023-06-20,Basic,224.11
2040,Adam Richardson,martinevan@example.com,Peru,2022-08-24,Premium,891.05
2041,William Castaneda,sabrina98@example.net,Serbia,2023-04-16,Premium,945.71
2042,Thomas Gutierrez,vwright@example.com,Tunisia,2026-02-13,Standard,711.12
2043,Nichole Parker,kristen49@example.org,Indonesia,2024-06-17,Premium,1337.03
2044,Dana Lawson,joshua74@example.org,Morocco,2026-01-07,Basic,219.33
2045,Deborah Fox,dustinwilliams@example.com,Macao,2023-09-18,Premium,457.08
2046,Karen Mcconnell,cory21@example.org,Uganda,2025-05-31,Standard,295.70
2047,Antonio Thompson,egill@example.com,Gabon,2026-02-09,Standard,495.68
2048,Cheryl Mccoy,ewood@example.net,Bulgaria,2025-11-28,Basic,277.99
2049,David Williams,ashley46@example.org,Cameroon,2025-03-25,Standard,407.23
2050,Anthony Johnson,daniel13@example.net,Tonga,2023-12-03,Standard,273.15
2051,Sharon Rice,jmaynard@example.com,Sri Lanka,2022-01-03,Standard,415.74
2052,Colleen Jones,angela34@example.net,Greece,2023-08-06,Standard,621.40
2053,Benjamin Michael,brandon34@example.org,Comoros,2025-10-04,Standard,86.93
2054,Michael Taylor,jamesellis@example.org,Estonia,2023-08-24,Basic,396.66
2055,Alicia Hall,aklein@example.net,Saint Vincent and the Grenadines,2025-01-29,Basic,82.89
2056,Jennifer Underwood,johnsonlacey@example.net,Germany,2025-03-02,Standard,650.69
2057,Laura Ramirez,hernandezlinda@example.org,Oman,2024-12-04,Standard,99.29
2058,Dr. Austin Baker,turnermckenzie@example.org,Cape Verde,2022-10-03,Standard,520.10
2059,Sandra Valentine,fernandohansen@example.com,Jamaica,2023-07-27,Basic,358.49
2060,Paul Blair,jamesanderson@example.org,Nigeria,2025-07-31,Standard,365.71
2061,Alan Rivera,lewisnatalie@example.org,Angola,2022-09-16,Standard,337.63
2062,John Jones,santiagoronald@example.com,Haiti,2026-04-12,Basic,244.79
2063,Scott Thomas,wlynch@example.com,Egypt,2026-02-08,Standard,448.80
2064,Donald Wood,millerrebecca@example.org,Saint Pierre and Miquelon,2024-07-09,Standard,392.13
2065,Rose Jackson,robinsonjennifer@example.org,Aruba,2022-04-01,Standard,180.51
2066,Barry Stanton,davisjennifer@example.org,Panama,2025-08-07,Premium,589.84
2067,Stanley Brown,qhendricks@example.net,Turks and Caicos Islands,2024-05-06,Standard,330.01
2068,Tina Decker,smay@example.com,Gibraltar,2025-09-26,Standard,592.37
2069,Marcus Collier,sarawilliams@example.com,Northern Mariana Islands,2024-04-27,Standard,116.46
2070,Tami Moore,vfuller@example.net,Tunisia,2026-04-09,Standard,161.53
2071,Eugene Williams,paul84@example.net,Equatorial Guinea,2026-03-10,Standard,621.45
2072,Brittany Wright,courtneyhayes@example.org,South Africa,2022-07-18,Standard,591.51
2073,Brady Williams,cchurch@example.org,Qatar,2023-05-07,Standard,331.89
2074,Jennifer Hull,caldwellpatricia@example.org,Korea,2025-11-21,Standard,744.56
2075,Kari Steele,carmengomez@example.net,Niger,2024-09-12,Standard,113.10
2076,Cassandra Flores,snydergerald@example.org,United Kingdom,2024-01-28,Standard,233.37
2077,David Robinson,bwhite@example.com,Togo,2023-01-22,Standard,132.34
2078,James Bennett,gina49@example.net,Hong Kong,2025-11-11,Standard,661.53
2079,Cory Fitzgerald,jamesroberts@example.com,Kenya,2025-12-31,Premium,442.40
2080,Elizabeth Pittman,lromero@example.com,American Samoa,2022-12-20,Standard,100.23
2081,Christopher Dalton,rcannon@example.com,Barbados,2024-09-03,Standard,360.17
2082,Chelsey Maldonado,sscott@example.org,Indonesia,2023-10-01,Standard,359.29
2083,Caitlin Rich,robert42@example.com,Uruguay,2024-02-07,Premium,914.78
2084,Christopher Barr,andresmiller@example.com,Guernsey,2024-04-29,Premium,673.51
2085,Larry Johnson,ashley22@example.net,France,2022-03-13,Standard,292.63
2086,Sean Hickman,jrobinson@example.net,Ghana,2023-03-11,Premium,944.16
2087,Lauren Hall,stevencortez@example.org,Oman,2023-08-28,Standard,213.99
2088,Miranda Beck,bradbennett@example.com,Panama,2022-11-28,Standard,622.73
2089,Maria Arnold,leejennifer@example.org,Palau,2024-04-21,Standard,187.47
2090,Amanda Berry,janetmoore@example.net,Belize,2022-06-30,Standard,729.36
2091,Travis Thompson,watsonkenneth@example.net,United States Minor Outlying Islands,2026-01-12,Standard,503.92
2092,Kimberly Kane,znichols@example.com,Uganda,2021-08-27,Basic,67.12
2093,Ashley Murphy,pricevanessa@example.org,Taiwan,2025-10-18,Basic,117.07
2094,Robert Thompson,hramos@example.com,Ecuador,2025-10-09,Standard,275.69
2095,Patty Moyer,zcampbell@example.net,Georgia,2025-06-28,Standard,618.11
2096,Jeffrey Anderson,donna19@example.org,Saint Barthelemy,2026-04-07,Standard,721.61
2097,Cassidy Lee,torrescaleb@example.com,Central African Republic,2024-09-02,Basic,248.15
2098,Rebecca Rodriguez,kpace@example.net,Tonga,2022-03-04,Standard,259.52
2099,Lucas Hernandez,mchapman@example.net,Fiji,2024-06-28,Standard,433.47
2100,Marissa Palmer,danieldunn@example.org,Cyprus,2025-12-27,Standard,309.44
2101,Alex Watts,jasminbrown@example.com,Vietnam,2022-08-06,Premium,1472.39
2102,George Stephens,moniquesmith@example.net,Aruba,2023-03-31,Standard,277.44
2103,David Moreno,andreasmith@example.com,Micronesia,2025-01-22,Standard,286.51
2104,Sarah Gilbert,brownraymond@example.net,Jersey,2022-06-07,Standard,244.60
2105,Jeffrey Sanchez,gregorypeters@example.org,Turkmenistan,2025-12-22,Standard,528.30
2106,Janice Clarke,jasonwebb@example.net,Belize,2024-02-21,Standard,669.61
2107,Sophia Richmond,dthompson@example.org,Egypt,2023-10-14,Standard,423.45
2108,Richard Smith,leeelizabeth@example.org,Cook Islands,2026-02-11,Standard,411.96
2109,Brittany Nunez,michaellopez@example.net,Netherlands Antilles,2025-04-03,Standard,631.14
2110,John Erickson,sullivanpaula@example.com,Hungary,2022-02-01,Basic,136.46
2111,Perry Cummings,adamnolan@example.net,Mali,2022-02-11,Standard,621.03
2112,Deborah Townsend,stuartwallace@example.com,Brazil,2023-12-01,Basic,366.46
2113,Ashley Booker,iriley@example.net,Egypt,2024-04-26,Basic,301.58
2114,Matthew Thompson,ewinglynn@example.org,Reunion,2023-07-26,Premium,491.02
2115,Troy Ross,ngallagher@example.com,Morocco,2025-10-05,Standard,237.25
2116,Jerome Parker,matthewwalker@example.com,Paraguay,2023-10-16,Basic,315.59
2117,Pamela Rojas,bethfranklin@example.com,Ethiopia,2024-10-01,Basic,187.69
2118,Luis Henderson,bryan79@example.net,Indonesia,2024-01-14,Basic,368.01
2119,Kristen Larson,gina74@example.net,Guinea,2025-01-15,Standard,646.03
2120,Diane Hill,leahpham@example.com,Bouvet Island (Bouvetoya),2023-09-01,Standard,268.76
2121,Ryan Stone,jamie98@example.net,Botswana,2026-08-07,Standard,538.63
2122,Kevin Johnson,leslie92@example.net,Northern Mariana Islands,2024-03-09,Standard,235.98
2123,Adam Hanna,houstonvalerie@example.org,Iran,2022-04-23,Premium,218.63
2124,James Roberts,smithamy@example.com,Martinique,2025-10-12,Basic,151.79
2125,Brian Walker,nancyballard@example.com,Liberia,2023-02-20,Standard,744.12
2126,Kristen Montgomery,vgreen@example.org,Micronesia,2023-05-09,Standard,686.32
2127,Mrs. Brittany Choi,rose00@example.org,Aruba,2025-01-04,Standard,259.08
2128,Olivia Powell,deanna05@example.com,French Guiana,2022-02-05,Premium,1418.73
2129,Keith Petersen,ryan90@example.net,Senegal,2024-01-05,Standard,446.73
2130,Alicia Wilson,pmartin@example.org,Antarctica (the territory South of 60 deg S),2022-03-06,Standard,103.51
2131,Jessica Oneal,williamsjoseph@example.com,Gabon,2026-05-13,Basic,321.60
2132,Kyle Hurley,qwebb@example.com,Zimbabwe,2023-09-21,Premium,1587.00
2133,Jennifer Rangel,kevinjohnson@example.org,Solomon Islands,2025-07-03,Standard,276.14
2134,Thomas Carr,ibrennan@example.com,Venezuela,2023-09-28,Premium,1679.26
2135,Todd White,riverajason@example.net,Oman,2024-11-29,Basic,281.80
2136,Allen Porter,tlester@example.net,France,2025-01-14,Basic,182.88
2137,Kyle Burke,george38@example.org,Germany,2021-08-23,Basic,343.39
2138,Tracy Roberts,jeffery29@example.org,Afghanistan,2025-04-26,Standard,460.41
2139,Matthew Potts,noblekimberly@example.org,Uzbekistan,2025-07-04,Standard,156.43
2140,Wayne Simpson,ibarton@example.net,Mayotte,2025-04-09,Standard,466.78
2141,Kristi Joseph,angela22@example.net,Paraguay,2023-02-20,Basic,229.09
2142,Hannah Marquez,craig18@example.com,Liechtenstein,2023-06-15,Standard,135.92
2143,Austin Rogers,ricedana@example.com,Gambia,2024-08-10,Standard,596.90
2144,Jesse Adams,kathyfowler@example.com,Sierra Leone,2022-04-26,Standard,636.83
2145,Joseph Paul,daniel71@example.com,Mozambique,2023-02-11,Basic,330.10
2146,Laura Gonzalez,melanie93@example.org,Grenada,2022-10-08,Basic,376.78
2147,Amanda Lee,robertrusso@example.org,Portugal,2022-08-14,Standard,147.10
2148,Kelly Burke,ronaldjohnson@example.com,Madagascar,2024-04-15,Standard,260.32
2149,Thomas Jones,timothyalvarez@example.org,France,2025-10-01,Standard,657.46
2150,Eugene Brown,davidholt@example.com,Greece,2025-10-09,Premium,1015.22
2151,Garrett Perez,garciaanne@example.org,Guinea-Bissau,2023-09-27,Standard,151.25
2152,Eduardo Booth,emiller@example.com,Samoa,2023-07-05,Standard,395.53
2153,Robert Chapman,benitezjeffrey@example.com,Burkina Faso,2024-07-20,Standard,262.47
2154,Stacy Soto,norrisdaniel@example.net,Nepal,2024-05-20,Basic,92.17
2155,Kenneth Schmidt,marissasutton@example.com,Central African Republic,2022-02-01,Standard,323.22
2156,Kristopher Alvarado,rebecca24@example.com,Falkland Islands (Malvinas),2025-04-17,Standard,510.64
2157,Kellie Harvey,caguilar@example.org,Monaco,2026-03-03,Basic,52.53
2158,Reginald Henry,karen28@example.net,Bouvet Island (Bouvetoya),2025-10-29,Basic,327.62
2159,Charles Alexander,msimon@example.net,Ukraine,2024-12-04,Premium,1620.00
2160,Angela Taylor,daniellesolomon@example.com,United Arab Emirates,2022-01-08,Standard,245.76
2161,Garrett Carpenter,ruth45@example.org,Somalia,2022-12-10,Standard,506.29
2162,Jessica Hodges,alexandramyers@example.net,Bosnia and Herzegovina,2022-01-10,Basic,365.14
2163,Margaret Clark,karen81@example.org,Morocco,2022-11-04,Standard,436.06
2164,Mrs. Kimberly Hill,barbara09@example.net,United States Virgin Islands,2025-12-12,Standard,373.62
2165,Laura Singleton,griffinbarbara@example.com,Germany,2022-05-09,Premium,1688.18
2166,Tammy Richards,madelinebrooks@example.net,Switzerland,2024-11-24,Basic,370.45
2167,Kimberly Smith,awoodward@example.net,Ghana,2022-08-03,Standard,707.02
2168,Alicia Garner,johnstonkristin@example.org,Algeria,2022-11-09,Basic,147.07
2169,Beth Berry,pparker@example.com,Guernsey,2022-03-21,Basic,97.68
2170,Amanda Brown,margaret18@example.net,British Virgin Islands,2021-10-29,Standard,289.10
2171,Shawn Evans,eclark@example.com,Venezuela,2025-02-05,Basic,271.99
2172,Kathleen Gray,ctaylor@example.org,Cuba,2025-01-24,Basic,138.65
2173,Linda Carroll,michaellindsey@example.org,Romania,2021-08-24,Premium,1402.64
2174,Frank Russo,odavis@example.com,Korea,2024-12-10,Standard,572.44
2175,George Cruz,fallen@example.net,Colombia,2023-05-26,Basic,159.78
2176,Ashley James,philipshelton@example.org,Palestinian Territory,2022-04-13,Standard,695.02
2177,Cynthia Tucker,kjohnson@example.net,Nepal,2023-09-21,Premium,427.54
2178,Jamie Smith,kennethboyd@example.com,Sri Lanka,2022-11-20,Standard,119.80
2179,Michael Gutierrez,barrycindy@example.net,Kyrgyz Republic,2026-05-29,Standard,567.23
2180,Steven Cook,robert40@example.com,British Virgin Islands,2021-10-19,Standard,295.57
2181,Kimberly Taylor,alanthomas@example.com,Cote d'Ivoire,2023-09-22,Standard,589.33
2182,Katrina Garcia,erica71@example.net,Saudi Arabia,2024-07-04,Standard,199.02
2183,Rebecca House,candrews@example.com,Lithuania,2023-08-16,Standard,507.74
2184,Shannon Hopkins,hudsonglen@example.net,Serbia,2025-11-26,Premium,490.12
2185,Katrina Hubbard,karen51@example.net,Dominica,2025-10-08,Standard,463.67
2186,Kimberly Orozco,meghanmartinez@example.com,Tuvalu,2022-08-06,Premium,568.13
2187,Jessica Tran,mccormickkatherine@example.com,Singapore,2025-03-20,Basic,316.34
2188,Christina Valentine,hunterjamie@example.com,Kenya,2024-11-15,Standard,162.81
2189,Jose Oconnor,richardjuarez@example.com,American Samoa,2025-10-05,Standard,351.96
2190,Mitchell Jacobs,mcmahonmichael@example.net,Sweden,2024-10-18,Basic,202.54
2191,Alexander Gardner,qanderson@example.org,Armenia,2026-03-26,Basic,88.06
2192,Ryan Huffman,patriciacarr@example.net,Palau,2023-05-24,Standard,475.29
2193,Adam Chang,smithjasmine@example.com,Portugal,2024-07-27,Standard,265.21
2194,Ariana Lewis,nathan38@example.net,Belarus,2021-11-28,Premium,753.97
2195,Mr. Brett Walters,douglashill@example.com,Antarctica (the territory South of 60 deg S),2024-07-20,Standard,329.69
2196,Karen Garner,michelle96@example.org,Cocos (Keeling) Islands,2022-07-02,Basic,245.34
2197,Jon Evans,jacobsmith@example.net,Oman,2024-12-24,Premium,211.18
2198,Brett Ferguson,johnsonkevin@example.net,Jersey,2022-02-09,Standard,488.10
2199,Anthony Smith,pwest@example.org,Azerbaijan,2026-04-14,Standard,135.06
2200,Andrew Wheeler,peterlang@example.net,Burkina Faso,2021-12-18,Standard,251.70
2201,Jason Stephens,smithsteven@example.net,Germany,2021-10-05,Basic,57.92
2202,David Cook,johnsonsteven@example.net,Kyrgyz Republic,2022-01-22,Standard,480.27
2203,Amanda Hayes,claytonharris@example.com,Mongolia,2021-10-26,Premium,1683.90
2204,Stacey Rios,hthomas@example.org,Spain,2025-09-24,Standard,457.89
2205,Thomas Ayala,fsparks@example.org,Montenegro,2022-06-13,Premium,1003.19
2206,Tracey Wells,gibsonkirk@example.com,Austria,2026-07-13,Basic,374.18
2207,Darius Turner,isaiahthomas@example.net,Indonesia,2021-09-09,Basic,217.89
2208,Daniel Matthews,thomasjessica@example.net,Saint Lucia,2021-09-12,Standard,212.12
2209,Patrick Griffin,yware@example.net,Angola,2022-08-27,Basic,332.83
2210,Martin Gomez,walkerdavid@example.com,Belgium,2024-11-14,Standard,578.85
2211,Elizabeth Grant,josephcooper@example.net,Guinea-Bissau,2024-07-14,Standard,366.13
2212,James Anderson,andrewsdaniel@example.net,Mozambique,2026-03-23,Standard,220.51
2213,Robert Fernandez,sholder@example.com,Saint Martin,2024-08-24,Basic,301.61
2214,Jennifer Mendoza,gmoody@example.net,Italy,2022-03-31,Standard,196.75
2215,Zachary Velez,larry40@example.net,San Marino,2022-10-07,Basic,50.36
2216,Kristin Davis,armstrongtravis@example.net,Tanzania,2024-06-13,Basic,124.77
2217,Eric Williams,philliphayden@example.net,Brunei Darussalam,2025-10-12,Standard,242.61
2218,Veronica Ramirez,william47@example.org,Madagascar,2022-05-27,Standard,511.88
2219,Vincent Ortiz,ryan20@example.org,Bahrain,2026-08-09,Premium,913.49
2220,Nicholas Parks,michellehoward@example.com,Afghanistan,2026-01-03,Basic,390.78
2221,April Smith,swright@example.net,Rwanda,2026-08-02,Standard,218.25
2222,Kirk Salazar,blackashley@example.net,Bermuda,2022-03-21,Standard,360.72
2223,Robert Johnson,cruzkaren@example.net,Canada,2025-09-18,Standard,124.31
2224,Johnny Peck,nsingh@example.org,Iceland,2021-08-28,Standard,110.18
2225,Gabrielle Daniels,bendermichelle@example.net,Jamaica,2024-01-06,Basic,209.54
2226,David Williams,gabrielle36@example.org,Tuvalu,2022-02-04,Standard,484.30
2227,Tiffany Miller,millschristopher@example.org,Panama,2024-08-19,Standard,616.52
2228,Melissa Rivera,katherinemccarty@example.com,Canada,2026-06-24,Basic,331.55
2229,David Abbott,jonesjames@example.org,Fiji,2023-09-05,Premium,969.65
2230,Frank Harding,justin46@example.com,Kenya,2022-05-09,Standard,734.83
2231,Anthony Taylor,patrickjasmine@example.net,United States Minor Outlying Islands,2022-01-26,Standard,164.26
2232,Tammie Delgado,xcarlson@example.com,Afghanistan,2022-05-11,Basic,54.80
2233,Brenda Schmidt,crawfordhaley@example.org,Lao People's Democratic Republic,2022-10-01,Standard,189.66
2234,Mandy Lee,ernest35@example.com,Andorra,2021-08-27,Standard,303.94
2235,Manuel Riddle,andrearivera@example.net,Brazil,2025-01-17,Standard,135.51
2236,Lori Hartman,michael04@example.net,Tonga,2026-01-28,Basic,195.85
2237,Andres Marshall,jefferybaker@example.com,Anguilla,2021-11-18,Standard,286.46
2238,David Thomas,johnsonjennifer@example.net,United States of America,2022-06-29,Basic,219.72
2239,Mrs. Nancy Schaefer,fjones@example.org,Antarctica (the territory South of 60 deg S),2024-11-20,Basic,141.16
2240,Joseph Brooks,bmoss@example.com,Czech Republic,2026-05-24,Standard,365.31
2241,Monica Beltran,larry04@example.net,Christmas Island,2026-01-31,Basic,134.76
2242,Jennifer Robinson,patrick01@example.net,Benin,2023-04-12,Basic,373.62
2243,Jonathan Paul,tamaraparker@example.org,Eritrea,2022-10-15,Standard,369.15
2244,Jennifer Henry,knichols@example.com,Saudi Arabia,2022-02-13,Standard,572.39
2245,Samantha Barnett,philliphatfield@example.net,India,2025-11-07,Standard,716.28
2246,Jasmine Bell,icisneros@example.com,Belarus,2026-05-25,Standard,697.93
2247,Jessica Cuevas,rdixon@example.net,French Polynesia,2023-12-24,Standard,371.99
2248,Mary Lane,michaeljohnson@example.org,Sri Lanka,2024-03-01,Standard,111.83
2249,Karen Turner,davidedwards@example.com,Sudan,2022-08-29,Standard,392.42
2250,Nicholas Koch,hkelley@example.org,Benin,2023-04-18,Standard,390.31
2251,Sarah Jacobs,frank49@example.org,Andorra,2026-06-19,Premium,1584.90
2252,Destiny Campbell,mirandacraig@example.net,New Zealand,2024-01-29,Standard,373.03
2253,Joshua Schmidt,qwright@example.com,Djibouti,2023-02-23,Basic,241.91
2254,Kevin Roberts,jenniferrice@example.com,Namibia,2025-08-15,Standard,150.93
2255,Wendy Sullivan,reedcorey@example.org,Aruba,2022-07-10,Basic,93.30
2256,Shawn Collins,christopher23@example.org,British Indian Ocean Territory (Chagos Archipelago),2025-02-25,Standard,212.52
2257,Logan Tapia,psmith@example.com,Cambodia,2022-02-11,Standard,638.59
2258,Shelia Cruz,harrisbryan@example.net,Cook Islands,2022-02-19,Basic,336.13
2259,Ronald Dean,millerlindsey@example.org,Wallis and Futuna,2021-09-05,Standard,522.62
2260,Timothy Li,danielvaughn@example.net,Bolivia,2024-07-24,Standard,748.65
2261,Matthew Perry,wilkersonkatherine@example.org,Senegal,2026-07-21,Premium,1382.79
2262,Mike Levine,bowenjonathan@example.net,Oman,2023-01-14,Standard,696.28
2263,Julie Warren,samantha11@example.org,Kazakhstan,2023-04-26,Standard,411.22
2264,Christopher Wilson,jlivingston@example.net,Philippines,2025-12-13,Premium,692.64
2265,Patrick Ruiz,dgeorge@example.net,Denmark,2023-12-14,Standard,737.40
2266,Ashley Johnson,maxwelltheodore@example.org,Bulgaria,2026-01-30,Premium,763.35
2267,Sherry Chapman,fking@example.org,Mauritania,2022-08-08,Basic,78.19
2268,Darrell West,gcastro@example.org,Cocos (Keeling) Islands,2025-08-09,Standard,94.49
2269,Megan Moran,kristen78@example.org,American Samoa,2022-06-18,Standard,552.70
2270,Sean Lee,jasonfoster@example.org,Central African Republic,2026-06-19,Standard,499.14
2271,Kevin Clarke,wmorrison@example.com,Micronesia,2023-05-17,Standard,519.15
2272,James Kennedy,rowen@example.net,Guinea-Bissau,2021-12-11,Standard,104.60
2273,Bailey Lane,heidi21@example.com,Azerbaijan,2025-04-17,Standard,380.84
2274,Stephanie Colon,ejones@example.org,Cuba,2022-08-08,Basic,399.94
2275,Todd Li,patricia24@example.org,Reunion,2025-05-09,Basic,326.93
2276,Joshua Walker,keithwyatt@example.net,Bahrain,2022-09-18,Premium,1534.66
2277,Thomas Rodgers,cervantesleslie@example.org,Aruba,2022-05-08,Basic,141.86
2278,Benjamin Alvarez,kathryn86@example.net,French Guiana,2023-08-20,Basic,307.77
2279,Crystal Parrish,jesse81@example.org,Afghanistan,2023-03-30,Standard,481.55
2280,Shirley Hill,xfisher@example.org,Liechtenstein,2024-02-21,Premium,576.88
2281,Rachel Foley,floresjohn@example.com,Gibraltar,2025-05-03,Standard,595.34
2282,Ashley Payne,bullockrebecca@example.com,Sri Lanka,2022-02-07,Standard,88.85
2283,Jacob Hart,petersonjordan@example.com,Timor-Leste,2026-04-23,Standard,337.24
2284,Michael George,jeremyreyes@example.org,French Polynesia,2025-07-19,Standard,511.84
2285,Oscar Ewing,roberto77@example.org,Argentina,2023-05-28,Basic,95.49
2286,Alexander Harris,ymartinez@example.com,Saudi Arabia,2024-11-15,Standard,615.74
2287,Margaret Hall,robinsontommy@example.com,Denmark,2024-04-06,Basic,371.81
2288,Stacy Phillips,pittmanwesley@example.com,Romania,2023-11-28,Basic,257.26
2289,Anthony Hart,jordan68@example.com,Cameroon,2026-01-30,Standard,139.88
2290,Jose Evans,westroy@example.org,Algeria,2023-11-03,Standard,209.91
2291,Melinda Thomas,heathjasmine@example.com,Cote d'Ivoire,2025-03-31,Standard,336.96
2292,Jennifer Butler,michaelmartinez@example.net,Jersey,2025-03-23,Standard,480.23
2293,Lisa Russell,salinaszachary@example.net,India,2024-07-27,Premium,840.49
2294,Anthony Cook,kimberly40@example.com,Solomon Islands,2021-09-27,Standard,200.79
2295,Sandra Ingram,agonzalez@example.net,Belize,2026-05-26,Standard,137.74
2296,Scott Patterson,kimberly53@example.net,Palau,2025-04-21,Standard,731.96
2297,Anthony Wells,vporter@example.com,Equatorial Guinea,2022-05-29,Standard,512.14
2298,Laurie Huffman,marierose@example.org,Tanzania,2022-07-08,Basic,375.04
2299,James Hood,lchandler@example.org,Romania,2022-06-29,Standard,511.88
2300,Bridget Garcia,huffmaria@example.net,Tuvalu,2024-01-24,Premium,912.45
2301,Tracy Rodriguez,brianphillips@example.net,Turks and Caicos Islands,2024-04-30,Premium,1437.43
2302,Derrick Tran,antoniothompson@example.org,Syrian Arab Republic,2023-09-27,Standard,739.33
2303,Christine Gates,jacobroach@example.net,Isle of Man,2026-08-03,Standard,277.78
2304,Dr. Alexis Shea,jack64@example.com,Switzerland,2021-12-31,Standard,363.72
2305,Alexander Jones,wstephenson@example.org,Uruguay,2022-09-10,Standard,446.92
2306,Mrs. Cheyenne Eaton MD,,Congo,2022-08-28,Basic,224.83
2307,Jimmy King,nicholas31@example.com,Cayman Islands,2024-06-05,Standard,353.79
2308,Jessica Allen,fernandezsusan@example.org,Saint Vincent and the Grenadines,2023-08-08,Standard,561.21
2309,Debbie Moore,christina98@example.com,Botswana,2025-02-08,Basic,167.96
2310,Larry Martinez,vickiesnyder@example.net,Tokelau,2022-01-17,Standard,593.84
2311,Bailey Hughes,denise49@example.com,Bahamas,2022-03-29,Premium,1341.31
2312,Jason Foster,madison72@example.net,Norway,2023-02-17,Standard,605.67
2313,Leah Baker,andrew08@example.net,Jordan,2023-02-13,Basic,56.29
2314,Paul Chaney,bmathis@example.org,Aruba,2024-05-04,Standard,550.46
2315,Tammy Cunningham,brookemartin@example.org,United Kingdom,2023-06-21,Standard,563.76
2316,Elizabeth Cervantes,ramirezamy@example.org,Myanmar,2022-09-27,Basic,201.98
2317,Hannah Lee,glennbernard@example.org,Guinea-Bissau,2021-12-12,Basic,162.88
2318,James Pearson,maurice01@example.net,Turks and Caicos Islands,2025-04-05,Basic,331.60
2319,Diane Hogan DDS,perezrichard@example.net,Suriname,2024-05-20,Standard,127.80
2320,Melissa Clark,karisanchez@example.org,French Polynesia,2025-11-11,Basic,133.35
2321,Christopher Simmons,cainanthony@example.net,San Marino,2025-04-25,Standard,367.81
2322,Mrs. Beth Church MD,christopher90@example.com,Slovakia (Slovak Republic),2023-04-13,Premium,797.02
2323,Emily Baxter,stephaniewilson@example.org,Luxembourg,2023-08-15,Premium,1207.89
2324,Joe Chapman,ernest06@example.org,Nepal,2025-06-27,Standard,348.44
2325,Brandon Harris,ypeterson@example.org,Namibia,2022-04-10,Standard,577.37
2326,Billy Perez,sherrywyatt@example.com,Lebanon,2023-03-16,Basic,149.01
2327,Katie Hardin,patrick20@example.net,Jamaica,2022-03-20,Basic,262.03
2328,Crystal Smith,donnasuarez@example.com,Germany,2025-12-26,Standard,725.12
2329,Corey Thornton,gomezjerry@example.com,Guinea,2021-08-30,Standard,618.13
2330,Daniel Ingram,perkinsdaniel@example.org,Papua New Guinea,2025-10-27,Premium,387.80
2331,Jessica Lowery,qlittle@example.com,Netherlands,2026-06-26,Standard,625.78
2332,Patrick Heath,tarashaw@example.org,Russian Federation,2025-09-15,Standard,202.05
2333,Megan Graves,garzajill@example.org,Gabon,2025-06-21,Premium,932.76
2334,Mr. Johnathan Reyes,suzannegilmore@example.org,Namibia,2024-07-24,Premium,555.80
2335,Heather Howard,martintanner@example.net,Papua New Guinea,2023-01-23,Basic,348.95
2336,Anthony Meyer,jill83@example.net,Mauritius,2022-06-21,Standard,133.11
2337,Melissa Page,ytaylor@example.org,Andorra,2025-04-24,Basic,93.34
2338,John Barrett,michaelbradshaw@example.net,Tunisia,2023-03-17,Standard,153.61
2339,Richard Myers,geraldkane@example.org,Saudi Arabia,2022-02-22,Basic,305.96
2340,Nicholas Alvarado,tjackson@example.com,China,2024-05-17,Standard,402.41
2341,Philip Gilmore,davissonya@example.org,Ecuador,2026-03-23,Premium,882.99
2342,Kelly Thompson,frenchcatherine@example.net,Israel,2023-08-02,Standard,274.01
2343,Jill Taylor,vsmith@example.org,Mozambique,2023-06-03,Basic,181.02
2344,Austin Huff,smithjesse@example.org,Australia,2025-04-20,Standard,144.30
2345,Daniel Wood,amberthompson@example.org,French Southern Territories,2025-10-18,Basic,195.44
2346,Travis Walker,nealrobert@example.org,Venezuela,2024-04-04,Standard,409.60
2347,Matthew Flores,ricardo60@example.com,Jordan,2025-12-19,Standard,568.48
2348,Daniel Fox,alex95@example.org,Kyrgyz Republic,2022-06-24,Basic,53.33
2349,Brandon Mckenzie,meredithnunez@example.org,Trinidad and Tobago,2026-01-16,Standard,421.52
2350,Ashley Day,justin16@example.com,Burundi,2026-04-22,Basic,376.70
2351,Jasmine Hill,darren37@example.org,Kyrgyz Republic,2023-12-18,Basic,352.35
2352,Kelly Woods,wshannon@example.org,Jamaica,2025-11-27,Standard,115.98
2353,David Carter,fuentesnichole@example.org,Lebanon,2023-04-02,Premium,1082.84
2354,Jorge Alexander,hufftroy@example.net,Mongolia,2022-07-22,Standard,255.80
2355,Clayton Khan,ann74@example.com,Sierra Leone,2022-12-13,Standard,675.17
2356,Carol Adams,ynorman@example.org,Macao,2025-09-25,Premium,1155.75
2357,Joan Hodges,martinmorgan@example.net,Heard Island and McDonald Islands,2025-05-04,Standard,377.62
2358,Philip Barnes,campbelltaylor@example.org,Maldives,2023-10-13,Standard,183.90
2359,Amy Smith,larsonjeremy@example.com,Niue,2026-01-16,Basic,208.93
2360,Dr. Christopher Myers,jimmy99@example.org,Syrian Arab Republic,2025-08-09,Standard,417.65
2361,Connie Ferguson,emily04@example.com,Tanzania,2024-11-07,Standard,537.36
2362,Brandon Walker,joshua70@example.com,Saint Lucia,2023-06-28,Basic,347.24
2363,Jocelyn Pearson,natalie46@example.com,Bulgaria,2025-01-04,Basic,208.65
2364,David Tran,richardsonkenneth@example.net,Benin,2024-03-18,Basic,300.28
2365,Nicole Duncan,hernandezthomas@example.net,Chad,2024-06-30,Standard,356.38
2366,Richard Parker,terrydebra@example.net,Hungary,2021-09-18,Basic,274.90
2367,Heidi Mullins,cjohnson@example.org,Romania,2022-11-08,Standard,393.82
2368,Jeff Hicks,anthonywebb@example.com,Papua New Guinea,2022-09-01,Basic,98.33
2369,Kaitlin Moody,kelleyderek@example.net,Cocos (Keeling) Islands,2023-09-19,Standard,541.22
2370,Karen Andrews,kimberly90@example.net,Korea,2024-02-26,Premium,935.55
2371,Erin Shaw,erica06@example.com,Sao Tome and Principe,2022-08-21,Standard,180.51
2372,Eric Li,barcher@example.net,Tanzania,2023-03-10,Standard,610.60
2373,Erica Johnson DDS,ashley21@example.net,Korea,2021-11-27,Basic,217.74
2374,Kristina Hubbard,gardnerrichard@example.net,Kenya,2021-10-05,Standard,450.86
2375,Cody Brown,moralesfrancisco@example.net,Ukraine,2026-01-05,Basic,169.16
2376,Tony Carpenter,katiehicks@example.net,Belgium,2024-12-23,Standard,531.93
2377,Kimberly Moore,hoffmanrobert@example.com,Turks and Caicos Islands,2025-06-17,Standard,655.14
2378,Cynthia Davis,fergusonlynn@example.com,New Zealand,2022-12-04,Standard,619.60
2379,Edgar Johnson,teresamiller@example.org,Greece,2023-02-15,Standard,151.93
2380,Lindsay Smith MD,ycole@example.net,Christmas Island,2021-12-06,Standard,454.34
2381,Joshua Lee,jonathan98@example.org,Faroe Islands,2022-10-09,Standard,745.72
2382,Natalie Ramirez,lisaterry@example.net,Philippines,2025-09-21,Basic,316.97
2383,Nathaniel Rodriguez,ashaw@example.com,North Macedonia,2023-07-01,Basic,240.53
2384,Mary Byrd,nicole89@example.org,Bosnia and Herzegovina,2023-07-06,Basic,347.23
2385,Sonya Carpenter,rachelvaldez@example.org,Greenland,2021-08-14,Basic,257.54
2386,Patricia Wilson,gilestiffany@example.com,Norfolk Island,2023-02-08,Premium,254.41
2387,Anthony Johnson,holmesrachel@example.org,Korea,2022-05-30,Basic,327.64
2388,Christopher Bautista,denisetownsend@example.com,Tajikistan,2024-03-31,Basic,312.08
2389,Amanda Jefferson,gthomas@example.net,Mozambique,2026-06-11,Basic,321.39
2390,Catherine Lucas,christopher68@example.org,Jamaica,2026-04-20,Standard,654.41
2391,Michelle Wilkerson,kgarrison@example.com,Iraq,2023-07-29,Premium,1060.89
2392,Andrew Anderson,allendavid@example.org,North Macedonia,2025-05-26,Standard,187.76
2393,Thomas Lee,juan35@example.net,Hong Kong,2024-10-06,Premium,498.48
2394,David Murillo,fyoder@example.org,Algeria,2025-04-17,Standard,566.64
2395,Matthew Barrett,francis53@example.com,Nepal,2021-09-14,Basic,314.31
2396,Timothy Frye,adiaz@example.org,Micronesia,2026-02-28,Standard,662.58
2397,Jennifer Velasquez,wrightnicholas@example.com,Afghanistan,2022-04-09,Standard,320.52
2398,Dana Flores,bobby53@example.net,Serbia,2023-09-27,Basic,84.27
2399,Angela Patel,xclarke@example.com,Philippines,2021-09-10,Standard,729.50
2400,James Miles,davidsawyer@example.net,Korea,2026-08-09,Basic,42.37
2401,Jacob Crosby,mjenkins@example.org,Djibouti,2023-10-02,Basic,210.52
2402,Robert Munoz,ecampbell@example.org,Holy See (Vatican City State),2024-07-09,Standard,190.60
2403,Kari Pruitt,denniswilliams@example.com,Colombia,2024-08-21,Standard,557.76
2404,Christopher Jenkins,alexbutler@example.org,Korea,2026-05-11,Standard,499.87
2405,Jennifer Lopez,nicholas99@example.net,Swaziland,2022-05-20,Standard,583.41
2406,Lindsey Bean,jasonwalton@example.net,Lesotho,2025-12-09,Standard,606.37
2407,Jose Mckinney,xcarr@example.com,American Samoa,2023-02-13,Premium,850.40
2408,Joseph Williams,paula31@example.com,Cook Islands,2024-08-17,Basic,363.30
2409,Vanessa Greene,vickiepowell@example.org,Albania,2026-02-05,Basic,225.82
2410,Anthony Werner,jspears@example.net,Saint Kitts and Nevis,2025-05-07,Standard,712.02
2411,Ricky Figueroa,melissaharrell@example.net,Vietnam,2024-06-07,Standard,594.85
2412,Bruce Harris,omorris@example.net,Latvia,2022-04-10,Basic,226.25
2413,Kimberly Newman,vphillips@example.net,Wallis and Futuna,2025-02-05,Premium,707.83
2414,Adam Oliver,brianwhite@example.com,Switzerland,2022-10-10,Standard,596.35
2415,Kari Simmons,deanjose@example.net,Iran,2022-03-28,Standard,340.45
2416,Teresa Wilcox,banksmeredith@example.com,Martinique,2022-04-09,Premium,1627.97
2417,John Diaz,westricky@example.org,Vietnam,2024-03-30,Standard,462.83
2418,Vanessa Hernandez,melissa04@example.org,South Africa,2026-04-24,Basic,392.82
2419,Bryan Martin II,douglastimothy@example.net,Germany,2025-11-12,Basic,355.29
2420,Anthony Henry,dawnjones@example.com,Bahamas,2022-09-28,Basic,190.95
2421,Kenneth Alvarado,thomasmatthew@example.net,Samoa,2025-10-17,Basic,292.28
2422,Andrea Gonzalez,dlee@example.org,Comoros,2023-02-07,Basic,299.76
2423,Edward Davies,melanie48@example.net,Afghanistan,2025-07-06,Standard,307.31
2424,Alexander Brady MD,kimedwards@example.org,Uzbekistan,2026-06-16,Basic,364.08
2425,Russell Gutierrez,waterscharlene@example.com,Norfolk Island,2021-10-13,Standard,174.13
2426,Kristin Harrington,christopher32@example.net,Nauru,2023-05-08,Standard,509.62
2427,James Bonilla,jacobscharles@example.com,Malawi,2021-08-14,Basic,264.77
2428,Patrick Daniel,morrismary@example.com,Faroe Islands,2025-03-16,Standard,373.45
2429,Maureen Wright,weeksbrandon@example.com,Swaziland,2023-12-23,Standard,622.99
2430,Adam Sanchez,loveluis@example.com,British Indian Ocean Territory (Chagos Archipelago),2024-04-23,Standard,598.40
2431,Dr. Danielle Leblanc,gregorybrock@example.org,Pitcairn Islands,2022-08-28,Basic,70.34
2432,Randy Wang,allennathan@example.net,Micronesia,2023-08-11,Standard,338.25
2433,Lori Steele,kelleramanda@example.org,Canada,2023-07-28,Basic,356.76
2434,Michael Davis,bcampbell@example.net,Netherlands Antilles,2022-08-24,Standard,440.03
2435,David Le,jamescantu@example.net,Lao People's Democratic Republic,2023-02-11,Standard,420.38
2436,Kathy Hunter,gillmary@example.com,Armenia,2024-02-21,Standard,304.98
2437,Kristin Riddle,carlsonblake@example.net,Saint Barthelemy,2022-03-14,Standard,90.81
2438,Anna Combs,michelle11@example.org,Pitcairn Islands,2025-11-23,Basic,234.38
2439,James Garcia,amanda85@example.net,Australia,2023-04-30,Standard,636.75
2440,Daisy Barrett,wheelerrichard@example.com,Korea,2025-08-10,Standard,360.35
2441,Caitlin Smith,carolineruiz@example.org,Lebanon,2024-01-01,Standard,569.09
2442,Michael Phillips,boyererika@example.net,Sierra Leone,2022-04-20,Basic,133.51
2443,Christina Wallace,robertsjulie@example.net,Montserrat,2023-04-23,Standard,158.57
2444,Dominic Walter,alara@example.org,Tunisia,2023-08-26,Basic,378.88
2445,Michael Johnston,coxtheresa@example.org,San Marino,2023-07-15,Standard,461.39
2446,Elizabeth Anderson,chess@example.org,Cuba,2026-02-23,Premium,708.89
2447,Amber Reilly,longbob@example.com,Dominican Republic,2023-10-13,Standard,578.39
2448,Andrew Simon,hollandroy@example.org,Nigeria,2024-05-03,Standard,557.39
2449,Scott Willis,mcneilbrian@example.net,Dominica,2024-10-22,Basic,279.59
2450,Chad Franklin,eric37@example.com,Montenegro,2023-12-14,Basic,124.18
2451,Crystal Rodriguez,tanyawilliams@example.net,Saint Barthelemy,2024-04-12,Standard,525.17
2452,Scott Ford,qmichael@example.com,Equatorial Guinea,2025-09-02,Basic,246.20
2453,Ms. Breanna Flores,heather53@example.net,Bermuda,2022-03-27,Premium,769.82
2454,Justin Higgins,wbailey@example.net,Croatia,2023-01-11,Basic,77.88
2455,Diane Rivera,kmoore@example.net,South Africa,2025-01-16,Standard,204.97
2456,Johnny Simpson,holly60@example.org,Sudan,2023-08-28,Basic,203.55
2457,Sara Collins,ajohnson@example.com,Kiribati,2025-12-06,Premium,845.47
2458,Javier Dorsey,andersonmichael@example.org,Haiti,2024-02-18,Standard,137.27
2459,James Gonzalez,jonesjerry@example.net,North Macedonia,2026-05-15,Standard,162.79
2460,Robert Stewart,reedscott@example.org,Holy See (Vatican City State),2022-04-04,Standard,127.70
2461,Benjamin Sanchez,kyle94@example.org,Russian Federation,2023-06-28,Standard,346.86
2462,Patrick Lewis,heather79@example.org,Ghana,2025-03-24,Standard,600.71
2463,Timothy Miller,vgraham@example.com,Tanzania,2025-03-16,Basic,250.35
2464,Jessica Price,spencerjames@example.com,Rwanda,2024-08-25,Standard,747.65
2465,Michael Stevens,brookstaylor@example.org,Ecuador,2026-08-01,Standard,714.78
2466,Sarah Solis,weaverjohn@example.org,Sri Lanka,2024-10-28,Basic,190.09
2467,Carla Morrison,nburns@example.org,Thailand,2025-09-13,Standard,416.41
2468,Lindsey Mendoza,jasonmurillo@example.com,French Guiana,2022-11-28,Standard,383.96
2469,Justin Anderson,kathrynochoa@example.com,Honduras,2024-09-12,Basic,224.75
2470,Chelsea Martin,nsellers@example.net,Cayman Islands,2022-09-24,Standard,543.77
2471,Gina Taylor,johnwhite@example.net,Bhutan,2022-11-14,Standard,97.01
2472,Ana Jensen MD,zacharycarter@example.org,French Southern Territories,2024-02-01,Standard,452.34
2473,Kevin Hernandez,marshtimothy@example.com,Tokelau,2022-01-12,Basic,82.76
2474,Melissa Martinez,cbrown@example.com,Jordan,2024-06-15,Basic,79.72
2475,Andrea Arnold,davidsmith@example.com,Solomon Islands,2023-01-13,Standard,270.47
2476,Michael Lopez,uhaney@example.org,United States Minor Outlying Islands,2022-04-03,Standard,154.48
2477,John Harris,perryjessica@example.net,Antigua and Barbuda,2026-05-22,Standard,327.76
2478,Edwin Mendoza,jsmith@example.com,Austria,2022-10-20,Standard,93.89
2479,Frances Edwards,derek41@example.net,Swaziland,2021-10-19,Premium,1409.47
2480,Michael Luna,rachaelnelson@example.net,Oman,2025-12-15,Standard,707.35
2481,Peter Hunter,ichavez@example.com,Montenegro,2026-03-30,Standard,266.35
2482,Jessica Moore,sanchezrichard@example.net,Panama,2026-07-11,Standard,574.27
2483,Rebecca Acevedo,sonya14@example.net,Kiribati,2022-12-13,Premium,1037.37
2484,Maria Clark,tinahale@example.net,Philippines,2024-01-14,Premium,245.37
2485,Kimberly Ramirez,scottrobin@example.net,Japan,2021-10-13,Standard,284.05
2486,Stacy Cervantes,delacruzcarla@example.net,Cote d'Ivoire,2022-04-30,Standard,303.03
2487,Shane Phillips,davidwalker@example.net,Equatorial Guinea,2026-01-29,Standard,638.26
2488,Brian Higgins,guerrerorenee@example.com,Nicaragua,2023-01-20,Basic,87.81
2489,Crystal Smith,whiteshannon@example.net,Qatar,2026-07-21,Premium,1177.42
2490,Brenda Lee,sheila42@example.net,Central African Republic,2023-04-27,Basic,280.20
2491,Nicole Horton,boonekim@example.net,Cambodia,2026-02-27,Premium,1321.39
2492,Jerry Day,qbrown@example.net,Thailand,2023-01-24,Premium,1159.01
2493,Anthony Terry,heidiscott@example.net,Heard Island and McDonald Islands,2023-08-14,Standard,336.38
2494,William Greene,peter58@example.com,Poland,2023-10-31,Basic,162.04
2495,Reginald Hughes,tashachase@example.com,Cape Verde,2022-08-14,Premium,1230.95
2496,Amber Daniels,robertcruz@example.org,Albania,2022-02-08,Standard,262.23
2497,Steven Oconnor,vtapia@example.com,Papua New Guinea,2026-04-01,Premium,435.84
2498,Erica Walton,pamela51@example.org,Equatorial Guinea,2023-12-19,Premium,1167.42
2499,Adam Hughes,ymorgan@example.com,Sri Lanka,2024-04-08,Basic,151.19
2500,Michael Howard,qreyes@example.com,Botswana,2022-05-20,Standard,509.64
2501,Shannon Green,afitzpatrick@example.org,Spain,2025-11-08,Premium,1679.39
2502,Joseph Barr,lori01@example.com,Angola,2026-05-28,Standard,586.39
2503,Angel Dean,eric38@example.net,Isle of Man,2021-12-01,Basic,227.83
2504,Michael Simon,anthonyfranklin@example.com,San Marino,2021-12-16,Basic,220.95
2505,Kenneth Silva,mlittle@example.com,Nepal,2024-01-14,Premium,1211.75
2506,Samantha Johnston,rtaylor@example.com,Cape Verde,2024-05-22,Standard,724.60
2507,Jack Lynch,evansrobin@example.com,Costa Rica,2023-05-20,Standard,213.92
2508,Nicole Vasquez,berrytyrone@example.net,Zimbabwe,2022-09-23,Basic,342.01
2509,Albert Rogers,taylortoni@example.org,Chile,2025-03-14,Standard,132.14
2510,Charles Wiggins,solistara@example.com,United States Minor Outlying Islands,2024-04-07,Standard,291.29
2511,Brenda Meyer,mcdonaldmegan@example.org,Armenia,2022-10-01,Standard,406.74
2512,Jessica Stevens,amanda75@example.net,Haiti,2026-05-24,Basic,162.38
2513,Eric Palmer,rrojas@example.net,Saint Helena,2022-05-29,Standard,91.24
2514,Joseph Ramsey,kristin86@example.net,Malaysia,2025-08-23,Standard,332.86
2515,Kenneth Moore,garysnow@example.org,Saint Pierre and Miquelon,2024-10-29,Premium,1718.16
2516,Jamie Dean,gabriel67@example.com,Vanuatu,2024-03-12,Standard,267.61
2517,William Lee,cruzhunter@example.net,Croatia,2024-11-24,Standard,593.61
2518,Melanie Watson,harrisonvincent@example.com,Slovakia (Slovak Republic),2022-05-06,Standard,717.71
2519,Ivan Morgan,robert89@example.org,Venezuela,2023-09-19,Standard,114.77
2520,Casey Hardy,desireewilson@example.net,Macao,2026-05-06,Basic,105.32
2521,Christian Jackson,ericksonlaura@example.com,Germany,2025-09-25,Basic,147.29
2522,Michelle Burton,jbrown@example.com,Sudan,2023-12-11,Premium,399.38
2523,Frank Green,ufisher@example.com,Cook Islands,2024-07-31,Basic,132.86
2524,Robert Hancock,cameronkaitlyn@example.com,Malaysia,2021-12-11,Basic,363.82
2525,Erica Morrison,mike96@example.org,Iraq,2025-09-30,Premium,552.41
2526,Dennis Hunt,bharris@example.org,Andorra,2025-01-14,Standard,234.63
2527,Chris Wheeler,whiteshari@example.net,Netherlands,2021-10-01,Standard,415.48
2528,Nancy Payne,mooreashley@example.net,Mali,2024-10-30,Basic,136.94
2529,Rachel Garcia,lisajohnson@example.com,Albania,2026-03-11,Standard,448.36
2530,Philip Sheppard,marksbrandon@example.net,Bulgaria,2022-09-16,Premium,220.53
2531,Leah Thomas,jeffreywhitehead@example.net,Panama,2026-04-06,Standard,691.77
2532,Eric Barrera,sanchezleslie@example.com,Liechtenstein,2023-04-03,Premium,1047.67
2533,Jennifer Stone,wendylee@example.com,Portugal,2023-11-05,Standard,143.52
2534,Jessica Singh,marybarrett@example.org,Bolivia,2023-03-24,Basic,274.56
2535,Andrew Richard,scott05@example.org,Norway,2022-01-30,Premium,1069.99
2536,Larry Wiley,zacharypage@example.com,Estonia,2021-11-01,Standard,646.24
2537,Jordan Clark,collinskyle@example.com,Zambia,2021-11-13,Standard,603.45
2538,Ashley Hernandez,tiffanymcguire@example.org,Congo,2023-08-13,Premium,1026.19
2539,Ashley Burton MD,manningbrandi@example.com,Turkey,2025-12-23,Standard,240.48
2540,Kimberly Russo,jessebeltran@example.net,Ethiopia,2023-05-26,Basic,386.09
2541,Deborah Cherry,angel36@example.net,Togo,2023-10-01,Standard,103.21
2542,Alex Reynolds,christiecastillo@example.com,Madagascar,2024-12-03,Basic,386.00
2543,Heather Duffy,shawn29@example.net,Paraguay,2022-05-08,Standard,515.81
2544,Brian Long,jennifertaylor@example.org,Greenland,2024-05-29,Standard,115.62
2545,Mary Day,jeremyevans@example.com,Timor-Leste,2026-07-30,Basic,138.39
2546,Joshua Sims,amanda96@example.com,Anguilla,2026-05-07,Standard,534.00
2547,Elizabeth Norton,yfletcher@example.org,Saint Lucia,2022-03-23,Basic,343.28
2548,Laura Gardner,dorseytony@example.net,Venezuela,2026-03-25,Standard,642.46
2549,Jessica Ramos,alexander22@example.org,Malaysia,2024-12-07,Standard,183.96
2550,Juan Brewer,patricia13@example.com,Taiwan,2022-12-24,Standard,122.21
2551,Michael Brown,lisa37@example.com,France,2021-09-28,Premium,1275.03
2552,Leslie Ball MD,oroberts@example.org,Cook Islands,2025-06-19,Basic,301.03
2553,Christian Nixon,tanya09@example.net,Oman,2024-07-16,Basic,356.18
2554,Chelsea Grant,robertchavez@example.org,Netherlands Antilles,2025-05-06,Standard,415.75
2555,Jennifer Cisneros MD,julie34@example.org,Sudan,2026-05-13,Basic,358.22
2556,Ricky Massey,erinirwin@example.com,Nicaragua,2024-07-21,Basic,268.66
2557,Steven Clark,jstanton@example.org,Uganda,2023-09-20,Basic,294.79
2558,Patrick Davis,umendez@example.org,North Macedonia,2023-02-19,Standard,522.04
2559,Barbara Carter,jasonfrank@example.com,Bahrain,2023-11-26,Standard,217.17
2560,Susan Hamilton,donald60@example.org,Mexico,2023-07-14,Basic,158.24
2561,Carl Robinson MD,jill69@example.net,Grenada,2023-05-24,Basic,88.14
2562,Margaret Tucker,qbennett@example.org,French Southern Territories,2024-08-26,Basic,259.16
2563,Timothy Novak,aaron25@example.com,Bahrain,2025-04-04,Premium,190.09
2564,Sandra Casey,kimberly48@example.com,Liberia,2022-04-26,Standard,450.16
2565,Kimberly Armstrong,taylor33@example.org,El Salvador,2026-03-29,Standard,405.06
2566,Nicholas Dominguez,gloria49@example.org,Canada,2023-05-27,Standard,129.78
2567,Michael Chapman,ulawrence@example.org,Bahrain,2022-04-13,Basic,274.46
2568,Donna Aguilar,john76@example.com,Bhutan,2024-03-07,Standard,677.49
2569,Joseph Brooks,brownjennifer@example.net,Lesotho,2026-06-10,Basic,200.26
2570,Daniel Miller,maysjohn@example.com,Liberia,2024-04-15,Premium,1705.96
2571,Brian Mcbride,elindsey@example.net,Korea,2022-02-05,Standard,480.88
2572,Jennifer Warren,vturner@example.com,Taiwan,2021-11-16,Standard,641.42
2573,Marissa Smith,qshort@example.org,Ecuador,2026-03-28,Basic,394.17
2574,Jacqueline Baker,alexanderjohnson@example.org,Congo,2021-11-19,Premium,758.51
2575,Jessica Rogers,renee05@example.org,Chile,2023-01-20,Standard,81.32
2576,Dylan Hernandez,cortiz@example.org,Germany,2021-12-27,Basic,313.03
2577,Kevin Thomas,birdrichard@example.org,Costa Rica,2025-11-09,Standard,553.71
2578,Betty Farrell,benjamin53@example.net,Bulgaria,2022-07-14,Standard,625.99
2579,Jaime Taylor,daviselizabeth@example.net,Saudi Arabia,2021-11-04,Standard,620.68
2580,Peter Scott,jason91@example.org,Denmark,2024-10-27,Standard,736.58
2581,Jose Moses,hoganeric@example.net,Netherlands Antilles,2022-11-19,Basic,53.25
2582,Jennifer Campbell,jaylopez@example.com,French Southern Territories,2025-06-23,Standard,550.23
2583,Jeremy Mcguire,josephhunt@example.com,Congo,2022-12-13,Standard,79.82
2584,Monica Aguilar,john77@example.net,United Kingdom,2025-12-12,Basic,269.84
2585,Matthew Pierce,gregory73@example.com,Iraq,2025-10-15,Premium,611.82
2586,Michael Osborn,vwatson@example.net,Tanzania,2021-12-11,Standard,190.07
2587,Steven Horne MD,monicadixon@example.net,United States Virgin Islands,2023-09-12,Standard,573.70
2588,Derek Patton,jeffrey69@example.net,Heard Island and McDonald Islands,2022-05-29,Standard,482.01
2589,Paula Rush,uhamilton@example.net,Djibouti,2023-04-21,Standard,472.01
2590,Melissa Lyons,omartinez@example.net,Micronesia,2026-01-20,Basic,85.88
2591,Brittany Harris,lsnyder@example.org,French Southern Territories,2022-02-16,Basic,347.97
2592,Christopher Ellis,vtapia@example.net,Mexico,2026-04-09,Basic,302.40
2593,Daniel Hopkins,gdunn@example.net,Japan,2022-11-05,Standard,647.18
2594,Jennifer Garcia,kennethruiz@example.net,Dominica,2024-09-10,Premium,1702.45
2595,Olivia Cobb,perrymichael@example.org,Peru,2026-05-06,Standard,489.76
2596,James Harrington,heatherdavis@example.org,Angola,2024-02-06,Standard,671.09
2597,Carlos Brown,kimberlymejia@example.org,Falkland Islands (Malvinas),2024-04-17,Premium,847.71
2598,John Spencer,petersdonald@example.net,Falkland Islands (Malvinas),2024-06-25,Standard,513.77
2599,William Werner,lbowers@example.com,Slovenia,2025-06-24,Basic,156.28
2600,Frank Ramirez,kaitlynfrey@example.net,Chad,2023-07-22,Basic,186.48
2601,Haley Sullivan,carlastevens@example.net,Venezuela,2024-07-15,Premium,991.32
2602,Lydia Turner,randallarmstrong@example.net,Tanzania,2024-12-08,Standard,424.15
2603,Ashley May DDS,khiggins@example.com,Benin,2024-09-18,Premium,1310.92
2604,Michael Jenkins,jefferywalker@example.org,Antigua and Barbuda,2022-02-19,Premium,1621.47
2605,Christopher Glover,wilsonkimberly@example.org,Montenegro,2024-08-15,Standard,288.46
2606,Amanda Webster,jeremynelson@example.com,Cuba,2023-12-30,Standard,300.93
2607,Sandra Douglas,susanhill@example.org,Finland,2021-11-03,Basic,330.76
2608,Rebecca Baker,friedmanmichelle@example.com,Netherlands Antilles,2022-09-11,Basic,121.23
2609,David Stephens,moralestheresa@example.net,Palau,2025-03-01,Standard,721.50
2610,Angela Johnson,diana20@example.org,Marshall Islands,2024-06-03,Basic,110.88
2611,Sarah Frost,cmoon@example.net,Barbados,2025-12-29,Standard,117.42
2612,Danielle Thomas,jonathanwoodard@example.com,Gabon,2024-05-19,Standard,93.81
2613,Whitney Clark,charlesbrown@example.com,Mongolia,2026-07-15,Standard,91.22
2614,Ryan Hebert,harrisamy@example.org,Belgium,2023-03-26,Basic,376.62
2615,Dr. Stephen Gibbs,harrisderek@example.net,Bolivia,2024-07-12,Basic,128.98
2616,Ryan Smith,kevinmarshall@example.org,Central African Republic,2026-06-20,Standard,722.19
2617,Regina Davis,wilsonmary@example.com,Thailand,2024-10-09,Basic,335.79
2618,Terry Peck,bartoncathy@example.com,Lebanon,2025-11-10,Standard,234.80
2619,James Dalton,cassieallen@example.org,Argentina,2026-03-16,Premium,1119.94
2620,Mr. Brian Odom Jr.,gary21@example.com,Finland,2025-12-31,Standard,139.58
2621,David Mora,martinjenkins@example.net,Jersey,2026-06-11,Standard,159.26
2622,Austin Kelley,matthew52@example.net,Luxembourg,2025-04-24,Basic,370.02
2623,April Schultz,tommy17@example.net,Mauritius,2024-08-07,Standard,675.81
2624,Kelly Melendez,ronald94@example.net,Montenegro,2026-07-11,Standard,603.29
2625,Veronica Johnson,,Guam,2023-10-11,Premium,1438.76
2626,Matthew Morales,michael84@example.org,Timor-Leste,2026-07-26,Premium,1136.91
2627,Nathaniel Bryant,wpowell@example.net,Guyana,2023-08-22,Standard,143.73
2628,James Smith,alvaradochristopher@example.net,Uruguay,2022-12-26,Premium,257.22
2629,Abigail Cardenas,qcallahan@example.org,Solomon Islands,2025-02-11,Basic,184.61
2630,Robert Mcdowell,schmitttina@example.com,Ireland,2024-04-27,Standard,352.50
2631,Dillon Stanton,tuckeramanda@example.org,Latvia,2023-08-26,Basic,323.49
2632,Nathan Martinez,donaldthomas@example.org,Cocos (Keeling) Islands,2022-06-27,Standard,381.05
2633,Adam Ramirez,michelle83@example.com,New Caledonia,2024-07-26,Standard,363.97
2634,Aaron Davis,shaun13@example.com,Tuvalu,2025-07-10,Standard,143.36
2635,Taylor Reed,mckenziesonya@example.com,Congo,2023-03-17,Standard,531.15
2636,Jessica Thomas,sandrasmith@example.com,French Guiana,2022-03-14,Premium,989.61
2637,Mary Huber,georgesteven@example.org,Antarctica (the territory South of 60 deg S),2022-04-02,Standard,147.90
2638,Sarah Johnson,curtis45@example.org,Gabon,2021-12-31,Premium,1298.45
2639,Peter Buchanan,spearsjose@example.com,Moldova,2023-08-31,Standard,642.53
2640,Nicholas Fuller,thompsondarlene@example.net,Moldova,2026-03-31,Basic,85.35
2641,James Avila,jzavala@example.net,Russian Federation,2026-06-15,Standard,314.89
2642,Crystal Grant,contrerasconnor@example.net,Niger,2025-03-29,Standard,494.07
2643,Danielle Hardin,lynnpowell@example.net,American Samoa,2023-03-17,Standard,167.93
2644,Frank Cooper,lmueller@example.net,Gambia,2025-02-07,Premium,376.10
2645,Peter Lopez,flowerscarrie@example.com,Montenegro,2024-10-19,Standard,421.36
2646,Heather Hernandez,esmith@example.net,Australia,2023-07-22,Standard,316.48
2647,David Chavez,nathan01@example.com,Ghana,2022-05-01,Standard,440.27
2648,Timothy Barnes,evansrachel@example.org,Burundi,2023-05-27,Premium,914.50
2649,Kayla Lee,kgilbert@example.net,New Zealand,2025-11-09,Standard,271.47
2650,Eric Ayala,lheath@example.com,Spain,2025-12-30,Basic,226.37
2651,Douglas Lopez,rachelthompson@example.com,Malaysia,2021-08-20,Standard,172.61
2652,Bobby Fletcher,daniel55@example.org,Western Sahara,2025-12-24,Standard,627.95
2653,Erin Morgan,lcampbell@example.org,Hungary,2022-06-26,Standard,111.86
2654,Dr. Adrian Ramirez MD,allenkathryn@example.org,Palestinian Territory,2022-05-02,Standard,734.14
2655,Megan Carter,sarahcharles@example.com,Northern Mariana Islands,2024-04-20,Standard,210.85
2656,Kelly Perez,andrew29@example.com,India,2022-07-13,Premium,473.24
2657,Lisa Davis,coryphillips@example.org,Netherlands Antilles,2022-04-22,Standard,541.99
2658,Eric Russell,rebeccahoward@example.org,Nauru,2022-06-29,Standard,542.38
2659,Larry Wells,fostervalerie@example.com,Sao Tome and Principe,2021-10-11,Basic,243.79
2660,Ryan Willis,turnerkimberly@example.com,Albania,2022-07-15,Standard,277.25
2661,Brandon Richards,raydawn@example.org,Holy See (Vatican City State),2024-09-15,Standard,145.77
2662,John Munoz Jr.,whitebonnie@example.com,Jersey,2022-02-09,Basic,367.80
2663,Ryan Bennett,holly18@example.net,Heard Island and McDonald Islands,2023-05-20,Standard,695.97
2664,April Cole,jeremymitchell@example.com,Saint Lucia,2025-08-19,Standard,542.92
2665,Patrick Miller,dcurtis@example.com,United States Virgin Islands,2025-07-10,Standard,218.87
2666,Dominique Bennett,pgross@example.com,American Samoa,2025-07-11,Standard,593.64
2667,Edward Sherman,ericalyons@example.org,Uruguay,2022-01-05,Basic,330.62
2668,Jonathan Costa,wmorgan@example.org,Palestinian Territory,2023-12-20,Standard,345.21
2669,Jennifer Martinez,angelaunderwood@example.net,Gibraltar,2023-12-31,Basic,42.42
2670,Matthew Robles,moorejohn@example.net,Brazil,2023-07-26,Premium,738.67
2671,Meghan Ramos,esoto@example.net,Japan,2022-08-20,Standard,171.12
2672,Chris Sutton,ryanbrenda@example.org,Trinidad and Tobago,2022-04-21,Standard,501.15
2673,Kellie Mitchell,robert71@example.org,France,2025-11-04,Basic,169.57
2674,Cheryl Williams,shawnrogers@example.org,Montenegro,2025-05-17,Basic,111.68
2675,Melissa Russo,clarkjordan@example.com,Netherlands Antilles,2024-11-27,Standard,222.79
2676,Jamie Salazar,tarafischer@example.net,Rwanda,2022-11-26,Standard,192.64
2677,Juan Solis MD,ashley53@example.net,Burundi,2021-10-26,Basic,128.55
2678,Donald Harrell,klara@example.net,Japan,2023-07-30,Standard,193.85
2679,Jeremy Mcguire,monicawood@example.org,Libyan Arab Jamahiriya,2022-07-12,Standard,143.30
2680,Tommy Walker,tracydavenport@example.net,India,2023-03-08,Basic,89.41
2681,Lisa Madden,allison84@example.net,Japan,2022-05-30,Standard,672.38
2682,Robert Roberts,maria04@example.com,Niue,2022-04-21,Standard,216.91
2683,Jason Anderson,imurphy@example.com,Togo,2022-02-28,Standard,324.51
2684,Amy Fisher,karenliu@example.net,Lithuania,2022-07-05,Standard,190.67
2685,Nancy Park,nsilva@example.com,Poland,2025-12-31,Standard,614.34
2686,Angel Johnston,samuel50@example.org,Cameroon,2025-07-20,Standard,367.76
2687,Johnny Pierce,mitchellmichael@example.com,Saint Kitts and Nevis,2024-06-13,Basic,82.66
2688,Breanna Wilson,helen07@example.org,Costa Rica,2022-10-06,Basic,87.09
2689,Brandi Carter,kimlee@example.net,Saint Martin,2026-01-07,Standard,434.47
2690,Tammy Hale,levi67@example.com,Seychelles,2025-04-06,Standard,289.62
2691,Craig Mccoy,melindabowers@example.net,Japan,2022-08-13,Standard,504.40
2692,William Ware,anthonyavery@example.org,Uganda,2026-01-20,Basic,314.71
2693,Dorothy Hull,paulking@example.net,Costa Rica,2022-08-20,Standard,651.74
2694,Jenny Hayes,yjohnson@example.net,Chad,2026-04-22,Standard,175.28
2695,Lisa Jimenez,terrypatrick@example.com,Northern Mariana Islands,2024-12-31,Standard,499.88
2696,Donna Graham,andrewgalloway@example.com,Fiji,2024-06-15,Standard,160.36
2697,Ashley Lopez,christy19@example.org,Holy See (Vatican City State),2021-11-11,Standard,469.26
2698,Stacy Smith,nolankelly@example.org,Lebanon,2023-05-04,Standard,565.93
2699,Michelle Kline,fernandezbrandon@example.net,Saint Martin,2024-02-28,Basic,324.76
2700,Monica Johnson,danielle04@example.org,Faroe Islands,2022-10-28,Standard,188.02
2701,James Hicks,mcdanielmartha@example.org,Mali,2024-10-13,Standard,670.63
2702,Jose Robinson,stephen58@example.org,Congo,2021-10-27,Basic,174.74
2703,Ashley Powell,patrick71@example.com,Tajikistan,2025-09-10,Standard,195.82
2704,Amanda Hayden,mooresteven@example.net,Bosnia and Herzegovina,2023-08-21,Basic,229.17
2705,Melissa Brewer,timothygarcia@example.org,Botswana,2023-06-11,Standard,720.13
2706,Jessica Lindsey,krodriguez@example.net,Latvia,2025-09-30,Standard,467.30
2707,Henry Fitzgerald,elizabethmoore@example.org,Lebanon,2025-12-18,Standard,608.67
2708,Sharon Cook,nicholasscott@example.net,Mauritius,2021-12-12,Standard,214.86
2709,Gabriel Thornton,john33@example.net,Palau,2024-07-30,Basic,202.75
2710,Carla Moore,ghopkins@example.com,United Kingdom,2025-07-01,Standard,222.55
2711,Mr. Austin Rivera,sarah68@example.com,Netherlands,2025-12-16,Standard,329.53
2712,Shaun Harris,kristinapeterson@example.org,United Arab Emirates,2025-09-28,Standard,643.64
2713,Paul Jordan,jonathanjones@example.com,Sudan,2025-04-22,Standard,132.21
2714,Francisco Golden,sherry61@example.org,Albania,2025-08-19,Basic,146.22
2715,Connor Herman,umartinez@example.org,Northern Mariana Islands,2023-11-24,Standard,230.37
2716,Kristi Espinoza,stephanieleon@example.com,Korea,2026-03-19,Premium,981.81
2717,Audrey Koch,donald27@example.net,Madagascar,2026-03-22,Standard,379.53
2718,Richard Brown,jsolomon@example.org,Australia,2025-10-01,Standard,323.07
2719,Diana Lee,tracy05@example.net,Palestinian Territory,2024-01-12,Standard,259.29
2720,Mary Duke,toddmary@example.net,United Kingdom,2023-10-01,Premium,870.66
2721,Kevin Mccoy,bennettjenna@example.com,Guernsey,2025-06-22,Standard,126.22
2722,Jesse Phillips,pwarren@example.org,France,2025-07-05,Basic,146.03
2723,Lucas Richardson,sharonfranco@example.org,Peru,2023-07-07,Standard,443.99
2724,Christina Ellis,susanwhite@example.org,Mozambique,2021-12-28,Premium,610.37
2725,William Warner,apowers@example.org,Serbia,2022-03-08,Standard,155.05
2726,Martin Wilson DVM,benjamin10@example.org,Indonesia,2025-02-27,Standard,443.57
2727,Jennifer Johnson,taylormichael@example.net,Saint Barthelemy,2022-08-28,Standard,530.70
2728,John Rogers,nboyer@example.org,Ghana,2023-01-22,Standard,578.02
2729,Christine Vasquez,greenedaniel@example.net,Iraq,2023-12-22,Basic,344.36
2730,David Sanchez,ymercer@example.com,Philippines,2025-10-09,Standard,482.72
2731,Allison Clark,qschwartz@example.com,Jamaica,2023-06-09,Premium,1521.62
2732,Brenda Long,joseph92@example.net,Luxembourg,2024-12-17,Basic,235.53
2733,Andrew Johnson,andrewmyers@example.org,Benin,2023-02-18,Standard,594.80
2734,Rachel Flores,hansenmatthew@example.org,Swaziland,2022-04-30,Standard,308.98
2735,Jennifer Pearson,kochheather@example.org,Dominica,2023-03-20,Basic,380.49
2736,Matthew Robinson,lisadavis@example.org,Azerbaijan,2025-03-23,Basic,312.81
2737,Kelsey Larson,cameronramos@example.org,Saint Lucia,2021-08-18,Premium,1205.19
2738,Sarah Schmidt,thompsondawn@example.org,Grenada,2025-02-09,Basic,382.54
2739,George Gilmore,colleenwilliams@example.net,Denmark,2021-11-10,Basic,121.93
2740,Daniel Ramos,xdavis@example.com,India,2022-06-19,Basic,115.56
2741,Allison Mccormick,taylorderrick@example.net,Japan,2024-03-18,Standard,471.23
2742,William Juarez,kimberly47@example.org,Tunisia,2023-05-08,Standard,391.40
2743,Angel Clayton,johnsonmichael@example.net,Yemen,2022-09-03,Basic,162.64
2744,Dana Atkins,mcrawford@example.net,Kiribati,2024-09-15,Premium,1507.14
2745,Charles Grant,burgessdonald@example.com,New Caledonia,2022-10-11,Standard,710.80
2746,Dr. Heather Johnson PhD,bburnett@example.com,Portugal,2025-12-12,Standard,371.11
2747,Karen Kane,dominiquedaniels@example.org,Ireland,2026-04-01,Basic,50.84
2748,Joseph Ortega,angel62@example.com,Uzbekistan,2023-08-15,Premium,1551.16
2749,Cathy Reynolds,srobertson@example.net,Algeria,2024-06-18,Standard,573.02
2750,Jillian Sanders,umayo@example.org,Colombia,2024-05-13,Standard,519.72
2751,Megan Klein,fordbeverly@example.org,Sri Lanka,2023-03-15,Standard,227.21
2752,Brandy Peterson,jcastillo@example.com,Gibraltar,2026-06-27,Standard,583.02
2753,Jamie Johnson,rhondawood@example.net,Martinique,2021-09-26,Basic,288.59
2754,Benjamin Page,david71@example.com,Greenland,2024-01-11,Standard,471.19
2755,Laura Ashley,brittanyrush@example.com,Trinidad and Tobago,2023-08-06,Standard,96.74
2756,Kimberly Alexander,skinnerkyle@example.com,Armenia,2021-11-22,Premium,1714.16
2757,Patricia Smith,josewheeler@example.net,Cocos (Keeling) Islands,2024-03-24,Basic,244.55
2758,Russell Henry,oriddle@example.org,Norway,2021-09-11,Basic,368.95
2759,Craig Martinez,matthewsmith@example.net,Madagascar,2023-07-28,Standard,338.85
2760,Katherine Jackson,moralesdawn@example.com,Canada,2026-08-04,Standard,715.37
2761,Samuel Russell,loriwalters@example.org,Hungary,2022-06-15,Premium,783.63
2762,Richard Jimenez,andrewtaylor@example.com,Solomon Islands,2022-06-23,Standard,296.97
2763,Michael Taylor,ecox@example.net,North Macedonia,2023-01-20,Basic,270.04
2764,Robert Simpson,romankathryn@example.com,India,2026-05-06,Standard,190.71
2765,Holly Russell,uscott@example.com,Mauritius,2026-02-17,Standard,194.90
2766,Heidi Torres,jeffery51@example.com,Hong Kong,2024-11-21,Basic,257.21
2767,Vanessa Bates,ggomez@example.org,Papua New Guinea,2025-05-08,Premium,488.42
2768,Craig Phillips,donnamcintosh@example.net,Mexico,2026-05-03,Basic,178.92
2769,Sarah Collier,ryanmyers@example.com,Maldives,2023-03-07,Standard,271.50
2770,Scott Shepherd,ediaz@example.org,Uzbekistan,2024-02-25,Standard,381.90
2771,Dana Mejia,nwise@example.net,Cuba,2024-11-24,Standard,82.46
2772,Elizabeth Savage,sshea@example.com,Tonga,2024-04-16,Standard,689.12
2773,Phillip Tyler,lauren50@example.net,China,2024-04-09,Standard,742.98
2774,Christopher Carson,ellisjuan@example.net,Senegal,2022-08-05,Premium,834.00
2775,John Perez,lmeadows@example.com,Faroe Islands,2024-10-15,Basic,180.04
2776,Mary Montes,allensara@example.org,Italy,2022-04-20,Basic,114.33
2777,Heather Gomez,hannahfields@example.com,Guam,2021-09-23,Basic,151.51
2778,Justin Collins,jeremy12@example.com,Nepal,2022-12-08,Basic,279.33
2779,Megan Hall,karenoliver@example.com,Comoros,2022-01-02,Standard,463.19
2780,Susan Rodriguez,dianejohnston@example.com,Trinidad and Tobago,2022-06-12,Standard,212.01
2781,Stephen Montoya,andreapittman@example.com,United Kingdom,2022-07-12,Basic,205.22
2782,Ashley Williams,tyler83@example.net,Saint Barthelemy,2024-12-30,Standard,743.98
2783,Gordon Miller,zdavila@example.net,Swaziland,2026-02-27,Standard,631.59
2784,David Davis,twade@example.com,Switzerland,2023-05-27,Standard,241.62
2785,Connie Chavez,bradshawrobert@example.com,Colombia,2024-05-01,Standard,459.23
2786,Jesus Wright,paul21@example.net,Ghana,2025-10-07,Standard,387.32
2787,Jay Bowen,kathleenscott@example.org,China,2025-05-19,Premium,318.49
2788,David Wilson,amyers@example.net,Nigeria,2026-04-12,Standard,695.25
2789,David Munoz,yallen@example.org,Uzbekistan,2024-09-14,Standard,643.78
2790,Benjamin Garner,collinsantonio@example.com,Saint Helena,2024-09-09,Basic,180.79
2791,Brenda Nicholson,ralexander@example.org,Yemen,2022-06-24,Basic,345.94
2792,Diana Perez,parkermax@example.org,Palestinian Territory,2023-01-27,Standard,196.22
2793,Charles Franklin,richarddiaz@example.net,Cameroon,2024-05-18,Standard,366.65
2794,Cynthia Sanchez,thomaswang@example.com,Honduras,2023-12-12,Standard,519.88
2795,Amy Higgins,brittany44@example.org,Ukraine,2022-01-14,Standard,139.49
2796,Christina Evans,xandrade@example.org,United States Virgin Islands,2025-08-04,Standard,104.47
2797,Melissa Foley,rwebb@example.net,Botswana,2023-03-20,Basic,96.86
2798,Michael Wilson,yjacobs@example.com,Sudan,2021-12-07,Basic,233.59
2799,Scott Hicks,nthomas@example.org,Samoa,2021-11-17,Standard,120.05
2800,Crystal Montgomery,coreypierce@example.com,Montenegro,2026-02-11,Basic,364.80
2801,Jessica Shelton,hstrickland@example.org,Guinea-Bissau,2022-04-19,Basic,188.06
2802,Joanne Smith,michael99@example.net,Belgium,2023-06-24,Basic,83.64
2803,David Stewart,lambgregory@example.org,Singapore,2024-11-04,Standard,584.89
2804,Kelly Castro,eatonjulie@example.com,Northern Mariana Islands,2023-05-06,Standard,601.17
2805,Kristopher Shaw,djuarez@example.org,Pakistan,2025-07-05,Standard,186.27
2806,Larry Higgins,joshuacohen@example.com,Philippines,2023-05-09,Standard,105.13
2807,Kimberly Cummings,kristinaweaver@example.org,Aruba,2021-12-27,Premium,1181.21
2808,Joshua Anderson,charlessavage@example.com,Bolivia,2022-10-31,Standard,386.79
2809,Antonio Gardner,eduardogarcia@example.net,Palestinian Territory,2024-05-07,Standard,344.56
2810,David Johnson,ginajones@example.net,Iceland,2024-03-24,Standard,100.50
2811,Mandy Walker,youngannette@example.net,Pitcairn Islands,2022-01-16,Standard,553.64
2812,Karen Sanchez,dburke@example.net,Malawi,2024-07-29,Premium,1230.72
2813,John Olson,williamsmichael@example.org,Equatorial Guinea,2025-02-08,Standard,386.42
2814,Anthony Wells,bryantryan@example.com,Monaco,2023-06-10,Premium,1209.81
2815,Rebecca Lambert,dalton37@example.org,Marshall Islands,2023-06-21,Basic,197.58
2816,Sonia Silva,deanlauren@example.com,Guyana,2022-11-29,Standard,263.42
2817,Larry Thomas,ycooper@example.org,Netherlands Antilles,2022-07-17,Standard,640.98
2818,Blake Gonzales,wattsemma@example.net,Israel,2025-05-13,Standard,194.63
2819,Cynthia Gomez,taylorrichard@example.com,Uzbekistan,2025-06-30,Premium,1342.78
2820,Teresa Watson,gclark@example.org,Mayotte,2025-11-04,Standard,528.19
2821,Nicole Morrow,martindonald@example.net,Palau,2026-04-02,Premium,605.37
2822,Donna James,turnerkristin@example.com,Christmas Island,2024-01-31,Standard,195.11
2823,Daniel Phillips,jonesstephen@example.org,Poland,2023-02-07,Basic,361.37
2824,Ashley Lopez,danielsanders@example.net,Saint Pierre and Miquelon,2023-09-21,Standard,373.39
2825,Jennifer Mendoza,paul68@example.net,Iceland,2024-07-30,Premium,1174.79
2826,Tammy Robinson,aaronramirez@example.org,Libyan Arab Jamahiriya,2025-01-10,Standard,522.21
2827,Crystal Daniel,cannonbarbara@example.org,San Marino,2026-05-17,Standard,144.39
2828,Michelle Gould,stanleygary@example.org,Hungary,2023-04-06,Standard,374.69
2829,Austin Velez,bennettsharon@example.org,Mozambique,2022-01-31,Standard,107.85
2830,Carolyn Palmer,timothy83@example.org,Benin,2024-04-18,Standard,211.17
2831,Kevin Zhang,epearson@example.com,Philippines,2023-11-08,Standard,688.41
2832,Rachel Acosta,marissa74@example.net,Nicaragua,2023-11-09,Standard,85.83
2833,Emily Spears,danielmartinez@example.com,Mayotte,2025-11-18,Premium,197.93
2834,Victoria Kelly,tranamanda@example.org,Wallis and Futuna,2026-01-26,Basic,284.79
2835,Billy Lewis,richard31@example.com,Cook Islands,2025-10-04,Premium,1685.02
2836,Joel Friedman,shane26@example.org,Italy,2024-08-06,Premium,1490.73
2837,Claudia Sloan,davismary@example.org,Malta,2025-11-17,Standard,563.71
2838,Mariah Eaton,myerstiffany@example.org,Qatar,2021-11-06,Premium,982.19
2839,Maria Smith,simmonstristan@example.org,South Africa,2025-01-11,Basic,156.16
2840,James Lang,robertmartinez@example.org,Belarus,2023-12-19,Standard,496.65
2841,Erin Lane,collinscarolyn@example.org,Ecuador,2023-12-30,Basic,182.22
2842,Howard Phillips,wesley56@example.org,Pitcairn Islands,2024-08-08,Standard,231.88
2843,Olivia Martinez,ujefferson@example.org,Netherlands,2024-10-09,Premium,684.30
2844,Frank Woodward,daniel41@example.net,Reunion,2025-04-24,Premium,1205.04
2845,Spencer Jones,marilyn62@example.org,Svalbard & Jan Mayen Islands,2025-02-16,Premium,510.11
2846,Cole Shepherd,hortonrandall@example.net,Netherlands Antilles,2022-12-02,Standard,519.12
2847,Roger Cummings,lucas15@example.com,Cuba,2025-06-29,Standard,496.14
2848,Alexa Ingram,hharper@example.net,Saint Pierre and Miquelon,2023-04-20,Premium,1569.60
2849,Amber Matthews,michael98@example.com,Burkina Faso,2024-10-05,Standard,593.09
2850,Amanda Galloway,jacquelinemurray@example.net,Singapore,2026-01-27,Standard,743.57
2851,Tracy Frost,emorales@example.org,Turkey,2022-08-23,Basic,324.85
2852,Julie Villa,sjohnson@example.org,British Indian Ocean Territory (Chagos Archipelago),2024-01-03,Basic,244.91
2853,Edward Smith,kevinsantos@example.net,Chile,2025-04-15,Standard,138.95
2854,Anna Jensen,lisabrown@example.net,United States Minor Outlying Islands,2022-11-03,Standard,500.84
2855,Jessica Parker,davisamy@example.net,Somalia,2023-03-01,Standard,699.07
2856,Edward Stanton,eric02@example.net,Fiji,2022-11-01,Basic,87.86
2857,Holly Wolfe,scott51@example.org,Paraguay,2025-04-17,Standard,589.16
2858,Austin Rogers,alan94@example.org,Georgia,2024-02-02,Standard,735.16
2859,Joshua Mann,taylorflores@example.net,Burkina Faso,2023-02-11,Standard,120.57
2860,Brandon Schultz,romeromakayla@example.com,Tokelau,2021-12-29,Premium,1611.56
2861,Penny Johnson,lucasflores@example.com,Cocos (Keeling) Islands,2025-05-12,Standard,419.94
2862,Casey Walters,johnreyes@example.com,Jersey,2024-07-12,Basic,221.23
2863,Jessica Thompson,ashleyhall@example.net,Hungary,2022-01-29,Basic,44.79
2864,Ruben Weber,chelseasmith@example.net,South Africa,2022-10-07,Premium,1370.33
2865,Beth Valdez,kellygray@example.net,Christmas Island,2024-03-05,Premium,547.32
2866,Jason Harris,emily89@example.org,Zambia,2022-10-21,Standard,239.39
2867,Jacob Crosby,ngraham@example.com,Saint Martin,2021-10-19,Premium,391.65
2868,Robert Cain,justinluna@example.org,Hungary,2026-05-02,Standard,211.36
2869,Kristen Cooper,vadams@example.org,Morocco,2025-12-03,Standard,508.38
2870,Peter Hansen,chelsea70@example.org,Montenegro,2023-09-30,Standard,564.58
2871,Shelly Henderson,jason91@example.com,Iraq,2023-04-03,Basic,199.74
2872,Caleb Dunn,adamgill@example.net,Guam,2022-12-25,Basic,88.34
2873,Tiffany Lewis,valerie96@example.net,Honduras,2024-03-12,Standard,606.21
2874,Jerry Ryan,stephen61@example.com,Reunion,2025-11-18,Premium,1422.05
2875,Shelby Delacruz,fsilva@example.com,Nigeria,2023-10-25,Standard,623.58
2876,Alexander Blake,laura71@example.com,India,2024-01-06,Basic,122.44
2877,Jeffrey Nguyen,chase86@example.org,Poland,2022-02-03,Basic,163.38
2878,Eduardo Hart DDS,jamesbenson@example.com,New Zealand,2026-01-19,Standard,111.50
2879,Ms. Erin Andrade,mario05@example.com,Ireland,2025-11-24,Basic,395.82
2880,Tiffany Washington,brandon42@example.net,Jordan,2021-12-21,Basic,290.66
2881,Kimberly Jackson,laurie14@example.org,Tanzania,2022-04-06,Standard,664.08
2882,Scott Villarreal,monica76@example.net,China,2025-05-23,Standard,198.89
2883,Elizabeth Haney,sotokathleen@example.org,Maldives,2024-11-05,Standard,118.62
2884,Olivia Russell,lambertjames@example.net,Guernsey,2022-09-19,Standard,718.72
2885,Angela Carrillo,scottlane@example.net,Grenada,2022-01-12,Premium,1737.42
2886,Mariah Smith,dawn85@example.org,United States of America,2025-12-15,Basic,85.20
2887,Julia Warren,nwilliams@example.com,Greece,2023-09-09,Standard,445.47
2888,Cory Henderson,kevin43@example.net,Nepal,2022-11-26,Basic,113.57
2889,Linda Burgess,jessemedina@example.net,Canada,2022-08-05,Standard,362.71
2890,Michael Davis,westjeffrey@example.org,Turks and Caicos Islands,2023-11-05,Standard,185.81
2891,Hunter Murray,athompson@example.org,Iceland,2022-11-02,Standard,361.21
2892,Joshua Horton,qcervantes@example.com,Sierra Leone,2025-11-27,Standard,279.59
2893,Melinda Santos,mary52@example.net,Guinea,2025-11-09,Standard,728.21
2894,Joe King,riverskristen@example.com,Iceland,2023-12-10,Standard,657.14
2895,Diana Baker,andrewdelacruz@example.com,Lao People's Democratic Republic,2023-05-22,Standard,716.93
2896,Jeremy Gonzalez,joneskaren@example.org,Pakistan,2025-07-01,Standard,329.96
2897,Kevin Mccormick,duncanjoshua@example.org,South Africa,2023-08-29,Standard,360.32
2898,Nicholas Hernandez,jennifer53@example.net,South Georgia and the South Sandwich Islands,2023-04-13,Standard,367.57
2899,Holly Peterson,robinhancock@example.org,Western Sahara,2023-09-03,Standard,718.79
2900,Miss Suzanne Lambert,hensleybenjamin@example.com,Antarctica (the territory South of 60 deg S),2025-11-21,Standard,589.30
2901,Angela Brown,lisarichards@example.net,Guyana,2025-09-26,Standard,131.18
2902,Kyle Cannon,fbass@example.org,Mexico,2022-02-13,Basic,148.08
2903,Kathryn Curry,rcobb@example.com,Japan,2021-12-29,Standard,448.18
2904,Julie Coleman,dixonkathryn@example.com,Malawi,2024-01-18,Standard,331.80
2905,Nathan Quinn,pross@example.com,Mexico,2026-01-15,Standard,266.18
2906,Alexis Watson,miguelcooper@example.net,Namibia,2023-06-27,Standard,399.57
2907,Lisa Hill,jacquelineholt@example.org,Saint Lucia,2022-07-07,Standard,557.53
2908,Kathleen Odonnell,stewartmary@example.net,Dominican Republic,2024-09-23,Standard,693.39
2909,Thomas Jones,gomezjavier@example.org,Martinique,2023-07-22,Premium,1532.11
2910,John Hayes,jasongarza@example.org,El Salvador,2023-11-19,Basic,174.73
2911,Gina Green,michelle20@example.org,Greece,2024-08-22,Standard,355.68
2912,Alan Prince,sabrinaperez@example.net,Liberia,2024-11-02,Standard,575.98
2913,Wendy Medina,fgutierrez@example.com,Gabon,2022-02-02,Standard,282.77
2914,Dalton Richardson,alankelly@example.com,Congo,2022-12-13,Basic,65.64
2915,Jennifer Flores,baileystephanie@example.net,Singapore,2024-04-20,Basic,397.29
2916,Melissa Burns,matthew99@example.org,Sudan,2024-07-01,Premium,1643.10
2917,Stephen Leon,rangelteresa@example.net,Honduras,2023-04-07,Standard,589.99
2918,Sara Dudley,bennettmichael@example.net,Christmas Island,2022-09-09,Basic,317.66
2919,Scott Matthews,amanda91@example.net,Uganda,2025-03-13,Basic,165.49
2920,Anthony Gonzalez,fuentesmichelle@example.org,Eritrea,2022-04-01,Basic,268.59
2921,Rose Collins,curtisfranklin@example.com,Morocco,2023-12-06,Standard,113.95
2922,Vanessa Boone,thompsonzachary@example.org,Latvia,2026-02-19,Standard,361.23
2923,William Phillips,pdavis@example.org,Grenada,2026-01-10,Standard,397.46
2924,Craig Brown,floresbenjamin@example.org,Sri Lanka,2023-02-24,Basic,170.11
2925,Jeremy Miller,englishchristina@example.net,Ireland,2023-06-01,Basic,50.17
2926,Mary Edwards,trussell@example.com,Dominica,2025-05-11,Standard,174.82
2927,William Torres,carlagarcia@example.com,Wallis and Futuna,2024-09-06,Standard,712.38
2928,Debra Hernandez,fparker@example.net,United States Virgin Islands,2025-04-13,Premium,564.68
2929,Jason Garcia,yhendrix@example.net,Nicaragua,2022-01-29,Standard,522.26
2930,Paul Larsen,ernestwright@example.net,British Virgin Islands,2023-08-21,Standard,153.79
2931,Roger Buckley,gloriachen@example.com,Guinea-Bissau,2026-04-03,Premium,1295.78
2932,Matthew James,bblevins@example.net,Congo,2024-10-08,Standard,551.60
2933,Robert Erickson DDS,reedjerry@example.net,South Georgia and the South Sandwich Islands,2024-10-13,Basic,68.93
2934,Theresa Bell,kathleenarnold@example.com,Australia,2025-02-17,Basic,355.36
2935,Andre Choi,rdurham@example.net,Guadeloupe,2024-09-09,Standard,363.14
2936,Dawn Lee,jcrosby@example.net,Guernsey,2022-01-20,Standard,412.94
2937,Steven Shepherd,erica80@example.net,Venezuela,2022-05-08,Standard,673.49
2938,Kelli Smith,jwilliams@example.org,China,2025-07-27,Standard,570.41
2939,Deborah Barnes,melanie74@example.com,Zimbabwe,2025-08-21,Basic,372.76
2940,Lisa Peterson,scottchristopher@example.net,Saint Lucia,2024-07-14,Basic,79.34
2941,James Watts,austinlester@example.com,Niue,2025-10-26,Standard,613.34
2942,Chad Robertson,gschmidt@example.com,Saint Lucia,2026-01-05,Basic,136.85
2943,Michael Pruitt,charlesprice@example.org,Israel,2024-11-06,Standard,580.10
2944,Brenda Vargas,gaylauren@example.org,Moldova,2023-07-11,Standard,79.33
2945,Karen Lawrence,forr@example.net,Nicaragua,2021-09-09,Standard,406.91
2946,Christine Martinez,melody89@example.com,Saint Lucia,2022-11-04,Premium,1393.65
2947,Nathan Roberts,lawrencekaren@example.com,Kuwait,2025-08-28,Standard,356.37
2948,Tina Hall,panderson@example.net,Guinea-Bissau,2026-01-10,Standard,365.89
2949,Jennifer Lewis,wilkinsmark@example.org,Brunei Darussalam,2024-11-25,Standard,200.82
2950,Adam Hawkins,hbriggs@example.net,Sierra Leone,2023-09-07,Premium,941.19
2951,Jamie Guerrero,michaelalvarado@example.net,Martinique,2024-12-06,Standard,149.41
2952,Caitlin Escobar,wolfdaniel@example.org,Cape Verde,2022-11-03,Standard,218.49
2953,Jeffrey Hicks,ronald46@example.com,United States of America,2023-08-30,Standard,581.19
2954,Albert Avery III,timothyadams@example.com,Morocco,2023-03-29,Basic,109.08
2955,Frances Miller,daisy17@example.com,Ukraine,2023-05-03,Basic,353.78
2956,Erin Fuller,thill@example.com,Falkland Islands (Malvinas),2022-01-17,Standard,691.26
2957,Michele Carter,ksutton@example.com,Kenya,2023-03-25,Premium,1177.38
2958,Paul Wilson,vcoleman@example.org,Ethiopia,2024-09-05,Premium,309.99
2959,Evan Saunders,hcollins@example.net,Iraq,2023-10-25,Premium,276.21
2960,Cynthia Sharp,knightjamie@example.net,Madagascar,2025-09-14,Premium,544.78
2961,Brian Mueller,millerjill@example.net,Lebanon,2024-11-15,Standard,588.36
2962,Thomas Thomas,katherine34@example.net,Netherlands Antilles,2022-06-13,Premium,594.08
2963,Juan Bradley,ryan01@example.net,Tunisia,2024-02-22,Basic,279.52
2964,Adam Harris,angela15@example.org,Kazakhstan,2025-05-09,Basic,55.07
2965,Stanley Ross,wgarcia@example.com,Eritrea,2022-12-22,Standard,609.46
2966,Haley Willis,bwilliams@example.com,Togo,2022-12-13,Standard,426.05
2967,Wanda Schultz,tylerwilliams@example.com,San Marino,2022-08-23,Basic,135.70
2968,Sarah Evans,rodriguezhannah@example.net,Marshall Islands,2025-09-19,Standard,585.92
2969,Jeremy Sims,leahdiaz@example.org,Chile,2026-07-09,Standard,302.17
2970,Tiffany Booker,angelavalencia@example.net,Luxembourg,2023-11-19,Standard,306.58
2971,Kimberly Davis,paulbutler@example.org,Western Sahara,2024-08-25,Standard,236.73
2972,Martin Adams,jsmith@example.net,Singapore,2025-10-10,Standard,343.97
2973,Sandra Miller,lawsoncalvin@example.com,Holy See (Vatican City State),2023-06-19,Standard,733.33
2974,Michael Ramirez,leoncassandra@example.org,Guadeloupe,2022-08-23,Basic,330.26
2975,Thomas Harvey,abigailchambers@example.org,Maldives,2025-07-08,Premium,1546.10
2976,Kelly Nelson,yhamilton@example.com,Myanmar,2026-02-07,Standard,638.91
2977,Mr. Eric Salazar,danielletorres@example.com,Mauritania,2023-12-20,Basic,49.24
2978,George Jenkins MD,jessicagreer@example.com,Seychelles,2024-09-04,Premium,1010.74
2979,Katelyn Potts,kennethrodriguez@example.org,Guyana,2024-07-31,Basic,310.52
2980,Zachary Beck,martinezmason@example.com,Kyrgyz Republic,2023-11-21,Standard,380.04
2981,Dwayne Woodward,elizabethcardenas@example.net,Estonia,2025-01-31,Standard,662.15
2982,Mr. Tommy Mcdonald,richard13@example.com,Faroe Islands,2024-11-08,Standard,520.65
2983,Katherine Davis,nancy57@example.org,Niger,2024-12-09,Premium,1179.97
2984,Scott Herrera,michael09@example.com,Libyan Arab Jamahiriya,2025-05-07,Basic,155.99
2985,John Reilly,valdezrichard@example.org,Solomon Islands,2026-02-07,Standard,664.57
2986,Susan Fuller,frankrobert@example.org,Croatia,2025-04-28,Basic,304.89
2987,Tonya Turner,turnersteven@example.com,Iran,2025-08-25,Standard,232.65
2988,Jill Moran MD,fcaldwell@example.net,Sudan,2025-08-24,Standard,573.96
2989,Valerie Martinez,jennifer95@example.org,Maldives,2025-03-06,Basic,165.40
2990,Mr. Miguel Powell Jr.,leemakayla@example.org,Andorra,2022-01-01,Basic,378.93
2991,Michael Hopkins,changsamuel@example.org,Wallis and Futuna,2023-07-13,Standard,519.38
2992,Maria Andrews,sdaniels@example.net,Christmas Island,2026-05-02,Standard,142.81
2993,Michael Sanders,danielyates@example.net,Sudan,2025-07-08,Standard,484.84
2994,Patricia Mclean,rwallace@example.org,Guinea,2026-08-09,Basic,353.15
2995,Katelyn Allen,jacqueline96@example.org,Liechtenstein,2021-11-25,Basic,322.55
2996,Joseph Lewis,rasmussenjerry@example.com,Svalbard & Jan Mayen Islands,2022-02-22,Basic,51.43
2997,Adam Nelson,munozrenee@example.com,Chad,2024-01-28,Standard,133.79
2998,Lucas Reynolds,leejoseph@example.net,Montenegro,2023-09-07,Basic,398.67
2999,Stacey Sampson,abigail03@example.net,Seychelles,2025-11-19,Basic,208.05
3000,Alexandra Williams,onunez@example.com,Singapore,2024-10-03,Basic,383.82
3001,Kristina Hernandez,palmerterri@example.com,Cocos (Keeling) Islands,2026-05-11,Standard,439.95
3002,Cynthia Blair,jasmine12@example.net,Tonga,2025-06-07,Standard,190.04
3003,Todd Garcia,emilykrueger@example.org,Belarus,2022-12-07,Basic,291.97
3004,Erica Moore,gmiller@example.net,Liechtenstein,2025-07-24,Premium,1739.54
3005,Renee Thomas,lisa46@example.com,Korea,2026-06-07,Premium,1638.18
3006,Denise Melendez,henryparks@example.com,Fiji,2023-01-17,Standard,333.86
3007,Joseph Salinas,christopher67@example.org,Malawi,2026-06-12,Standard,560.44
3008,Brianna Harris,vaughnjavier@example.net,Japan,2024-03-06,Standard,717.27
3009,Kimberly Hurst,qcrosby@example.com,Paraguay,2022-04-14,Standard,524.20
3010,Benjamin Stanley,jamesmorris@example.org,United Arab Emirates,2022-02-06,Basic,268.08
3011,Christopher Clark,asmith@example.net,Liberia,2026-01-02,Standard,611.99
3012,Eddie Velez,oconnoralex@example.com,Panama,2024-12-08,Standard,226.07
3013,Wesley Young,vbennett@example.net,Holy See (Vatican City State),2021-08-16,Standard,698.60
3014,John Massey,glopez@example.com,Cameroon,2021-10-27,Premium,715.58
3015,Sarah Foster,douglasdakota@example.com,Suriname,2024-06-26,Basic,307.47
3016,Stephen Lambert,pkirk@example.com,South Africa,2023-08-13,Basic,275.41
3017,Julie Rodriguez,moralesmarcus@example.net,Sao Tome and Principe,2022-10-07,Basic,387.85
3018,Jasmine Buck,sanfordjennifer@example.com,Oman,2021-09-09,Standard,232.52
3019,George Stanley,thorntoncaitlyn@example.net,Austria,2022-03-25,Standard,271.41
3020,Scott Hansen,lopezvictoria@example.org,Mozambique,2023-07-27,Premium,710.87
3021,Julia Thompson,sandra19@example.org,Northern Mariana Islands,2026-02-13,Standard,202.01
3022,Priscilla Peterson,richardsmith@example.org,Bouvet Island (Bouvetoya),2023-09-24,Basic,246.22
3023,Nicole Pierce,rrichardson@example.net,Algeria,2022-04-27,Premium,668.56
3024,Lindsey Gonzalez,amy84@example.org,Pitcairn Islands,2025-10-23,Standard,572.42
3025,April Cox,nicolenguyen@example.org,Lesotho,2023-03-04,Standard,473.29
3026,Jamie Robinson,david21@example.com,Australia,2026-02-24,Standard,337.00
3027,Brittany Daniels,christopherrivera@example.net,Zambia,2024-10-14,Standard,595.61
3028,Kylie Smith,matthewchang@example.net,Korea,2022-02-10,Basic,376.21
3029,Angela Tucker,leemichael@example.net,Korea,2026-02-25,Premium,1220.39
3030,Elizabeth Anderson,fsmith@example.com,El Salvador,2024-04-26,Standard,146.95
3031,Mark Peters,jason76@example.net,Eritrea,2022-03-10,Premium,1517.47
3032,Pamela Powell,bglenn@example.org,Algeria,2023-07-21,Standard,625.90
3033,Frederick Finley,qrhodes@example.org,Tajikistan,2022-01-05,Standard,222.76
3034,Paige Williams,gregorycarpenter@example.com,San Marino,2025-10-04,Standard,174.51
3035,Felicia Fischer,qkemp@example.com,Brazil,2025-07-06,Standard,579.27
3036,Douglas Ferguson,willisjaclyn@example.com,Saint Kitts and Nevis,2025-08-16,Basic,337.99
3037,Kimberly Ewing,vsmith@example.com,Central African Republic,2024-01-12,Premium,679.22
3038,Richard Silva,lisa47@example.com,Switzerland,2022-03-14,Standard,539.80
3039,John Kaiser,cmyers@example.com,French Guiana,2024-12-24,Standard,647.18
3040,Glenn Hernandez,yhernandez@example.net,Morocco,2022-08-30,Standard,500.98
3041,Debra Zhang,changbethany@example.net,Madagascar,2022-11-26,Standard,271.76
3042,Kelsey Bailey,bsmith@example.com,Saint Kitts and Nevis,2024-07-25,Basic,61.17
3043,Tammy Finley,hjones@example.org,Venezuela,2023-08-30,Basic,94.97
3044,Amanda Saunders,dware@example.com,Nepal,2023-06-27,Basic,345.31
3045,Matthew Hudson,vlawrence@example.com,Bangladesh,2024-12-18,Basic,121.03
3046,Travis Malone,david89@example.com,China,2022-07-20,Basic,372.34
3047,Jennifer Rasmussen,karlmartin@example.org,Poland,2026-04-28,Basic,348.44
3048,Richard Lewis,johnnygray@example.com,Suriname,2025-02-26,Basic,147.68
3049,Ryan Meza,jasmine06@example.net,Guatemala,2024-11-19,Basic,368.46
3050,Jeffrey Hobbs,kimberly94@example.org,Burkina Faso,2024-02-22,Standard,89.56
3051,Mike Williams,qhensley@example.com,Marshall Islands,2026-01-16,Standard,360.15
3052,Donna Mendoza,john19@example.net,Sao Tome and Principe,2025-06-09,Standard,310.11
3053,Alexandra Jackson,sylvia28@example.org,Gibraltar,2022-11-07,Standard,123.48
3054,Philip Turner,michaelowen@example.com,Moldova,2025-11-29,Basic,141.65
3055,Krista Walsh,bstephens@example.net,Cocos (Keeling) Islands,2021-10-27,Basic,292.40
3056,Tiffany Jackson,pamstark@example.org,United Arab Emirates,2026-02-10,Standard,140.69
3057,Michelle Nguyen,nbrandt@example.net,Singapore,2024-06-30,Standard,609.11
3058,Robert Knight,hmoore@example.com,Cook Islands,2025-09-29,Basic,59.48
3059,Darlene Moore,ashley62@example.net,Svalbard & Jan Mayen Islands,2022-03-06,Basic,149.47
3060,Laura Collins,simmonsjimmy@example.org,Mauritius,2024-05-25,Standard,464.58
3061,Aaron Nguyen,whitetony@example.com,Poland,2022-01-03,Standard,400.65
3062,Bridget Moore,millerpaige@example.com,French Southern Territories,2023-06-12,Basic,115.52
3063,James Moreno,donnahorton@example.org,Trinidad and Tobago,2026-01-20,Basic,110.44
3064,Carlos Owens,chanmichael@example.com,Pitcairn Islands,2025-01-06,Standard,319.50
3065,Donald Bryan,mindysanders@example.com,Martinique,2026-02-26,Basic,76.70
3066,Nicholas Frederick,jamesberry@example.com,Madagascar,2026-05-17,Basic,349.04
3067,David Peters,pnichols@example.org,Japan,2021-11-09,Standard,738.32
3068,David Griffin,jermainemorales@example.org,Ethiopia,2025-04-27,Standard,188.55
3069,Kathryn Garcia,cunninghamtyler@example.com,Paraguay,2022-04-10,Premium,735.04
3070,Hayley Duncan,wilsonanna@example.net,Saint Kitts and Nevis,2025-03-21,Standard,712.92
3071,Darrell Hernandez,rwilkinson@example.net,Oman,2025-11-13,Premium,986.81
3072,Lauren Wagner,coopertami@example.net,United States of America,2023-06-22,Standard,367.83
3073,Calvin Jordan,lauriebrewer@example.org,Finland,2024-08-15,Premium,1313.02
3074,Sue Owens,,United States Virgin Islands,2022-07-13,Standard,155.19
3075,Julie Allen,imoore@example.com,Netherlands Antilles,2022-01-04,Standard,279.32
3076,Cynthia Jones,denise77@example.org,Senegal,2026-03-27,Standard,191.43
3077,Richard Castillo,kenneth43@example.net,Turks and Caicos Islands,2023-04-29,Basic,319.31
3078,Steven Stone,cassandracamacho@example.com,Lebanon,2022-03-01,Basic,281.46
3079,Nicole York,patriciadelacruz@example.net,Aruba,2025-10-15,Premium,905.29
3080,Laura Hines,josephferguson@example.org,Norway,2023-02-05,Basic,177.56
3081,Kevin Barnes,simsjennifer@example.net,France,2021-08-29,Standard,375.45
3082,Michael Webb,sperry@example.org,Iraq,2023-07-10,Premium,358.69
3083,Melissa Taylor,jose20@example.org,Isle of Man,2025-07-10,Premium,1185.22
3084,Kyle Miller,sandra01@example.net,Grenada,2022-05-09,Basic,120.98
3085,Tony Wilson,llopez@example.com,Georgia,2026-03-04,Standard,741.46
3086,Tyler Murphy,kochcynthia@example.net,Ethiopia,2022-03-29,Standard,543.26
3087,Courtney Werner,shane42@example.org,Morocco,2024-04-22,Premium,1108.78
3088,Riley Gill,christina67@example.com,South Georgia and the South Sandwich Islands,2026-04-14,Standard,749.97
3089,Mrs. Linda Clarke,ryandurham@example.net,Gabon,2023-12-09,Basic,147.41
3090,Jennifer Smith,douglashart@example.net,Argentina,2025-02-16,Premium,687.24
3091,Jessica Kirby,pjones@example.com,Gabon,2022-05-05,Basic,350.40
3092,Danielle Mclaughlin,louis04@example.org,Norway,2022-11-09,Standard,348.60
3093,Johnathan Thomas,navarroscott@example.com,Sudan,2025-12-05,Basic,181.77
3094,Courtney Gonzalez,gabriellaross@example.org,Falkland Islands (Malvinas),2023-03-18,Basic,322.05
3095,Richard Lawrence,kyliebarker@example.org,Malaysia,2023-12-16,Standard,118.15
3096,Felicia Gonzalez,mcclainjohn@example.com,Djibouti,2022-12-31,Basic,234.03
3097,Steven Shelton,whitejerry@example.com,Bolivia,2025-11-03,Basic,274.61
3098,Peter Mahoney,schultzamber@example.org,Rwanda,2025-09-16,Basic,114.69
3099,David Reed,ruth60@example.org,Egypt,2025-09-20,Standard,154.20
3100,Robert Freeman,diazmichael@example.net,Togo,2024-02-09,Basic,290.28
3101,Tina Adams,hilledwin@example.net,Svalbard & Jan Mayen Islands,2025-01-18,Premium,879.39
3102,Glen Torres,wheelereric@example.com,Togo,2022-01-19,Standard,101.42
3103,Jorge Hess,etownsend@example.net,Bermuda,2025-11-01,Standard,515.53
3104,Morgan Blackwell,baileyjulia@example.net,Portugal,2023-03-01,Premium,579.40
3105,Tara Dickson,srodriguez@example.com,Togo,2025-05-25,Basic,70.46
3106,Travis Shannon,oreynolds@example.org,Malaysia,2024-10-09,Premium,645.26
3107,Donald Sanchez,powersmonique@example.net,Haiti,2026-01-27,Basic,101.78
3108,Cynthia Anderson,ellissheila@example.com,Armenia,2023-01-22,Basic,276.94
3109,Lawrence Keller,elizabeth69@example.com,Kuwait,2025-12-31,Standard,106.16
3110,Michael Schwartz,gjohnson@example.org,Samoa,2025-06-10,Basic,365.66
3111,Andrew Hendricks,doconnor@example.net,Cuba,2024-08-12,Standard,435.52
3112,Mr. Jonathan Garcia,benjaminlloyd@example.com,Palestinian Territory,2022-03-09,Premium,947.45
3113,Kristen Wilson,uzimmerman@example.com,Benin,2024-04-01,Standard,689.78
3114,Tara Galvan,kaisercourtney@example.net,Nauru,2023-07-10,Basic,258.22
3115,Olivia Herrera MD,cthompson@example.org,Lesotho,2026-05-12,Standard,539.35
3116,Brooke Smith,nunezsherry@example.com,Kiribati,2022-05-20,Standard,105.20
3117,Daniel Fisher,owensjeffrey@example.net,Rwanda,2025-07-09,Premium,398.13
3118,Courtney Mack,hfarley@example.net,Myanmar,2024-10-03,Basic,117.48
3119,Ashley Scott,cathy36@example.com,Uganda,2022-01-04,Premium,1044.51
3120,Dennis Johnson,ggray@example.net,Israel,2023-11-11,Standard,262.24
3121,Justin Hines,millerkevin@example.com,Aruba,2023-05-15,Basic,191.93
3122,Holly Morales,john18@example.org,United States Virgin Islands,2024-09-28,Standard,250.96
3123,Kevin Thomas,taylorallison@example.com,Japan,2023-04-09,Standard,185.24
3124,Cynthia Harrison,polson@example.org,Philippines,2022-08-12,Standard,712.70
3125,Michael Castillo,maryrodriguez@example.com,Mexico,2024-01-06,Standard,709.63
3126,Samuel Thomas,taylornicholas@example.com,Guadeloupe,2023-03-21,Premium,495.93
3127,Yesenia Phillips,hunterjulie@example.org,Papua New Guinea,2024-06-06,Standard,256.84
3128,Sarah Bradley,dmorales@example.org,Mali,2024-02-29,Standard,510.76
3129,James Myers,harrislaura@example.com,Egypt,2024-03-30,Basic,242.91
3130,Amy Johnson,carterlawrence@example.net,Gambia,2024-09-14,Standard,420.21
3131,Albert Holt,daniel99@example.net,Isle of Man,2023-03-08,Standard,629.56
3132,Paul Hernandez,wsteele@example.org,Mali,2024-08-22,Standard,606.75
3133,Charles Moore,crystal00@example.org,Brunei Darussalam,2022-11-11,Standard,725.71
3134,Steven Mitchell,patrick77@example.org,Colombia,2023-05-30,Standard,257.33
3135,Kelly Doyle,curtis82@example.net,Turkmenistan,2026-02-26,Standard,536.69
3136,Jason Reynolds,hornjeff@example.org,Libyan Arab Jamahiriya,2024-04-01,Standard,297.32
3137,Donald Reid,silvapatrick@example.org,Israel,2022-01-10,Premium,1607.06
3138,James Morris,kevin20@example.org,Cayman Islands,2025-08-11,Basic,92.68
3139,Justin King,elee@example.org,Trinidad and Tobago,2023-12-03,Basic,138.51
3140,Eric Williams,monroemonica@example.net,Antigua and Barbuda,2025-02-02,Premium,1717.69
3141,James Matthews,morakristin@example.net,Serbia,2022-11-09,Standard,717.45
3142,Abigail Miller,shawn18@example.net,Syrian Arab Republic,2025-05-02,Basic,84.46
3143,Robin Brock,jessicaboone@example.com,Zimbabwe,2024-11-25,Standard,665.97
3144,Stacy Barber,qcastro@example.org,French Guiana,2021-12-05,Standard,619.59
3145,Dennis Campbell,katelynblack@example.org,Western Sahara,2025-11-26,Premium,724.52
3146,Madeline Collins,sandra32@example.com,North Macedonia,2022-03-11,Standard,265.35
3147,Mary Collins,xjohnson@example.com,Afghanistan,2024-06-23,Standard,141.87
3148,Anthony Kidd,schavez@example.net,Svalbard & Jan Mayen Islands,2024-02-17,Premium,675.84
3149,Andrea Gonzalez,lisa56@example.com,Germany,2023-12-25,Basic,105.04
3150,Brittany Murphy,ygreene@example.org,Korea,2025-03-29,Basic,284.01
3151,Daniel Kaiser,nbaker@example.net,Mozambique,2024-09-05,Basic,238.60
3152,Joanna Munoz,johnrodriguez@example.org,India,2025-05-09,Basic,184.95
3153,Mrs. Charlene Mccoy DVM,smithpaul@example.org,Chad,2023-09-30,Standard,249.87
3154,Heather Bentley,baileysara@example.com,Dominican Republic,2022-01-19,Standard,556.43
3155,Angela Davies,sschneider@example.com,Solomon Islands,2022-01-31,Standard,171.30
3156,James Price,andrew47@example.com,Zambia,2024-03-20,Standard,255.47
3157,Eric Hoffman,william81@example.com,American Samoa,2026-02-07,Basic,270.11
3158,Robert Johnson,morsestephen@example.com,Albania,2025-05-19,Standard,599.83
3159,Travis Hubbard,desireeedwards@example.com,Nepal,2022-08-07,Standard,357.31
3160,William Johnson,rodrigueznicole@example.com,Botswana,2024-06-25,Standard,371.30
3161,Sandra Haney,christina21@example.com,France,2023-01-30,Standard,391.35
3162,Rhonda Cook,owest@example.org,Djibouti,2024-12-10,Standard,718.02
3163,Mary Cross,nathaniel23@example.net,Botswana,2024-01-06,Standard,559.97
3164,Sabrina Acosta,john00@example.com,Niger,2025-02-01,Basic,122.36
3165,Catherine Sims,jason61@example.net,Nicaragua,2024-01-01,Standard,133.69
3166,Cynthia Vang,suzannebooth@example.com,Puerto Rico,2026-03-07,Standard,595.14
3167,Jon Sharp,lauracain@example.com,Tanzania,2024-03-30,Basic,268.48
3168,Tracy Sanchez,michellehopkins@example.com,Micronesia,2023-11-18,Premium,553.06
3169,Michael Ritter,joshuagonzalez@example.org,Ukraine,2025-06-09,Premium,1081.12
3170,Jeanette Pineda,woodsjeremy@example.com,Kyrgyz Republic,2024-08-25,Premium,625.22
3171,Mitchell Price,angel98@example.net,Comoros,2026-04-15,Basic,331.00
3172,Dennis Turner,lorinichols@example.net,Kiribati,2021-09-09,Premium,1668.72
3173,Mary Fuller,michael03@example.net,Saint Barthelemy,2022-10-19,Standard,704.40
3174,Karen Larsen,ramseyvalerie@example.com,Zimbabwe,2025-05-08,Premium,959.04
3175,Heidi Martinez,murphychristine@example.org,Iceland,2026-07-16,Standard,531.82
3176,Michael Bowers,contreraskara@example.org,Svalbard & Jan Mayen Islands,2023-03-31,Standard,159.17
3177,Benjamin Richards,annafrench@example.net,Nigeria,2024-09-30,Premium,474.54
3178,Travis Foley,williamsjodi@example.net,Burundi,2024-11-20,Basic,42.62
3179,Scott Wade,ncollier@example.org,Serbia,2025-01-06,Standard,435.67
3180,Susan Wilkins,mwoods@example.net,Venezuela,2022-09-14,Standard,746.10
3181,Maurice Moreno,drhodes@example.net,Ecuador,2024-10-02,Standard,696.31
3182,Steven Cox,jenny19@example.org,Brunei Darussalam,2026-07-21,Basic,380.18
3183,Kerri Taylor,andrewlewis@example.org,Malta,2025-04-01,Standard,103.59
3184,Dustin Castillo,littlecourtney@example.net,Czech Republic,2025-10-03,Standard,188.76
3185,Jason Duran,blawson@example.net,Comoros,2023-03-13,Basic,314.94
3186,Leslie Gutierrez,ahamilton@example.org,Cameroon,2022-09-27,Basic,102.93
3187,Andrea Duncan,donnamadden@example.org,Solomon Islands,2026-02-10,Standard,164.99
3188,Stephen Trujillo,lbuck@example.com,Tuvalu,2024-08-16,Standard,109.36
3189,David Singleton,megan22@example.com,Colombia,2026-02-24,Standard,190.08
3190,David Turner,kathleen36@example.net,Saint Lucia,2024-04-28,Basic,161.67
3191,Shelby Stephenson,parkertasha@example.org,Aruba,2023-09-29,Standard,636.42
3192,Michael Johnson,vmendoza@example.com,Reunion,2023-05-09,Basic,348.81
3193,Rachael Brown,khale@example.com,Marshall Islands,2024-01-03,Standard,401.11
3194,Carolyn Kelly,wattsalfred@example.net,Ethiopia,2026-05-21,Standard,76.51
3195,Julie Wilson,olivialevy@example.com,Saint Kitts and Nevis,2021-09-22,Standard,340.69
3196,Fred Phillips,thompsonluis@example.net,Niger,2024-07-23,Basic,374.48
3197,Julie Perez,ycordova@example.net,Congo,2024-08-15,Basic,225.59
3198,John Riley,carlos24@example.net,Korea,2022-12-17,Basic,376.75
3199,Austin Leonard,drichmond@example.org,Cuba,2025-03-02,Basic,345.41
3200,Tyrone Long,groy@example.org,Central African Republic,2023-06-09,Premium,184.28
3201,Monica Martin,anthonysmith@example.org,Guyana,2023-08-09,Standard,276.39
3202,Patrick Romero,belindamartin@example.com,Northern Mariana Islands,2024-05-28,Premium,725.81
3203,Courtney Stout,laurenwilliams@example.com,Pitcairn Islands,2025-03-12,Basic,184.74
3204,Angela Fields,jenniferjarvis@example.com,Mayotte,2023-05-11,Premium,853.52
3205,John Smith,jkirk@example.com,Burundi,2024-05-03,Standard,432.14
3206,Michael Kim,tracywolfe@example.org,Norfolk Island,2023-08-04,Basic,187.86
3207,Mario Cross,martin00@example.com,Turks and Caicos Islands,2022-01-06,Basic,42.49
3208,Lisa Barker,jennifer26@example.org,Cote d'Ivoire,2025-01-23,Basic,130.05
3209,Jason Ferrell,davidmorris@example.org,Samoa,2024-11-19,Standard,327.66
3210,Michael Lee,felicia43@example.com,Greenland,2025-08-25,Standard,677.23
3211,Veronica Saunders,melissacastro@example.net,Bouvet Island (Bouvetoya),2025-12-20,Standard,256.90
3212,Connie Henderson,jsalazar@example.com,Saint Lucia,2024-12-29,Basic,276.26
3213,Daniel Smith,joshua41@example.org,Iceland,2022-02-09,Standard,169.42
3214,Kevin Smith,kelly58@example.org,Bolivia,2023-04-05,Basic,42.09
3215,Katherine Evans,kgreer@example.net,Afghanistan,2024-07-18,Basic,295.32
3216,Bryan Smith,penatamara@example.com,Nicaragua,2024-06-24,Premium,623.72
3217,Annette Higgins,davidcopeland@example.net,Greenland,2023-06-23,Premium,838.16
3218,Melissa Anderson,nguyenmary@example.org,Korea,2024-11-07,Standard,96.33
3219,Cynthia Morse,blevinsmelissa@example.com,Luxembourg,2026-08-03,Standard,715.15
3220,Gerald Berg,caitlinwilliams@example.org,Benin,2022-03-11,Basic,393.85
3221,Christopher Nguyen,ddavenport@example.com,Romania,2024-04-30,Premium,945.28
3222,Jennifer Walker,lhill@example.org,Dominica,2021-09-17,Standard,535.17
3223,Heather Barrera,mannbrittany@example.org,Taiwan,2024-05-01,Premium,1357.97
3224,Stephen Bridges,gregoryfrey@example.org,Heard Island and McDonald Islands,2026-05-26,Basic,183.96
3225,Michael Phillips,caitlyn20@example.com,Saint Pierre and Miquelon,2025-07-31,Basic,307.08
3226,Jessica Wallace,rodriguezjacob@example.com,Nauru,2025-08-07,Basic,87.31
3227,Michael Blake,jjenkins@example.com,Tunisia,2022-11-11,Basic,325.38
3228,Melanie Miller,ksmith@example.com,Marshall Islands,2024-06-19,Premium,716.99
3229,Amanda Avila,donna22@example.org,Singapore,2022-08-21,Premium,1252.99
3230,Joseph Frank,smithwillie@example.com,Kuwait,2023-10-11,Premium,1481.99
3231,Beverly Romero,adrianmcneil@example.com,Fiji,2023-07-26,Standard,478.03
3232,Bruce Wright,mray@example.org,Lao People's Democratic Republic,2022-02-20,Premium,931.30
3233,Erin Long,gainesmelissa@example.org,Croatia,2024-03-20,Standard,130.77
3234,Mr. Joseph Gomez,williamgross@example.net,Tokelau,2024-09-08,Standard,491.89
3235,Matthew Payne,kimberly97@example.com,Qatar,2022-10-29,Basic,107.27
3236,Stephanie Smith,ruiztyler@example.com,Nicaragua,2024-07-11,Standard,152.64
3237,Rachel Luna,kimberly57@example.net,United Arab Emirates,2024-10-28,Standard,548.15
3238,Robert Hill,hayesbonnie@example.org,Samoa,2023-09-29,Standard,364.68
3239,Ray Cooper,kennethhayes@example.com,Montenegro,2022-02-27,Standard,603.33
3240,Timothy Gross,matthewpearson@example.net,Cote d'Ivoire,2026-03-21,Premium,1325.47
3241,Tina Walsh,murraycatherine@example.net,Japan,2023-06-07,Standard,202.35
3242,Joanna Avila,qrivera@example.net,Barbados,2023-07-04,Basic,266.41
3243,Whitney Robinson,erica73@example.org,Kenya,2024-11-15,Premium,364.73
3244,Michael Owens,rdavis@example.net,Tokelau,2022-07-31,Standard,259.86
3245,Maria Smith,paulmoore@example.org,Congo,2025-03-11,Standard,173.69
3246,Diane Young,rileymatthews@example.com,Bulgaria,2026-05-20,Premium,489.44
3247,Ralph Luna,christopherkey@example.org,Venezuela,2025-09-20,Basic,176.93
3248,Emily Moore,lawrencelambert@example.com,Sudan,2022-03-17,Standard,547.61
3249,Brittney Wheeler,lopeztanya@example.org,Ethiopia,2024-01-09,Basic,119.84
3250,Jeff Salazar,richardsjennifer@example.com,Heard Island and McDonald Islands,2023-05-03,Standard,116.41
3251,William Gentry,benjaminjenkins@example.com,El Salvador,2021-12-24,Standard,109.87
3252,Eric Giles,anne76@example.org,Seychelles,2022-05-31,Premium,747.63
3253,Danielle Bates,fryedylan@example.net,Saint Martin,2025-05-23,Basic,296.17
3254,Jason Johnson,jgarcia@example.org,Trinidad and Tobago,2022-05-12,Standard,679.20
3255,Mariah Douglas,diazkenneth@example.com,Moldova,2025-02-01,Standard,75.36
3256,Aaron Scott,mario59@example.com,Austria,2022-03-30,Standard,292.11
3257,Michael Patterson,xjimenez@example.net,New Caledonia,2025-08-16,Standard,264.11
3258,Ricky Hall,tonyhodge@example.org,Morocco,2025-03-25,Standard,365.86
3259,Michael Jenkins,stoneheather@example.org,Iran,2024-06-10,Standard,406.62
3260,Victoria Conley,kwu@example.org,Colombia,2026-05-08,Standard,150.28
3261,Antonio Wallace,erica61@example.com,Sierra Leone,2024-08-22,Standard,536.00
3262,Todd Ford,blancharderika@example.org,Argentina,2021-11-21,Basic,86.91
3263,Christine Parker,bryantcarol@example.org,United States Minor Outlying Islands,2022-03-09,Standard,621.77
3264,Benjamin Banks,karimeyers@example.net,Saint Pierre and Miquelon,2024-10-15,Basic,252.01
3265,Natalie Moore,nlogan@example.org,Bouvet Island (Bouvetoya),2021-08-16,Standard,235.82
3266,Alexander Miller,samanthawilliams@example.org,Ukraine,2024-05-29,Standard,469.42
3267,Kayla Pearson,lgoodman@example.com,Slovakia (Slovak Republic),2021-11-18,Premium,342.53
3268,Justin Henry,jmccormick@example.org,Bahamas,2023-08-13,Standard,481.24
3269,Michael Stone,choitina@example.org,Italy,2026-06-30,Premium,1700.12
3270,Stephanie Green,ldiaz@example.com,Burundi,2025-04-26,Basic,334.27
3271,Jason Kirk,bcardenas@example.net,Japan,2026-01-16,Standard,375.89
3272,Jessica Neal,sabrina52@example.com,Kyrgyz Republic,2022-09-13,Premium,1658.36
3273,Melissa Harrison,alexis09@example.com,Israel,2023-03-16,Standard,278.50
3274,Reginald Brown,nmiller@example.net,Macao,2024-08-24,Standard,588.67
3275,Brittany Torres,yboyd@example.net,Burkina Faso,2024-03-05,Standard,178.73
3276,Stephanie Mcdaniel MD,cscott@example.org,Afghanistan,2023-04-28,Premium,833.68
3277,Angela Black,adaniels@example.org,Belarus,2025-01-23,Basic,360.97
3278,Jennifer Torres,kmontes@example.com,North Macedonia,2021-12-07,Basic,344.59
3279,Joseph Merritt,kathleenbarajas@example.org,Moldova,2025-01-13,Standard,309.45
3280,Jake Jennings,robersonlatoya@example.org,Morocco,2024-08-19,Standard,500.16
3281,Kristie Green,boydaaron@example.net,British Indian Ocean Territory (Chagos Archipelago),2023-12-21,Premium,861.90
3282,Penny Jennings,gbrennan@example.com,Chile,2021-10-23,Standard,428.54
3283,Brian Rush,dwilcox@example.com,Czech Republic,2022-09-26,Basic,324.72
3284,Lauren Dennis,jchavez@example.net,United States Minor Outlying Islands,2023-01-30,Standard,260.05
3285,Anthony Villegas,johnsonmaria@example.org,Austria,2024-12-29,Basic,144.28
3286,Brian Peters,anthony20@example.com,Australia,2022-05-10,Basic,61.89
3287,Krystal Martin,jacquelinewilliamson@example.org,Belgium,2021-09-02,Basic,108.47
3288,Lisa Blackwell,rebecca97@example.com,Oman,2023-12-01,Basic,218.21
3289,Mary Giles,mirandahenderson@example.net,Tonga,2025-05-10,Standard,421.60
3290,Eric Guerra,michaelreyes@example.net,Pitcairn Islands,2024-09-09,Premium,864.45
3291,Maureen Martin,christopher41@example.com,Slovakia (Slovak Republic),2025-03-17,Standard,454.69
3292,Andrew Leon,christopher33@example.com,Vietnam,2025-07-08,Standard,484.87
3293,Crystal Wallace,zhogan@example.net,Montserrat,2025-06-21,Standard,77.43
3294,Jillian Ferguson,awang@example.net,Ghana,2023-05-01,Standard,474.68
3295,Rhonda Ellis,marshabigail@example.net,Saint Kitts and Nevis,2023-07-27,Premium,1637.59
3296,Denise Chapman,robertsonjason@example.com,Macao,2023-08-14,Standard,415.08
3297,Andrew Kelly,joseph09@example.net,Morocco,2024-05-27,Basic,133.18
3298,David Hubbard,dustin79@example.org,Bhutan,2026-02-13,Basic,146.69
3299,Victor Bartlett,lauren18@example.com,Isle of Man,2024-12-31,Standard,155.39
3300,Lisa Barnett,candace21@example.org,Guinea-Bissau,2025-09-30,Standard,435.16
3301,Jonathan Clark,mcummings@example.net,Falkland Islands (Malvinas),2025-01-29,Standard,506.74
3302,Alejandra Malone,dylangarrison@example.com,Cape Verde,2023-05-06,Basic,139.99
3303,Kathleen Randolph,rogersmartin@example.net,Sweden,2022-06-07,Premium,1550.58
3304,Sheila Ho,higginsdonald@example.org,Timor-Leste,2025-05-29,Premium,1718.54
3305,Wesley Scott,sean60@example.com,China,2024-07-13,Basic,115.59
3306,Tina Olson,evelyn21@example.com,Jersey,2022-01-02,Premium,1196.62
3307,George Williams,maurice29@example.org,Jamaica,2023-11-04,Standard,731.25
3308,Jessica Calhoun,ilawrence@example.net,Kyrgyz Republic,2026-04-26,Standard,713.84
3309,Donald Hunt,eblake@example.org,Fiji,2021-08-19,Basic,135.05
3310,Tammy Taylor,robertzamora@example.org,Portugal,2023-04-03,Premium,1589.88
3311,Catherine Chavez,travisbonnie@example.com,Honduras,2026-02-03,Standard,740.05
3312,Alyssa Hernandez,mckenzie84@example.com,Lesotho,2024-08-19,Standard,82.03
3313,Richard Bailey,morsechad@example.com,Ireland,2024-05-20,Standard,568.07
3314,Michael Haynes,mindybrown@example.com,Antarctica (the territory South of 60 deg S),2024-11-24,Standard,247.79
3315,David Johnson,tammy16@example.org,Bulgaria,2025-02-22,Premium,1210.28
3316,Thomas Allen,lewisscott@example.net,Christmas Island,2025-08-27,Basic,378.05
3317,Michelle Kerr,herreracynthia@example.org,Finland,2023-02-07,Standard,562.76
3318,Heather Lopez,marshdaniel@example.net,Belarus,2022-08-30,Standard,713.32
3319,Katherine Boone,zryan@example.org,United Kingdom,2023-08-03,Standard,497.71
3320,Michael Evans,william63@example.com,Jersey,2023-03-30,Standard,214.16
3321,Angela Conrad,courtneypierce@example.net,Christmas Island,2023-04-22,Standard,293.88
3322,Christopher Bates,creynolds@example.com,Syrian Arab Republic,2026-05-17,Standard,500.12
3323,Kevin Espinoza,gregory82@example.net,Tajikistan,2024-04-11,Basic,182.37
3324,Stephen Murphy,sanchezelizabeth@example.net,Chad,2025-09-08,Standard,567.62
3325,Sharon Stevens,jasonmoore@example.org,Cote d'Ivoire,2025-12-13,Standard,175.13
3326,Kelly Baird,kristinnoble@example.net,Liberia,2024-05-03,Standard,409.77
3327,Tony Park,jacob28@example.com,Saint Vincent and the Grenadines,2023-07-04,Standard,625.53
3328,David Smith,ocole@example.com,Kazakhstan,2026-06-19,Standard,459.52
3329,Adrienne White,madisonadams@example.net,Guatemala,2025-09-05,Basic,104.95
3330,Veronica Fields,timothy56@example.org,Congo,2026-05-21,Standard,284.36
3331,Robert Combs,xnewman@example.org,Azerbaijan,2022-11-20,Basic,334.30
3332,Joseph Thornton,irobinson@example.com,Cyprus,2025-05-04,Standard,201.80
3333,Beth Pierce,blivingston@example.com,Russian Federation,2022-06-06,Premium,846.57
3334,Phillip Maddox,matthew46@example.net,Netherlands,2025-03-31,Standard,510.46
3335,Courtney Riley,dstafford@example.net,Argentina,2023-01-29,Standard,563.91
3336,John Grant,wardbrandy@example.net,Slovenia,2025-12-07,Premium,1356.95
3337,Matthew Hall,vskinner@example.com,New Caledonia,2021-08-30,Premium,332.07
3338,Diana Lambert,julie67@example.net,Denmark,2022-08-25,Standard,149.27
3339,Loretta Jones,justinguzman@example.com,Martinique,2023-12-10,Premium,1483.06
3340,Alyssa Hopkins,pvance@example.net,Nicaragua,2022-12-03,Basic,87.58
3341,Ryan Byrd,susan64@example.org,Libyan Arab Jamahiriya,2023-09-04,Basic,136.36
3342,Linda Clark,andersonjennifer@example.org,Tokelau,2026-05-23,Basic,255.87
3343,Alyssa Wilson,wdavis@example.com,Cambodia,2024-05-02,Basic,43.38
3344,Jeff Weber,patricia81@example.org,Mauritius,2024-12-24,Basic,235.25
3345,Holly Robinson,zramirez@example.org,Greece,2023-08-19,Basic,346.98
3346,Mark Cole,williammurray@example.com,Vanuatu,2023-07-09,Premium,394.29
3347,Mary Richardson,michael75@example.net,Guam,2024-09-02,Basic,361.26
3348,Jacob Vance,peggy36@example.org,Mongolia,2025-03-01,Basic,150.66
3349,Brian Palmer,priscilla83@example.net,Guatemala,2026-04-29,Standard,239.57
3350,Bonnie Castaneda,douglas07@example.net,Singapore,2024-04-05,Standard,255.53
3351,Carly Malone,gsantos@example.org,New Zealand,2024-10-04,Standard,89.32
3352,Edwin Velez,sphillips@example.com,Canada,2021-11-29,Premium,1032.81
3353,Richard Ortega,wmccoy@example.net,Turkmenistan,2022-12-03,Premium,1571.17
3354,Jose Hampton,kevinbrown@example.net,Guyana,2025-01-11,Standard,75.82
3355,Nathaniel Davis,joannmitchell@example.com,Algeria,2025-04-19,Standard,228.01
3356,Curtis Mejia,keithhouston@example.org,Morocco,2022-11-12,Standard,313.48
3357,Mitchell Carson,wardmaria@example.org,Guinea,2024-01-02,Standard,697.14
3358,Keith Zimmerman,sara79@example.com,Benin,2022-04-18,Standard,538.57
3359,Cynthia Moore,richard18@example.net,Benin,2026-05-22,Basic,364.58
3360,Christina Turner,joseshaw@example.com,Lebanon,2021-12-15,Standard,743.77
3361,Randall Hanson,patriciapatterson@example.com,Benin,2022-07-17,Standard,720.61
3362,Robert Wilson,hernandezkerri@example.net,Benin,2026-01-10,Standard,126.50
3363,Kathryn Mcknight,davisbrittany@example.com,Monaco,2021-10-13,Standard,318.33
3364,Tiffany Williams,laneerica@example.com,Sudan,2023-06-01,Basic,70.53
3365,Roger Rodriguez,palmerchad@example.org,Congo,2023-03-21,Premium,412.99
3366,Monica Horton,ramosedward@example.com,Turkmenistan,2025-12-04,Standard,301.02
3367,Anthony Evans,pruittchristopher@example.net,Cuba,2025-01-25,Standard,362.04
3368,Anna Wilson,uroberts@example.org,Bouvet Island (Bouvetoya),2022-10-22,Basic,287.38
3369,Christopher Hines,josephlloyd@example.net,Heard Island and McDonald Islands,2023-10-06,Standard,268.73
3370,Angela Kline,wcarrillo@example.org,Sweden,2025-03-11,Basic,137.59
3371,Paul Hernandez,ehernandez@example.com,Saudi Arabia,2025-05-06,Standard,324.15
3372,Alexander Gonzalez,gmoyer@example.net,Belarus,2022-01-28,Standard,687.21
3373,Megan Bray,stewartpamela@example.com,Tanzania,2026-06-21,Basic,323.99
3374,Olivia Berry,nheath@example.org,Jamaica,2023-08-10,Basic,392.10
3375,Adam Wheeler,michelletaylor@example.org,Cuba,2025-01-23,Basic,92.77
3376,Johnny Harmon,alexandra00@example.net,Lithuania,2025-12-12,Premium,878.55
3377,Matthew Hansen,johnrobinson@example.org,Tanzania,2021-10-06,Basic,391.48
3378,Gail Nichols,scarter@example.net,Puerto Rico,2024-03-30,Basic,80.74
3379,Shaun Jackson,urogers@example.org,Tajikistan,2024-07-02,Standard,565.53
3380,Joseph Small,ginapierce@example.com,Samoa,2022-12-26,Premium,683.81
3381,Seth Lewis,shannonstephanie@example.org,Croatia,2026-03-18,Premium,1383.87
3382,Carmen Potter,jsimpson@example.org,Mexico,2025-03-01,Standard,408.59
3383,Shawn Randall,dustinallen@example.org,Antigua and Barbuda,2022-11-26,Standard,731.67
3384,David Diaz,robert48@example.com,Saint Pierre and Miquelon,2024-01-05,Standard,504.71
3385,Annette Hall,andersonrichard@example.org,Kuwait,2023-04-12,Premium,1661.85
3386,Laura Castillo,martinezmichael@example.com,Albania,2024-03-06,Basic,177.95
3387,Ricardo King,woodgregory@example.org,Romania,2023-03-04,Standard,438.65
3388,James Jones,hryan@example.org,Gambia,2023-07-19,Standard,436.94
3389,Craig Brooks,blackgarrett@example.net,San Marino,2021-09-21,Standard,131.44
3390,Gerald Mccoy,qmata@example.org,Saint Vincent and the Grenadines,2023-08-09,Basic,229.70
3391,Jamie Mullins,vincentdavis@example.com,Sri Lanka,2021-09-30,Basic,332.07
3392,Robert Nelson,juan59@example.com,Peru,2023-08-31,Standard,133.89
3393,Adam Riddle,davisstephanie@example.net,Burundi,2022-05-17,Standard,212.21
3394,Tina Schmitt,emarsh@example.com,Poland,2022-03-29,Basic,170.46
3395,Scott Church,zmanning@example.org,Iceland,2025-08-08,Standard,165.18
3396,Jacob Hartman,dunlapmark@example.net,Norfolk Island,2023-11-13,Premium,1610.40
3397,Lauren Green,russellsamantha@example.com,Antigua and Barbuda,2024-05-01,Standard,648.30
3398,Jason Steele,melissa03@example.com,Suriname,2024-04-02,Basic,90.17
3399,Dillon Savage,fthompson@example.net,Greenland,2025-03-05,Standard,638.80
3400,Sherri Martinez,brittneykelly@example.com,New Zealand,2025-05-11,Standard,703.66
3401,Gary Taylor,pollardkaren@example.com,Tajikistan,2025-02-02,Standard,217.25
3402,Sarah Anderson,gary00@example.org,Israel,2026-06-13,Standard,579.22
3403,Whitney Galvan,wongsean@example.com,Gambia,2023-12-02,Premium,1270.85
3404,Dominique Potter,jimcraig@example.com,Rwanda,2022-09-04,Premium,1329.60
3405,Christopher Ramirez,rhiggins@example.net,Timor-Leste,2021-11-04,Standard,361.68
3406,Adam Hawkins,shane13@example.org,Togo,2022-12-19,Premium,341.97
3407,Dr. Kylie Hansen MD,glenn35@example.net,Guernsey,2025-06-25,Standard,396.86
3408,Stacy Mcclain,daniellewebb@example.net,Martinique,2025-08-30,Standard,181.77
3409,Shannon Barrett,kellerbrandon@example.org,Israel,2026-01-15,Premium,397.51
3410,Mark Sampson,fdavis@example.com,Maldives,2024-05-31,Standard,83.42
3411,Monica Brown,rmoyer@example.net,Somalia,2024-08-02,Basic,189.94
3412,Nathan Smith,wilsonrobert@example.org,French Southern Territories,2026-04-12,Basic,209.12
3413,James Banks,kiddmelissa@example.org,Bahamas,2025-05-28,Premium,1005.73
3414,Robert Thompson,morgan73@example.net,Suriname,2025-06-18,Basic,209.27
3415,Kimberly Pearson,tara23@example.com,Saint Helena,2024-12-16,Basic,199.83
3416,Kristin Roberson,dellis@example.com,Monaco,2024-06-01,Standard,83.92
3417,Charles Allen,sarah21@example.net,Saint Lucia,2025-06-20,Premium,269.50
3418,Krista Martin,richardarmstrong@example.net,Bahamas,2024-09-07,Standard,482.82
3419,Jennifer Smith,uward@example.org,Mexico,2026-07-30,Standard,183.24
3420,Maria Ward,ortizrichard@example.net,Marshall Islands,2022-04-13,Standard,360.94
3421,Mitchell Calderon,feliciamcgee@example.org,Switzerland,2025-05-26,Basic,203.55
3422,Victoria Griffin,tonyfrank@example.net,Norfolk Island,2024-03-04,Basic,132.90
3423,Tamara Thornton,lwalton@example.org,Chad,2021-10-17,Standard,281.57
3424,Rebecca Mccarthy,joshuanelson@example.org,Peru,2025-02-02,Standard,703.73
3425,Nathan Fernandez,lpeck@example.net,Ireland,2023-05-09,Standard,137.06
3426,Rebecca Nunez,lisa65@example.com,Burkina Faso,2023-10-01,Standard,716.97
3427,Michael Davis,waynegriffin@example.net,Faroe Islands,2024-02-08,Basic,184.14
3428,April Calhoun,leematthew@example.org,Saudi Arabia,2022-05-11,Premium,792.86
3429,William Sanders,brianmartinez@example.net,Iceland,2024-12-05,Basic,391.36
3430,Haley Benton,stephanie33@example.org,New Zealand,2026-03-02,Standard,127.12
3431,Yvonne Murray,kimberly06@example.org,Grenada,2022-01-17,Standard,397.26
3432,Bridget Hernandez,eross@example.com,British Virgin Islands,2022-03-28,Standard,348.44
3433,Christina Wolf,brownlauren@example.org,Iran,2025-03-25,Standard,111.90
3434,Lindsay Clark,travishall@example.com,Bulgaria,2022-05-12,Standard,361.35
3435,Melissa Moore,stevenwoodard@example.org,Luxembourg,2024-12-25,Standard,145.47
3436,Paul Clark,halljerome@example.com,Sweden,2025-06-12,Standard,600.69
3437,Stacey Smith,douglas34@example.org,Costa Rica,2025-04-30,Standard,236.68
3438,Craig Hall,feliciachen@example.net,Tuvalu,2025-09-01,Standard,146.86
3439,Douglas Ross,andersondebbie@example.net,Niue,2026-03-23,Standard,82.41
3440,Daniel Garcia,karen17@example.com,Montserrat,2024-11-27,Basic,107.59
3441,Stephanie Delgado,tphillips@example.com,Gambia,2023-02-15,Standard,702.21
3442,Brianna Richardson,stevenbarnett@example.com,French Guiana,2021-10-06,Standard,132.40
3443,Charles Holloway,deborahewing@example.net,Japan,2024-03-23,Standard,105.29
3444,Dan Swanson,aliciahawkins@example.net,Spain,2024-06-22,Basic,214.17
3445,Jesus Kent,rmcintyre@example.net,Maldives,2025-12-04,Premium,321.81
3446,Angela Watson,frederickwheeler@example.com,Saudi Arabia,2024-07-09,Standard,736.87
3447,Tracey Yates,beckerjessica@example.org,Greenland,2021-09-02,Basic,385.15
3448,Shawn Doyle,xlittle@example.org,Iraq,2024-11-04,Standard,287.27
3449,Edward Butler,pittsmaria@example.net,Philippines,2024-04-09,Standard,315.19
3450,Justin Howard,zamoraaaron@example.net,Grenada,2022-07-16,Premium,1237.63
3451,John Jackson,nguyenashlee@example.com,Dominican Republic,2026-02-25,Standard,680.15
3452,Daniel Rhodes,sally40@example.org,Moldova,2024-06-05,Standard,413.97
3453,Patrick Perry,posborne@example.com,Congo,2021-12-26,Basic,48.53
3454,John Johnson,joannadavis@example.net,Cameroon,2025-04-18,Basic,211.70
3455,Teresa James,vwalker@example.org,Guernsey,2025-04-17,Basic,53.47
3456,Julia Cortez,georgeblair@example.com,Uruguay,2024-02-20,Standard,535.60
3457,Daniel Petty,acontreras@example.org,Mozambique,2022-03-26,Premium,1160.88
3458,Elizabeth Stone,ucortez@example.org,San Marino,2023-10-29,Basic,123.37
3459,Nichole Gutierrez,sandra78@example.net,Niue,2025-01-25,Standard,534.99
3460,Kayla Mendez,christopher60@example.net,Paraguay,2021-09-23,Premium,1306.72
3461,Brent Perry,danielle81@example.org,France,2023-05-13,Basic,220.58
3462,David Nelson MD,jonathan73@example.net,Djibouti,2024-04-23,Basic,259.15
3463,Sonia Manning,david90@example.net,Greenland,2023-07-23,Standard,593.83
3464,William Tran,tdaniels@example.net,Korea,2023-10-29,Standard,163.56
3465,Tammy Fernandez,tiffanyhill@example.com,Guinea,2021-10-30,Standard,495.84
3466,Katie Montgomery,fosterjulie@example.org,Canada,2022-10-24,Basic,54.40
3467,Laura Vargas,zramirez@example.net,Zambia,2024-10-23,Basic,285.83
3468,Daniel Hampton,michaelrice@example.net,Greenland,2022-07-01,Standard,747.98
3469,Robert Parks,pjohnson@example.net,Korea,2021-12-06,Standard,721.66
3470,Amanda Rivera,robert46@example.com,Afghanistan,2026-02-19,Standard,746.22
3471,Amy Woods,scott76@example.net,United States Minor Outlying Islands,2024-07-11,Premium,198.53
3472,Sierra Simmons,gregoryburnett@example.org,Saudi Arabia,2022-10-20,Basic,151.44
3473,Melanie Hale,andrea68@example.net,Vanuatu,2025-02-14,Basic,327.06
3474,Stephanie Williams,jayanderson@example.net,Israel,2025-03-09,Basic,219.61
3475,April Briggs,leslie00@example.org,Namibia,2023-04-22,Standard,189.56
3476,Cheryl Stone,freynicole@example.org,Colombia,2025-11-22,Standard,121.01
3477,Savannah Davis,pruittangelica@example.com,San Marino,2026-03-09,Standard,313.52
3478,Linda Lawson,lopezrichard@example.net,Holy See (Vatican City State),2021-10-17,Premium,1294.28
3479,Bryan Davis,martharay@example.net,Kazakhstan,2022-01-07,Standard,740.65
3480,Matthew Jones,herreradawn@example.net,Yemen,2022-05-08,Basic,314.73
3481,Michelle Potter,andre19@example.com,Belize,2022-05-19,Standard,698.81
3482,Christine Taylor,joshuagomez@example.org,Armenia,2024-06-04,Basic,389.81
3483,Patricia Baker,acevedomargaret@example.com,Tunisia,2024-12-29,Standard,320.34
3484,Kaitlin Cox,paul74@example.net,Albania,2023-07-23,Standard,351.10
3485,Michael Kemp,rebeccamccormick@example.net,Bulgaria,2025-03-20,Standard,534.39
3486,Sydney Vang,sherry65@example.com,Peru,2022-01-29,Standard,420.92
3487,Julian Williams,weaverrachel@example.net,Saint Lucia,2022-04-09,Standard,286.71
3488,Maria Hall,jameswhite@example.com,Myanmar,2025-12-27,Premium,825.78
3489,Kathleen Le,brianfrench@example.org,Brazil,2025-07-26,Standard,667.25
3490,Gina Jordan,singletonnicole@example.net,Iceland,2024-10-11,Basic,55.36
3491,Jennifer Kelley,michael52@example.org,Bahrain,2022-04-26,Basic,60.54
3492,Daniel Henderson,sullivanjoshua@example.org,Western Sahara,2025-01-21,Basic,291.91
3493,Alexis Scott,ilarsen@example.net,Belarus,2025-01-26,Standard,179.33
3494,Mr. Andrew Schroeder PhD,roger54@example.com,Mongolia,2025-12-28,Premium,766.92
3495,Jared Garza,maria80@example.com,Sweden,2022-04-09,Standard,651.33
3496,Deborah Ross,gabriellelittle@example.com,Montserrat,2024-11-18,Standard,665.06
3497,Mr. William Miller,elizabethbarrett@example.com,Niger,2023-05-30,Standard,310.53
3498,Yesenia Ramos,mwhite@example.net,Senegal,2024-09-30,Standard,436.20
3499,Jared Myers,humphreylindsay@example.org,Aruba,2022-02-02,Basic,79.28
3500,Tracy Simpson,smartinez@example.net,Rwanda,2023-06-28,Standard,148.14
3501,Lauren Smith,zanderson@example.com,Iceland,2022-01-13,Basic,182.90
3502,Jasmine Mack,xgraham@example.org,Gambia,2024-08-06,Standard,346.03
3503,Robert Ross,cwebb@example.org,Indonesia,2023-06-18,Premium,714.32
3504,Jonathan Henry,bradley15@example.com,Zambia,2022-04-10,Standard,218.53
3505,Todd Morris,harry35@example.org,Guam,2025-10-02,Basic,81.16
3506,Andrew Meyer,caroline17@example.org,Botswana,2023-06-04,Standard,442.93
3507,Gina Hernandez,rebekah35@example.org,Seychelles,2022-01-19,Basic,92.38
3508,Kayla Watson,nsmith@example.net,Denmark,2023-01-20,Standard,458.54
3509,Chase Swanson,sabrina31@example.com,United States of America,2025-02-07,Basic,318.71
3510,Diana Johnson,qhunt@example.net,United States of America,2025-08-13,Premium,1448.44
3511,Ryan Owens,ivargas@example.org,Portugal,2025-12-25,Basic,392.28
3512,Charles Reilly,jarias@example.org,Bermuda,2022-09-12,Standard,217.76
3513,Kylie Maldonado,shawdenise@example.org,Spain,2025-01-07,Premium,1369.82
3514,Scott Martin,dcooper@example.net,Sierra Leone,2024-09-11,Standard,245.15
3515,Rita Shelton,william74@example.com,Tonga,2022-04-01,Standard,170.67
3516,Michael Shaw,jamestodd@example.com,Swaziland,2024-09-29,Standard,130.15
3517,Edward Lopez,james11@example.com,Malta,2025-01-04,Basic,202.51
3518,Kristen Rivera,johnathandiaz@example.net,Saint Pierre and Miquelon,2024-04-01,Standard,219.52
3519,Kaitlyn Smith,scott76@example.com,United States Virgin Islands,2023-07-05,Basic,106.27
3520,Carl Payne,tevans@example.net,Sweden,2024-02-12,Premium,1584.56
3521,Maurice Brown,eedwards@example.net,Tajikistan,2025-09-20,Standard,725.27
3522,Jean Ward,curtiswaters@example.net,Burkina Faso,2023-08-05,Standard,209.06
3523,Matthew Castillo,jennifer14@example.com,Cyprus,2021-08-18,Basic,213.39
3524,Alexis Hughes,sandra52@example.net,Solomon Islands,2025-12-13,Standard,604.10
3525,Eric Zimmerman,joseph33@example.org,Nepal,2025-08-04,Basic,197.24
3526,Anne Martinez,jeremy34@example.net,Venezuela,2023-11-13,Basic,245.31
3527,Sarah Mcdonald,johnsonbrandon@example.org,Somalia,2024-10-11,Basic,241.93
3528,Eric Greene,joanne85@example.net,Saint Barthelemy,2023-09-06,Basic,111.48
3529,Joseph Hunter,dhunt@example.net,Venezuela,2025-08-29,Basic,248.26
3530,Jacob Garza,nlawson@example.com,Jordan,2026-07-03,Premium,1220.90
3531,Cameron Leach,cisnerosjason@example.org,Central African Republic,2022-06-13,Basic,304.37
3532,Lance Baker,noblescott@example.com,Korea,2022-08-24,Basic,303.93
3533,Erik David,laurenpeters@example.com,Kuwait,2023-12-21,Premium,1586.99
3534,Dawn Stevens,richardjenkins@example.com,Iran,2021-09-03,Basic,219.80
3535,Joann Rivers,fernandoriddle@example.org,British Indian Ocean Territory (Chagos Archipelago),2025-12-10,Standard,609.61
3536,Michael Ryan,carpentersarah@example.net,Israel,2025-12-09,Standard,252.39
3537,Karen Tyler,qanderson@example.net,Somalia,2022-09-09,Basic,395.77
3538,Samuel Escobar,dawn69@example.org,Panama,2025-06-01,Basic,348.62
3539,Jennifer Levy,clayamy@example.org,Bhutan,2022-07-09,Standard,506.27
3540,Thomas Harris,adriana49@example.net,Bermuda,2022-03-05,Standard,99.63
3541,Ellen Dalton,jbell@example.com,Cocos (Keeling) Islands,2022-03-16,Basic,107.56
3542,Nicole Mcdonald,wellsjasmine@example.com,Monaco,2025-03-01,Standard,597.71
3543,Rachel King,millerrobert@example.com,Mozambique,2023-05-12,Standard,220.89
3544,William Tran,ashley42@example.org,Nigeria,2022-11-05,Standard,204.03
3545,Christina Garcia,slee@example.com,Guadeloupe,2024-06-29,Standard,719.70
3546,James Patterson,xalvarez@example.net,Cote d'Ivoire,2023-06-02,Standard,320.56
3547,Andrea Bass,christopher49@example.org,Myanmar,2023-05-06,Standard,282.20
3548,Whitney Johnson,harold72@example.org,Cook Islands,2024-08-26,Basic,84.91
3549,Robert Atkinson,coxanthony@example.org,Belarus,2022-01-08,Standard,749.36
3550,Felicia Fox,parkerisaac@example.org,Isle of Man,2026-06-22,Standard,312.42
3551,Mr. Benjamin Haney DDS,smithjessica@example.com,Bhutan,2025-08-13,Basic,193.31
3552,Robert Morrow,bpadilla@example.com,Taiwan,2024-10-03,Basic,160.90
3553,Lindsey Sosa,tina73@example.net,Panama,2026-03-23,Basic,205.18
3554,Louis Armstrong,yestrada@example.com,Cocos (Keeling) Islands,2026-07-03,Standard,448.11
3555,Jennifer Williams,kathleenellis@example.com,Gambia,2022-09-24,Standard,369.22
3556,Jack Lindsey,rpollard@example.com,Niger,2026-07-15,Standard,520.23
3557,Ryan Brewer,robyn79@example.org,Cayman Islands,2025-06-15,Standard,503.02
3558,Adam Wilson MD,basssteven@example.com,Costa Rica,2024-09-27,Basic,377.64
3559,Russell Gutierrez,aromero@example.net,Micronesia,2025-01-19,Basic,75.72
3560,Melissa Fisher,johnsonkatelyn@example.com,Peru,2024-08-21,Premium,1493.64
3561,Gregory Gray,latkins@example.com,Switzerland,2022-09-04,Premium,200.87
3562,Cheyenne Wyatt,joseph70@example.org,Hong Kong,2022-08-13,Basic,77.32
3563,Ryan Barrett PhD,brooke45@example.net,Kenya,2024-11-22,Basic,264.58
3564,Malik Fuentes,teresa15@example.com,Tajikistan,2024-10-03,Standard,502.63
3565,Denise Ramos,michelle02@example.com,Anguilla,2025-06-27,Standard,618.96
3566,Jon Burke,hansenjoshua@example.net,Malta,2024-09-01,Standard,649.90
3567,Darrell Hanson,natalie37@example.com,Fiji,2024-05-20,Standard,599.39
3568,Patricia Olson,brooksamanda@example.org,Saint Lucia,2024-04-13,Standard,152.29
3569,Lauren Lopez,wrightcarolyn@example.com,Saint Vincent and the Grenadines,2024-03-27,Basic,382.20
3570,Destiny Norman,christopher06@example.org,Christmas Island,2025-09-01,Standard,610.78
3571,Sara Edwards,phamnatasha@example.com,Guyana,2024-03-12,Standard,687.90
3572,Jodi Perkins,jamescarter@example.com,Lao People's Democratic Republic,2023-01-07,Standard,604.63
3573,Michael Cuevas,vshields@example.org,Egypt,2022-09-15,Standard,709.24
3574,Breanna Tucker,vbaker@example.net,Cameroon,2025-07-11,Basic,222.72
3575,Norma Campbell,brownchristopher@example.org,Niue,2024-01-22,Standard,519.61
3576,Robert Rodriguez,danny48@example.com,Nauru,2026-01-07,Standard,684.30
3577,Mark Harris,wendyroy@example.org,Japan,2022-01-18,Basic,282.39
3578,Steve West,joseph78@example.net,Cote d'Ivoire,2025-11-21,Premium,1606.77
3579,Robert Cooper,robertlopez@example.com,Antarctica (the territory South of 60 deg S),2025-03-30,Premium,216.34
3580,Julie Reynolds,fbrown@example.net,Tanzania,2026-03-09,Basic,342.68
3581,Terri Pugh,johnhiggins@example.org,Tokelau,2022-09-15,Standard,575.34
3582,Cody Murray,carmen98@example.com,Peru,2022-02-15,Standard,190.03
3583,Christine Gentry,gjenkins@example.com,Algeria,2023-04-15,Standard,365.26
3584,Paula Smith,blakecourtney@example.com,Tanzania,2024-10-26,Standard,339.17
3585,Alvin Simmons,crawfordtammy@example.net,Costa Rica,2025-06-02,Standard,340.49
3586,Elizabeth Schmidt,william30@example.org,Equatorial Guinea,2024-03-14,Premium,1642.81
3587,Julia Reynolds,donna04@example.com,Niger,2022-04-05,Standard,709.09
3588,Anthony Smith,camachoangela@example.net,Ecuador,2025-07-28,Standard,566.48
3589,Regina Scott,pattersonjulie@example.com,San Marino,2024-09-25,Standard,289.73
3590,Tiffany Mcknight,piercedonna@example.com,Samoa,2024-07-20,Standard,230.90
3591,Zachary Bonilla,murraypaige@example.com,Albania,2025-11-02,Basic,85.48
3592,Brittany Harvey,martinezmichael@example.org,Syrian Arab Republic,2026-03-05,Premium,1083.67
3593,Carlos Meza,ojames@example.org,Netherlands Antilles,2025-09-22,Standard,589.47
3594,David Atkinson,agomez@example.org,Antarctica (the territory South of 60 deg S),2023-10-25,Basic,341.44
3595,Autumn Gomez,brockfelicia@example.org,Uzbekistan,2022-06-06,Standard,292.62
3596,Sean Burton,jason85@example.org,Angola,2023-01-27,Premium,215.38
3597,Matthew Schmidt,changheather@example.com,Venezuela,2024-03-13,Premium,1387.80
3598,Amy Rice,caseyantonio@example.org,United States of America,2026-06-14,Standard,492.22
3599,Hannah Schmidt,hrobinson@example.com,Kenya,2025-05-25,Standard,731.37
3600,Mr. Daniel Shepherd,josephmoran@example.net,Pitcairn Islands,2023-04-02,Standard,92.07
3601,Ashley Hodge,toddheath@example.org,Serbia,2024-03-10,Basic,394.03
3602,Timothy Christian,miranda18@example.com,Colombia,2025-12-19,Standard,599.87
3603,John Barnes,rogersmatthew@example.org,Ecuador,2021-11-17,Standard,515.45
3604,Laura Luna,megan48@example.com,Iceland,2022-02-16,Standard,205.83
3605,Alexis Erickson,william49@example.net,Brazil,2026-01-14,Basic,301.47
3606,Nancy Dixon,destinyroberts@example.net,French Guiana,2021-10-26,Basic,176.12
3607,Alyssa Cantu,xlarson@example.com,Slovenia,2023-05-17,Standard,109.93
3608,Patricia Clark,william10@example.net,Saudi Arabia,2025-03-04,Premium,401.44
3609,Jillian Parsons,sergio77@example.com,Faroe Islands,2023-06-22,Premium,1726.06
3610,Jacqueline Suarez,martinezwillie@example.org,Thailand,2023-01-21,Basic,79.94
3611,Roberta Olson,bgilbert@example.com,Bahamas,2025-03-02,Basic,84.17
3612,Stephanie Greene,,Saint Pierre and Miquelon,2023-09-11,Premium,587.64
3613,Tammy Bruce,grahamdavid@example.net,Mongolia,2023-04-26,Standard,127.23
3614,Ryan Wilson,michael35@example.org,Venezuela,2022-06-16,Basic,368.58
3615,Jeremy Hanson,bennettdavid@example.org,United States Minor Outlying Islands,2025-06-29,Standard,142.95
3616,Charles Webb,james14@example.com,Yemen,2022-03-06,Basic,188.95
3617,Desiree Crawford,brownjustin@example.com,Guadeloupe,2024-05-23,Standard,497.34
3618,Heather Dean,pam56@example.org,British Virgin Islands,2023-09-25,Standard,358.44
3619,Tracy Lewis,laura76@example.com,Malawi,2021-11-18,Basic,268.08
3620,Lisa Blake,vanessa91@example.org,Macao,2023-09-13,Standard,183.74
3621,Elaine Miller,woodmark@example.com,Monaco,2023-03-21,Standard,684.96
3622,Mario Riley,jeffreyhawkins@example.org,Slovakia (Slovak Republic),2026-04-21,Standard,501.07
3623,Dana Jones,debbie01@example.org,Heard Island and McDonald Islands,2023-06-22,Basic,82.19
3624,Christina Miller,woodjames@example.org,Central African Republic,2023-08-23,Standard,309.08
3625,Levi Lee,jasmineshepard@example.com,Ecuador,2024-02-11,Basic,256.00
3626,Theodore Wade,amyfields@example.net,Chile,2026-05-02,Premium,996.75
3627,Amy Patel MD,justin78@example.org,Sao Tome and Principe,2025-05-24,Standard,157.08
3628,Jessica Wright,nicole20@example.net,Djibouti,2023-02-09,Standard,436.77
3629,Charlene Lopez,egraham@example.com,Canada,2025-04-02,Standard,588.65
3630,Donald Johnson,mwong@example.net,Serbia,2022-06-12,Standard,321.30
3631,Robert Russell MD,april87@example.com,Sweden,2025-11-20,Basic,50.62
3632,Keith Collins,talvarado@example.com,Hungary,2025-09-09,Premium,306.42
3633,Ricky Jensen,john55@example.com,Iraq,2023-03-03,Standard,160.44
3634,Lucas Smith,courtneysparks@example.net,Senegal,2021-09-01,Standard,209.49
3635,Krystal Brooks,qmyers@example.net,Bahrain,2026-05-29,Premium,1290.23
3636,William White,barbaragibbs@example.org,Papua New Guinea,2025-06-22,Standard,390.25
3637,Sierra Taylor,icastro@example.org,United Kingdom,2021-11-15,Basic,196.98
3638,David Mann,brian61@example.org,Malaysia,2023-09-06,Basic,372.05
3639,Michelle Mayo,tyler30@example.com,Solomon Islands,2023-04-06,Standard,208.57
3640,Melissa Gentry,emma76@example.net,Svalbard & Jan Mayen Islands,2024-12-10,Basic,298.26
3641,Jacqueline Owen,ahoffman@example.org,Turks and Caicos Islands,2023-05-18,Basic,77.04
3642,Nicholas Rangel,qpearson@example.net,Equatorial Guinea,2026-04-26,Basic,251.53
3643,Walter Sexton,stevenrichardson@example.org,Equatorial Guinea,2026-06-04,Standard,213.94
3644,Stephen Marsh,bobbycarter@example.org,Poland,2024-02-29,Basic,196.05
3645,Jesus Garcia,derrick35@example.org,Norfolk Island,2024-06-26,Standard,477.52
3646,Kelsey Lambert,ballardrobert@example.net,Bolivia,2022-10-16,Standard,290.16
3647,Samuel Flores,garrettvanessa@example.org,Syrian Arab Republic,2022-07-17,Premium,778.30
3648,Shawna Alvarez,njenkins@example.org,Timor-Leste,2024-01-24,Standard,313.22
3649,Michelle Chan,jaredkelley@example.org,Iran,2021-10-25,Basic,334.96
3650,Dr. Lisa Jones,xwilliams@example.org,Brunei Darussalam,2024-08-17,Standard,675.38
3651,Hannah Mccullough,betty65@example.net,Netherlands Antilles,2021-09-19,Basic,131.10
3652,Kara Warner,christina61@example.org,Spain,2023-01-23,Standard,482.62
3653,William Underwood,collinsmichelle@example.net,Liberia,2024-01-04,Basic,382.14
3654,Michelle Martinez,pattersonalex@example.org,Ukraine,2026-01-23,Standard,343.86
3655,James Matthews,matthew37@example.org,Finland,2026-08-09,Premium,1449.24
3656,Ruben Williams,christophermartinez@example.com,Egypt,2025-08-12,Standard,200.49
3657,Jeffery Bell,thompsonjames@example.org,United Kingdom,2023-09-07,Standard,220.25
3658,Jordan Barnes,johnnguyen@example.com,Canada,2023-09-20,Standard,172.90
3659,Stephanie Craig,thomasjennifer@example.org,Albania,2021-08-26,Standard,81.50
3660,Stephanie Bruce,cpierce@example.com,Mozambique,2021-08-17,Standard,558.84
3661,Billy Jones,christophermills@example.com,Korea,2025-12-17,Standard,458.04
3662,Rhonda Bonilla,lauren39@example.org,Senegal,2025-02-04,Standard,232.04
3663,Mark Wood,jessica51@example.com,Greenland,2023-12-24,Premium,621.69
3664,Jeremy Phillips,michellemccarthy@example.org,Antigua and Barbuda,2022-05-09,Standard,221.79
3665,Michael Gutierrez,courtney51@example.net,Anguilla,2022-04-29,Standard,558.48
3666,Benjamin Hampton,morriskevin@example.net,Antigua and Barbuda,2025-07-05,Basic,330.67
3667,Lawrence Lee,uhampton@example.org,Czech Republic,2026-07-08,Standard,462.42
3668,David Stewart,holly37@example.net,Trinidad and Tobago,2021-11-16,Standard,535.44
3669,Kimberly Campbell,qwise@example.org,Korea,2026-04-05,Standard,624.04
3670,Matthew Davis,lbrown@example.com,Romania,2025-02-11,Standard,108.52
3671,Kristen Frazier,michelleknapp@example.net,Svalbard & Jan Mayen Islands,2024-06-09,Standard,106.58
3672,Jerry Pittman,oscar17@example.com,Netherlands,2023-11-02,Standard,155.50
3673,Larry Snyder,tammyschroeder@example.org,Antarctica (the territory South of 60 deg S),2025-06-06,Standard,480.97
3674,Anthony Reed,patricia91@example.com,New Caledonia,2025-06-17,Standard,234.58
3675,Mitchell Jones,wandabennett@example.net,Luxembourg,2021-10-02,Premium,203.09
3676,Ruth Sharp,cruzjanet@example.net,French Polynesia,2026-04-03,Basic,247.27
3677,Samantha Werner,ashley57@example.org,Panama,2024-02-06,Premium,902.29
3678,Janet Wood,philip07@example.net,Turkmenistan,2024-11-07,Premium,1697.79
3679,Matthew Griffith,qrodriguez@example.org,Isle of Man,2021-09-28,Premium,1015.21
3680,Timothy Welch,efrench@example.org,Monaco,2023-10-17,Standard,302.74
3681,Alicia Wilson,ryansmith@example.net,Bangladesh,2024-07-24,Premium,915.08
3682,April Peters,mwilliams@example.org,Luxembourg,2025-01-24,Basic,189.43
3683,Kelsey Cooper,fmarshall@example.com,Slovenia,2021-11-10,Standard,289.10
3684,Kevin Anderson,ghunter@example.org,Mongolia,2023-04-17,Standard,128.84
3685,Patricia Greene,uharris@example.net,Guyana,2023-07-26,Basic,217.77
3686,Melissa Mooney,edwardgomez@example.org,Costa Rica,2023-06-16,Premium,645.05
3687,Timothy Bass,urobles@example.net,Slovenia,2024-12-18,Basic,217.60
3688,Andrew Crawford,colemanjulie@example.net,Malta,2023-09-11,Standard,689.57
3689,Jack Martinez,jessicaburns@example.com,Estonia,2024-02-29,Basic,377.57
3690,Diane Hayes,nathanielmercer@example.net,Papua New Guinea,2025-01-01,Premium,527.82
3691,Joshua Robinson,nathanmunoz@example.net,Latvia,2025-05-16,Basic,89.94
3692,Charles Johnson,carrbryan@example.com,Uganda,2022-11-19,Basic,350.10
3693,Barbara James,frodriguez@example.net,Italy,2026-06-04,Basic,121.48
3694,Christine Allen,lewischarles@example.net,Lesotho,2024-05-25,Premium,1315.47
3695,Martin Moreno,,Tajikistan,2023-04-09,Basic,333.81
3696,Christopher Taylor,kimberly74@example.com,Madagascar,2022-03-26,Standard,78.34
3697,Christopher Garza,kellyrichardson@example.com,Djibouti,2024-06-19,Standard,110.43
3698,Cameron Riley,alexandersteve@example.com,Grenada,2026-02-21,Basic,55.51
3699,David Curtis,wbrooks@example.net,Oman,2021-11-21,Premium,654.26
3700,John Keller,knorman@example.org,Kuwait,2023-02-12,Standard,539.35
3701,Calvin Turner,danielle35@example.org,Macao,2026-03-28,Basic,176.64
3702,Michael Simpson,vincentdonald@example.com,Cayman Islands,2021-11-11,Standard,699.28
3703,Andrew Cobb,xvargas@example.com,Norway,2023-05-17,Standard,155.93
3704,Stephen Scott,barbararussell@example.com,Tuvalu,2025-09-30,Standard,174.90
3705,Aaron Meyer,mark69@example.com,Denmark,2025-06-26,Standard,648.85
3706,Sydney Adams,brownjennifer@example.org,French Southern Territories,2022-05-05,Basic,269.29
3707,Dr. John Dean,joshua92@example.org,Uruguay,2026-05-27,Standard,427.19
3708,Joseph Jones,ncarr@example.net,Brazil,2022-09-07,Standard,397.60
3709,Ryan Burton,mikemaddox@example.com,Cote d'Ivoire,2024-04-03,Standard,264.37
3710,Stacy Jones,nguyenvictor@example.org,French Southern Territories,2023-11-26,Basic,213.77
3711,Marvin Harrell,rmitchell@example.org,Hungary,2022-07-20,Premium,1381.77
3712,Felicia Morris,ahays@example.org,British Virgin Islands,2025-10-07,Basic,167.08
3713,David Price,douglaswright@example.com,Albania,2024-01-24,Basic,127.26
3714,Nicole Sanchez,jeremy66@example.org,Uruguay,2026-05-16,Standard,652.71
3715,Gina Howe,ujennings@example.net,Australia,2023-09-13,Standard,125.72
3716,Danielle Duncan,williamsbelinda@example.com,Botswana,2023-07-27,Standard,218.42
3717,Benjamin Chen,singhaaron@example.org,Chad,2023-01-25,Standard,391.00
3718,George Jones,whiteheadmatthew@example.com,Papua New Guinea,2025-10-06,Standard,404.16
3719,Tiffany Rogers,leeemily@example.com,India,2023-05-31,Standard,624.45
3720,Brenda Peterson,murphyryan@example.com,Micronesia,2022-03-12,Basic,225.01
3721,Annette Brooks,kdunn@example.org,Romania,2023-04-05,Standard,712.46
3722,Elizabeth Thompson,olsenmichelle@example.net,Poland,2022-02-15,Basic,275.90
3723,Kelly Lozano,william41@example.com,Albania,2025-05-15,Basic,78.04
3724,Jose Cox,lvalenzuela@example.org,Mozambique,2022-03-21,Premium,1618.80
3725,Jennifer Moore,poolelori@example.org,Botswana,2023-11-12,Standard,380.39
3726,Brittany Harvey,jacqueline69@example.net,Malaysia,2026-06-01,Standard,212.04
3727,Jack Phillips,vazquezdylan@example.org,Wallis and Futuna,2025-08-11,Standard,121.33
3728,Matthew Bryant,stacy16@example.com,Zimbabwe,2022-12-23,Standard,538.23
3729,Becky Stout,james21@example.net,Palau,2021-09-27,Basic,247.81
3730,Connor Holmes,jeffhoward@example.net,Seychelles,2022-06-20,Premium,901.00
3731,Donna Daniels,acostadylan@example.net,Turkey,2025-04-15,Premium,348.56
3732,Christopher Long,sotoyvette@example.org,Algeria,2026-08-03,Premium,900.83
3733,Timothy Ponce,erik86@example.com,South Georgia and the South Sandwich Islands,2021-10-22,Standard,396.46
3734,James Collins,christinedennis@example.net,North Macedonia,2026-04-13,Standard,312.57
3735,Nicole Snyder,eerickson@example.com,Austria,2026-06-21,Premium,1041.73
3736,Stephanie Porter,charlescole@example.com,Christmas Island,2025-07-31,Standard,218.14
3737,Amber Allen,hollykhan@example.com,Timor-Leste,2021-12-23,Standard,365.82
3738,Robin Webster,jlevy@example.com,South Georgia and the South Sandwich Islands,2023-12-03,Standard,372.90
3739,Haley White,keith16@example.net,Sudan,2024-12-11,Standard,108.17
3740,Megan Watkins,bbolton@example.net,Zimbabwe,2025-05-19,Standard,701.41
3741,Lauren Flores,jeffreysandoval@example.net,Chile,2025-08-03,Standard,202.88
3742,Cheryl James,tarasims@example.com,Mexico,2024-11-13,Standard,261.25
3743,Karen Terrell,hilldebra@example.org,Guinea,2026-02-18,Standard,425.07
3744,Matthew Miller,beth11@example.net,Japan,2025-01-08,Premium,253.55
3745,Megan Curtis,john70@example.com,Albania,2025-09-09,Standard,149.98
3746,Dr. April Mendoza,cummingsandrea@example.com,Mongolia,2023-01-10,Premium,1584.72
3747,Lisa Durham,kimberlybryant@example.net,Israel,2025-02-18,Standard,236.17
3748,Randy Young,cainrhonda@example.com,Barbados,2024-09-01,Standard,260.94
3749,Kristen Singh,kaitlin25@example.net,Grenada,2023-04-19,Basic,291.82
3750,Ryan Lopez,newtoncheryl@example.com,French Polynesia,2022-02-03,Standard,340.20
3751,Matthew Gomez,johnsonrobert@example.com,Guam,2022-02-23,Standard,631.25
3752,Scott Huynh,richardkelly@example.net,Algeria,2026-04-30,Standard,409.24
3753,Andre Brown,tylerdorsey@example.org,Cambodia,2022-10-19,Standard,212.41
3754,Sean Tucker,coneill@example.net,Congo,2026-01-12,Standard,551.45
3755,Carrie Schultz,taylorchristopher@example.org,Tuvalu,2025-07-29,Standard,77.10
3756,Lisa Swanson,michaelvalencia@example.net,Kenya,2025-04-28,Standard,687.75
3757,Erica Taylor,jonesevan@example.net,Ghana,2026-05-09,Standard,573.89
3758,Peter Jimenez,chadtorres@example.org,Dominican Republic,2026-07-26,Basic,287.66
3759,Alan Nichols,vdennis@example.net,Tuvalu,2022-11-28,Standard,534.97
3760,Alyssa Cervantes,hicksandrew@example.net,Israel,2023-02-07,Standard,299.20
3761,Michelle Byrd,andersonvincent@example.com,Belarus,2025-02-22,Standard,724.51
3762,Brandon Williams,teresa16@example.net,Mexico,2023-12-19,Standard,363.85
3763,Ricky Lee,campbellcatherine@example.com,Tokelau,2026-03-10,Premium,1709.63
3764,Maurice Estes,jacob47@example.com,Croatia,2025-03-27,Basic,101.46
3765,Carl Williams,carl00@example.com,Tajikistan,2023-08-03,Basic,43.50
3766,Mark Rodriguez,youngmichael@example.net,Korea,2024-06-20,Standard,394.84
3767,Nathan Wolf,gabrielleanderson@example.org,Nepal,2026-06-01,Premium,1550.32
3768,Scott Schwartz,dianeburns@example.org,Russian Federation,2024-03-24,Standard,105.49
3769,Stephanie Hansen,despinoza@example.com,Jamaica,2023-12-29,Premium,1246.07
3770,Jacob Brown,emarshall@example.org,Somalia,2022-09-05,Standard,229.09
3771,Kim Berry,zday@example.org,Armenia,2023-01-01,Standard,584.62
3772,Andrew Ward,luis86@example.net,Sri Lanka,2025-10-04,Basic,76.00
3773,Rachel Clayton,juanryan@example.net,Antarctica (the territory South of 60 deg S),2024-02-08,Basic,160.84
3774,Mary Maxwell,wrightcynthia@example.org,Guernsey,2025-12-30,Standard,311.78
3775,Katrina Harvey,saundersamber@example.com,Dominican Republic,2024-12-02,Standard,522.80
3776,Amanda Lester,carolyn39@example.org,Kiribati,2022-01-07,Standard,384.66
3777,Darlene Hahn,zacharyabbott@example.com,Algeria,2022-04-25,Basic,148.41
3778,John Reid,james84@example.org,Azerbaijan,2025-01-17,Standard,424.54
3779,Michael Bailey,katelyn54@example.com,Vietnam,2025-05-30,Standard,658.96
3780,Peter Hull,sbryant@example.net,Tunisia,2024-03-29,Basic,214.37
3781,Leah Mcdowell,theresalloyd@example.org,Saint Vincent and the Grenadines,2021-10-21,Standard,425.53
3782,Meghan Smith,andrew94@example.com,Senegal,2026-06-19,Standard,174.83
3783,Dr. Elizabeth Garcia,frichardson@example.net,Puerto Rico,2021-09-09,Standard,223.67
3784,Anna Barron,andrea67@example.org,Mali,2023-09-15,Basic,168.59
3785,Brittany Hamilton,kevin70@example.net,Eritrea,2024-06-05,Premium,1084.70
3786,Bradley Trujillo,shawsteven@example.org,Djibouti,2022-10-28,Standard,365.74
3787,Ricardo Schwartz,jeffrey07@example.org,Burkina Faso,2023-02-25,Standard,135.26
3788,Jay Moreno,qsandoval@example.net,Sudan,2025-09-01,Basic,176.00
3789,Daniel Parsons,lauren38@example.org,Spain,2023-12-07,Premium,606.43
3790,Sherry Porter,joseskinner@example.org,Finland,2023-12-13,Standard,442.82
3791,Joseph Garcia,brianhunt@example.com,Ecuador,2022-04-17,Basic,395.44
3792,Dennis Howard,gochoa@example.net,Solomon Islands,2022-03-27,Basic,102.98
3793,Kristopher Merritt,pbrown@example.com,Dominican Republic,2026-02-17,Basic,165.58
3794,Craig Cameron,pamela74@example.org,Suriname,2025-08-01,Standard,472.67
3795,Erin James,underwoodjonathan@example.net,Bangladesh,2022-03-07,Basic,139.45
3796,Stephanie Bowman,graytracy@example.org,Saint Pierre and Miquelon,2023-08-16,Standard,466.17
3797,Amy Johnson,gregorylevine@example.com,Estonia,2022-06-07,Basic,340.30
3798,Rachel Kim,kaitlindiaz@example.org,Monaco,2022-12-10,Premium,1427.65
3799,Reginald Wilson,rrodriguez@example.com,Paraguay,2025-06-08,Standard,609.95
3800,Lisa Nelson,robertmiles@example.net,Falkland Islands (Malvinas),2025-11-13,Standard,149.38
3801,Daniel Hines,amanda26@example.net,Brunei Darussalam,2025-03-19,Premium,1635.39
3802,Amy Rodriguez,tammy23@example.org,Congo,2023-05-08,Premium,1247.45
3803,David Bailey,steelestacy@example.net,Venezuela,2024-10-03,Standard,270.60
3804,Carolyn Holmes,anthony75@example.org,Tunisia,2024-02-06,Standard,184.76
3805,Anita Parks,xstokes@example.com,Solomon Islands,2025-07-25,Standard,118.62
3806,Carlos White,evasquez@example.com,France,2025-07-04,Standard,381.35
3807,James Bauer,austinsimmons@example.org,Australia,2023-10-15,Standard,632.19
3808,Joseph Dixon,peterpayne@example.org,Saint Vincent and the Grenadines,2024-12-21,Premium,944.18
3809,Jacob Clark,ywheeler@example.net,Guinea,2026-02-17,Premium,729.80
3810,Martha James,taylorandrew@example.com,Anguilla,2023-12-14,Basic,57.96
3811,Dawn Levine,carriewilliams@example.com,Bahamas,2024-06-24,Premium,1558.99
3812,Sarah Olsen MD,taylor79@example.org,Indonesia,2026-05-17,Basic,220.72
3813,Todd Bauer,hphillips@example.net,India,2025-06-25,Basic,241.87
3814,Jacob Banks,karagood@example.net,French Southern Territories,2022-11-05,Basic,296.75
3815,Katie Schmidt,sharon78@example.net,Guinea-Bissau,2022-05-22,Premium,1329.56
3816,Jessica Hartman,qvargas@example.net,Israel,2025-03-30,Standard,694.83
3817,Robert Munoz,jennifer57@example.net,Madagascar,2025-12-29,Standard,96.69
3818,Neil Swanson,smckinney@example.net,Saint Lucia,2025-12-06,Basic,129.54
3819,Jessica Rodriguez,davidthomas@example.net,Fiji,2026-02-15,Standard,335.71
3820,Kyle Clark,thomasgarcia@example.com,Uruguay,2025-09-10,Standard,685.31
3821,Pamela Hill,ramirezsandra@example.com,Panama,2023-06-12,Basic,371.27
3822,Juan Hall,kruegertammie@example.com,Albania,2026-04-21,Standard,191.98
3823,Regina Patel,benjaminhampton@example.com,Philippines,2024-10-17,Standard,666.25
3824,Carolyn Shah,scottvelazquez@example.com,Liechtenstein,2024-01-08,Basic,90.10
3825,Daniel Clark,jay37@example.org,Saint Martin,2025-07-20,Basic,130.01
3826,Kelly Robinson,lcarrillo@example.org,Belgium,2025-09-27,Standard,209.68
3827,Andrew Taylor,burnskatherine@example.org,Equatorial Guinea,2022-07-31,Standard,275.70
3828,Danielle Barajas,khuber@example.net,Solomon Islands,2023-07-12,Basic,206.02
3829,Sandra Robinson,wjones@example.com,Egypt,2022-03-03,Standard,603.12
3830,Christopher Castro,cameronchavez@example.org,Papua New Guinea,2025-08-30,Basic,74.58
3831,Amber Dean DVM,ocole@example.org,Bulgaria,2024-09-03,Standard,543.54
3832,Stacy Hill MD,zachary02@example.net,Portugal,2023-11-19,Standard,537.49
3833,Jacqueline Fowler,foxrobert@example.net,Andorra,2021-08-12,Standard,314.08
3834,Chris Johnson,kmiller@example.org,Mali,2024-07-14,Standard,723.98
3835,Diana White,ashley02@example.org,Cote d'Ivoire,2021-12-27,Standard,690.98
3836,Marc Chan,hshah@example.com,Guyana,2023-11-03,Premium,1382.66
3837,Christina Gonzalez,bauermichelle@example.net,Finland,2026-04-23,Premium,396.42
3838,Adam Blevins,david30@example.org,Kenya,2024-03-06,Basic,323.19
3839,Katherine Bailey,rnguyen@example.net,Guadeloupe,2026-05-12,Standard,326.85
3840,Gerald Mullins,matthew49@example.com,Christmas Island,2026-02-13,Standard,682.44
3841,Marco Byrd,seanshaw@example.com,Bosnia and Herzegovina,2024-04-24,Basic,59.27
3842,Randall Taylor,laura38@example.com,Serbia,2024-12-03,Basic,85.34
3843,Melanie Barker,fthomas@example.com,Eritrea,2024-12-04,Standard,387.40
3844,Lisa Harris,daniel67@example.com,Antigua and Barbuda,2023-10-27,Basic,226.48
3845,Kristin Wiley,velliott@example.net,Ukraine,2025-10-17,Basic,70.48
3846,Ernest Nelson,rosariochristopher@example.com,Oman,2025-09-01,Standard,740.67
3847,Martin Good,stefanie87@example.net,Dominica,2024-11-17,Premium,1111.09
3848,Levi Stewart,ekennedy@example.org,Fiji,2024-06-27,Basic,243.56
3849,Ashley Yang,emma98@example.org,Vanuatu,2026-01-31,Standard,658.41
3850,Dr. Jessica Smith,csmith@example.com,Niue,2024-07-23,Premium,1095.77
3851,Barry Hicks,ybrooks@example.net,Christmas Island,2026-07-17,Standard,558.94
3852,Stephanie Taylor,basskiara@example.org,Paraguay,2026-06-17,Basic,225.86
3853,Julie Clark,kimberly12@example.com,Iceland,2026-01-25,Standard,727.91
3854,Virginia Moore MD,tranmatthew@example.net,Madagascar,2025-12-04,Premium,1584.71
3855,Kevin Richardson,janicewhite@example.com,Hong Kong,2021-09-17,Standard,179.47
3856,Rachel Dickerson,sabrina83@example.com,Palau,2024-08-22,Standard,560.42
3857,Christine Harris,charles36@example.com,Palau,2022-07-23,Basic,330.02
3858,Erica Oconnor,christina97@example.net,Spain,2023-10-27,Standard,210.47
3859,Nancy Solis,fwilliams@example.com,Wallis and Futuna,2023-07-02,Premium,416.01
3860,Rachel Wright,djohnson@example.com,Saint Martin,2024-07-27,Basic,227.14
3861,Mary Braun,james87@example.org,Panama,2025-04-03,Standard,144.93
3862,Stephanie Allen,fkim@example.com,Uganda,2024-01-02,Premium,971.64
3863,Eric Smith MD,martha66@example.org,Malta,2022-05-11,Standard,700.08
3864,Misty Parker,george85@example.org,Niue,2021-12-06,Standard,401.51
3865,Nicholas Gordon,nthompson@example.net,Eritrea,2025-01-16,Standard,233.58
3866,Mark Taylor,barbararichards@example.net,Ukraine,2025-10-26,Basic,133.70
3867,Barbara Hart,smithholly@example.org,Croatia,2025-12-02,Standard,371.41
3868,Michael Roberts,stacy45@example.com,Korea,2026-03-26,Standard,158.16
3869,Mr. Ronald Adams,ysantos@example.com,Albania,2023-02-05,Premium,209.11
3870,Kevin Hall,,Georgia,2023-06-20,Premium,1347.74
3871,Katherine Buchanan,zwalton@example.com,Svalbard & Jan Mayen Islands,2023-12-25,Standard,420.27
3872,James King,wwilliams@example.org,Algeria,2024-02-11,Standard,210.24
3873,Gloria Davidson,ucollins@example.org,Barbados,2024-01-26,Standard,270.38
3874,Kenneth Medina,lmoreno@example.net,Macao,2024-01-19,Premium,1102.30
3875,Isaac Yang,garrettjordan@example.net,Reunion,2024-05-20,Standard,260.75
3876,Jennifer Lawson,obowers@example.net,Malta,2023-10-09,Standard,614.90
3877,Amanda James,ataylor@example.com,Cook Islands,2024-07-14,Standard,624.11
3878,Robert Miller,briandavis@example.net,Comoros,2026-08-12,Premium,621.39
3879,Cynthia Hoover,rodriguezdaniel@example.net,Estonia,2024-12-15,Premium,788.35
3880,David Schmidt,alexandra55@example.org,Qatar,2023-01-23,Standard,98.01
3881,James Cooper,james97@example.com,Guatemala,2023-11-20,Standard,518.60
3882,Christine Jones,irosario@example.org,Pakistan,2024-02-14,Standard,687.97
3883,Ann Allen,tanya69@example.com,Turkey,2022-11-07,Standard,169.03
3884,Dr. Kimberly Shaffer,jennifer86@example.net,El Salvador,2021-12-14,Basic,205.01
3885,Tammy Murphy,smckee@example.org,Netherlands Antilles,2024-09-08,Premium,424.35
3886,Ashley Short,banderson@example.net,Gambia,2024-10-12,Standard,656.19
3887,Travis Vargas,rsolis@example.net,Finland,2022-04-20,Standard,684.22
3888,Heidi Wilson,elee@example.net,Saint Lucia,2025-10-21,Standard,421.31
3889,Amber Hess,andersonvanessa@example.com,Suriname,2021-12-30,Standard,177.20
3890,Meghan Shea,melissa20@example.org,Mauritius,2026-05-22,Standard,455.12
3891,Brian Anderson,dana90@example.net,Falkland Islands (Malvinas),2026-02-09,Standard,654.60
3892,Janet Mckenzie,robert22@example.org,Bhutan,2023-07-26,Premium,1411.31
3893,Daniel Conner,triciagomez@example.net,Cape Verde,2023-01-20,Standard,698.35
3894,Janet Morris,bestalexis@example.org,Norway,2024-02-01,Premium,1496.94
3895,Scott Sherman,cameron42@example.org,Cambodia,2026-01-13,Standard,724.72
3896,Chelsey Vaughan,freemanmiguel@example.net,Netherlands Antilles,2022-09-03,Standard,196.75
3897,Teresa Robertson,qjohnson@example.com,Albania,2023-02-15,Basic,222.51
3898,Angelica Solomon,mcdonaldcole@example.net,China,2022-10-16,Standard,249.98
3899,Michael Mcmillan,katherineburns@example.net,Norway,2022-09-19,Standard,472.48
3900,Greg Alexander,kimscott@example.com,Yemen,2022-09-27,Standard,469.53
3901,Justin Rodriguez,lpace@example.com,Ireland,2023-10-02,Basic,64.33
3902,Michael Carpenter,catherinewhite@example.net,Austria,2025-10-10,Premium,1329.28
3903,Haley Peck,clarkjonathan@example.org,North Macedonia,2022-11-10,Standard,524.05
3904,Christopher Montgomery,jasonwilkerson@example.net,Bangladesh,2025-10-08,Standard,533.54
3905,Lindsey Williams,sellison@example.net,Bouvet Island (Bouvetoya),2022-05-09,Standard,231.29
3906,Kyle Bradley,leslie14@example.org,Belize,2025-07-24,Basic,370.22
3907,Todd Lopez,arthurhowe@example.com,Togo,2024-11-17,Basic,77.96
3908,Linda Williams,mary36@example.com,Turkey,2022-09-09,Basic,302.14
3909,David Colon,qchapman@example.org,Cayman Islands,2025-01-23,Standard,731.99
3910,Dr. Lynn Ford,fredericksmall@example.com,Indonesia,2025-03-15,Basic,62.29
3911,Christopher Romero,udorsey@example.net,Liberia,2022-02-22,Standard,100.26
3912,Colleen Fernandez,jeffery00@example.net,Aruba,2026-02-10,Basic,198.95
3913,Christine Cantrell,wyatt67@example.com,Turks and Caicos Islands,2023-04-08,Standard,501.12
3914,Juan Martinez,angelaparker@example.com,Palau,2021-10-01,Premium,449.16
3915,Robert Little,ivanmitchell@example.com,Guinea,2024-11-08,Premium,882.98
3916,Meagan Foley,shawna15@example.com,San Marino,2023-09-01,Premium,1178.90
3917,Bryan Edwards,leetravis@example.org,Svalbard & Jan Mayen Islands,2026-07-24,Standard,207.11
3918,Richard Cameron,rfoster@example.com,Guinea-Bissau,2025-02-17,Standard,533.22
3919,Susan Ortiz,ysmith@example.net,Uruguay,2025-06-17,Standard,575.95
3920,Michele West,eric96@example.net,Faroe Islands,2024-03-11,Standard,431.76
3921,Anita Elliott,taraanderson@example.org,Saint Martin,2022-12-10,Basic,70.97
3922,Thomas Walters,shawnanderson@example.com,Indonesia,2023-09-05,Premium,1686.74
3923,Dustin Walls,jason29@example.com,Aruba,2024-05-03,Premium,227.35
3924,John White,davidharvey@example.org,Guyana,2024-10-21,Premium,183.25
3925,Steven Lambert,gabriellittle@example.org,Benin,2025-03-12,Basic,244.59
3926,Terry Torres,jhurst@example.com,Anguilla,2023-12-02,Basic,162.66
3927,Matthew Vargas,james08@example.com,Mauritania,2026-04-14,Standard,721.48
3928,Mary Walton,nellis@example.org,Australia,2026-05-15,Basic,230.14
3929,Christopher Turner,yhooper@example.net,Georgia,2025-01-19,Standard,215.05
3930,Timothy Weiss,jason68@example.org,Turkey,2025-01-09,Basic,220.31
3931,Nicholas Moreno,beth56@example.org,Montserrat,2023-12-30,Standard,682.34
3932,James Potter,jasongentry@example.org,Greece,2023-11-08,Basic,328.57
3933,Katherine Chen,jennifer68@example.net,New Caledonia,2025-03-04,Standard,497.19
3934,Anthony Fleming,xthompson@example.net,Pitcairn Islands,2022-10-26,Basic,244.89
3935,Sheri Spence,csanders@example.com,Bolivia,2026-04-20,Premium,989.66
3936,Nicholas Hughes,bairdmolly@example.com,Chile,2024-02-15,Premium,960.47
3937,Norma Francis,nbender@example.org,Faroe Islands,2026-06-22,Premium,1026.35
3938,Victoria Preston,erinhogan@example.net,Philippines,2026-02-27,Premium,1468.59
3939,Joseph Simmons,robert13@example.net,French Southern Territories,2022-12-23,Standard,634.00
3940,Vanessa Perez,mistystephens@example.net,Antarctica (the territory South of 60 deg S),2022-03-21,Standard,316.59
3941,Cheryl Harrison,ballarddeanna@example.org,Lithuania,2026-06-11,Basic,96.83
3942,Rachel Welch,davisemily@example.org,Cayman Islands,2026-04-07,Standard,435.74
3943,James Davis,henry02@example.org,Mozambique,2022-02-09,Standard,424.49
3944,Benjamin Lee,rwalsh@example.org,Philippines,2021-12-11,Standard,285.76
3945,Linda Thompson,toddwhite@example.org,Mexico,2024-08-02,Standard,443.51
3946,Cody Bass,cindymunoz@example.org,Bolivia,2024-12-05,Basic,249.80
3947,Mark Ross,smithadam@example.org,Palau,2024-07-10,Basic,394.58
3948,Dr. Tiffany Bennett MD,lorithompson@example.com,Thailand,2023-02-27,Standard,96.79
3949,William Mueller,ewilson@example.com,Finland,2025-03-17,Standard,210.35
3950,Malik Wilson,hursthannah@example.com,Algeria,2022-04-12,Basic,61.38
3951,Walter Escobar,brian93@example.net,Saint Martin,2025-03-17,Standard,626.31
3952,Sean Fitzpatrick,justinreeves@example.net,Brazil,2022-07-04,Standard,586.21
3953,Brian Wade,johnsonmichelle@example.net,Croatia,2022-07-03,Basic,62.44
3954,Kimberly Taylor,jacob76@example.org,Guyana,2022-05-08,Standard,618.82
3955,Stacey Davis,garciatanner@example.com,Saint Kitts and Nevis,2023-01-24,Standard,486.75
3956,Susan Lewis,bsnyder@example.org,San Marino,2025-05-26,Basic,330.70
3957,Jonathan Rodriguez,dbenitez@example.net,Mauritania,2023-09-02,Standard,122.77
3958,Kyle White,cookwilliam@example.com,Saudi Arabia,2022-06-17,Standard,574.02
3959,Richard Jackson,mendezkent@example.com,Poland,2025-08-25,Basic,359.51
3960,Christine Vincent,sonia05@example.org,Belarus,2024-08-27,Standard,162.39
3961,Benjamin Ortega,westlaura@example.org,Marshall Islands,2022-11-29,Basic,77.46
3962,Joshua Gutierrez,ogriffin@example.com,Madagascar,2022-11-12,Standard,227.04
3963,Johnathan Gross,wendysantos@example.com,Faroe Islands,2024-11-29,Standard,397.37
3964,Gina Hicks,mark01@example.com,United Kingdom,2022-06-06,Basic,355.52
3965,Martin Holden,sarahtaylor@example.org,Mongolia,2021-09-28,Standard,703.59
3966,Kimberly Young,wardchristopher@example.org,Bahrain,2025-09-29,Premium,1406.37
3967,Jeffery Gonzalez,eferguson@example.net,Nepal,2021-10-23,Standard,485.49
3968,Eric Morales,jonestaylor@example.net,Switzerland,2022-12-24,Standard,536.43
3969,Rebecca Ball,zwilliams@example.com,Mauritius,2023-05-16,Premium,934.42
3970,Jessica Graham,ocrane@example.net,Benin,2022-06-06,Standard,329.63
3971,Rebecca Gallegos,mrodgers@example.org,Gambia,2024-10-14,Premium,1279.61
3972,Angela Wright,rayrobin@example.org,Sao Tome and Principe,2026-05-11,Standard,153.02
3973,Terry Hale,zflynn@example.com,Kazakhstan,2023-09-11,Premium,1144.65
3974,Scott Anderson,grojas@example.com,Argentina,2024-06-15,Basic,166.64
3975,Joanna Torres,fredericktimothy@example.com,Senegal,2025-08-09,Standard,694.70
3976,Christian Harris,kingtracie@example.org,Gambia,2023-11-16,Standard,137.09
3977,Jessica Sandoval,michelle20@example.net,United States Virgin Islands,2023-05-19,Premium,825.58
3978,Melissa Patel,xbowers@example.net,Macao,2024-02-09,Basic,330.78
3979,Tina Harvey,jasonhardy@example.net,Latvia,2026-01-27,Standard,105.90
3980,Carla Santana,shannoncheryl@example.net,Macao,2023-08-14,Basic,354.37
3981,Miguel Marsh,katie48@example.com,Ethiopia,2022-04-16,Standard,113.40
3982,Kevin Hall,wflynn@example.org,Russian Federation,2022-10-24,Premium,865.73
3983,Nicholas Butler,ysullivan@example.org,Lebanon,2022-11-09,Standard,287.03
3984,Sharon Rivas,patty62@example.org,Timor-Leste,2022-02-18,Standard,676.04
3985,David Chan,greennatalie@example.org,Holy See (Vatican City State),2023-08-09,Basic,86.70
3986,Stephen Mercer,teresaperry@example.com,Chile,2025-08-12,Standard,518.87
3987,Jennifer Eaton,michaeljohnson@example.com,Ethiopia,2023-06-07,Standard,126.56
3988,Autumn Velez,james42@example.org,Belarus,2022-02-20,Basic,114.11
3989,Steve Baker,timothy42@example.org,Norfolk Island,2024-05-20,Basic,332.83
3990,Catherine Garrett,nicholas81@example.com,Belarus,2022-06-02,Basic,349.15
3991,William Russell,lmay@example.com,Panama,2023-07-20,Standard,279.34
3992,Kyle Mason,cthompson@example.net,Costa Rica,2023-03-25,Standard,447.20
3993,Lisa Rice,pbrooks@example.net,Sudan,2022-03-16,Basic,127.91
3994,Aaron Marshall,greentina@example.net,Belarus,2025-08-07,Basic,154.79
3995,Donald Stephenson,samanthahurst@example.org,Guadeloupe,2026-05-28,Standard,145.46
3996,Kristin Green,whitneyjohnson@example.net,Bermuda,2022-04-25,Standard,352.31
3997,Elijah Clements,rnichols@example.com,Wallis and Futuna,2022-06-14,Basic,215.03
3998,Anthony Meyers,mccallcrystal@example.org,Jamaica,2023-09-19,Premium,1611.48
3999,Jean Swanson,mlamb@example.net,Isle of Man,2022-10-28,Basic,227.56
4000,Eric Garcia,laurenflynn@example.net,United States Minor Outlying Islands,2024-01-26,Standard,448.25
4001,Lori Cruz,colemanmelissa@example.com,Kazakhstan,2022-01-11,Premium,1316.73
4002,Ashley Mccullough,aaron31@example.com,Aruba,2021-08-15,Basic,52.91
4003,Anthony Lozano,zmartin@example.net,Mauritius,2023-09-10,Standard,372.19
4004,Shannon Hayden DDS,schaeferbrian@example.com,Tuvalu,2022-01-05,Basic,383.10
4005,Lisa Phillips,benjamin79@example.com,Serbia,2023-07-08,Premium,1492.21
4006,Mallory Hanna,frank01@example.com,Belize,2023-01-02,Standard,472.06
4007,David Smith,fwalker@example.org,Egypt,2025-02-21,Standard,726.44
4008,Jenny Higgins,beth28@example.net,Vanuatu,2025-10-30,Premium,1520.95
4009,Michelle Greene,qhester@example.com,Qatar,2023-10-19,Standard,87.72
4010,Stephanie Park,brittanyjohnson@example.com,Luxembourg,2024-01-02,Standard,374.71
4011,Robert Davidson,peterhamilton@example.com,Georgia,2025-03-19,Standard,331.05
4012,Jacob Robinson,jessica81@example.com,Albania,2025-06-22,Standard,434.43
4013,Crystal Brown,matthewstokes@example.net,Anguilla,2025-12-26,Standard,96.13
4014,Patricia Chen,acoleman@example.net,Italy,2022-09-02,Basic,377.40
4015,John Stark,knoxmark@example.org,South Georgia and the South Sandwich Islands,2022-06-21,Basic,311.61
4016,Jonathan Anderson,elizabethjames@example.net,France,2026-03-10,Standard,634.01
4017,Sherri Anderson,michael40@example.net,Guernsey,2026-07-12,Standard,583.49
4018,Cynthia Sullivan,matthewowen@example.net,Ecuador,2023-12-19,Standard,93.46
4019,Nicholas Garza,morrowjennifer@example.com,Uruguay,2025-01-08,Basic,263.75
4020,Raymond Ellis,toddheath@example.net,Sudan,2025-05-12,Basic,321.74
4021,Monica Brady,charles25@example.net,Micronesia,2025-10-05,Basic,310.86
4022,Ricky Singleton,millertravis@example.com,Sierra Leone,2022-06-18,Basic,239.19
4023,John Walton,christinehart@example.com,Greece,2025-12-31,Basic,375.69
4024,Marcus Crawford,thomaslori@example.net,Maldives,2023-04-24,Standard,743.85
4025,Aaron Castro,petersonjennifer@example.org,Finland,2022-05-01,Standard,361.09
4026,Erica Small,marydaniels@example.org,Russian Federation,2026-07-31,Basic,316.84
4027,Lisa Olson,matthewgilbert@example.com,Barbados,2023-03-05,Standard,723.21
4028,Nicole Johnson,dixondonald@example.com,Somalia,2022-11-04,Standard,745.01
4029,Jason Jones,mfox@example.com,Cambodia,2024-03-21,Standard,687.71
4030,Stephanie Barajas,donnaholt@example.org,France,2022-02-15,Standard,535.75
4031,Andrea Miller,pwilliams@example.org,Switzerland,2025-04-21,Standard,749.19
4032,Amy Ochoa,juan84@example.org,Italy,2024-11-16,Basic,146.50
4033,Amy White,mccoysamantha@example.org,Cyprus,2023-12-20,Standard,101.06
4034,Amber Moore,johnsonjohn@example.com,Libyan Arab Jamahiriya,2025-03-28,Standard,256.40
4035,Jennifer Ayers,agibson@example.com,Serbia,2026-05-21,Standard,515.80
4036,Howard Evans,clarkrachel@example.net,Bouvet Island (Bouvetoya),2024-09-05,Basic,44.44
4037,Melissa Harris,rodriguezbrent@example.com,Nigeria,2022-08-20,Standard,521.02
4038,Daniel Carson,jameswright@example.net,Yemen,2026-01-03,Basic,345.13
4039,Michael Lucero,terri85@example.com,San Marino,2025-07-17,Standard,86.66
4040,Charles Wright,ytaylor@example.com,American Samoa,2023-07-17,Premium,233.28
4041,Brian Chen,franciskenneth@example.net,Lesotho,2023-10-19,Standard,505.48
4042,Timothy Irwin,anna34@example.net,Burkina Faso,2023-11-17,Standard,350.81
4043,Stephanie Chavez,thompsonjulian@example.com,Montenegro,2023-04-01,Standard,128.69
4044,Christopher Jackson,moorejoy@example.com,Madagascar,2024-09-17,Basic,238.52
4045,Randy Martin,amandaschmidt@example.net,Netherlands,2026-01-31,Basic,198.56
4046,Stefanie Higgins,maria51@example.com,Philippines,2025-03-28,Standard,606.05
4047,Andrea Mann,lee64@example.com,Jersey,2022-11-14,Standard,409.08
4048,David Silva,scotttanya@example.org,Gabon,2025-12-24,Standard,192.78
4049,Sherry Mclaughlin,xsimpson@example.com,Equatorial Guinea,2024-01-31,Basic,276.15
4050,Benjamin Matthews,wgeorge@example.org,British Virgin Islands,2026-01-30,Standard,516.86
4051,Jerry Williams,rodneythomas@example.net,Zambia,2023-05-01,Standard,417.04
4052,Carl Gordon,brownhayley@example.net,Belarus,2023-12-03,Standard,289.20
4053,Amanda Reid,josephjefferson@example.org,Peru,2022-11-08,Standard,228.87
4054,Daniel Evans,imatthews@example.net,Samoa,2022-01-19,Basic,397.11
4055,Hannah Morris,tonyroberts@example.org,Saint Barthelemy,2024-02-16,Basic,45.80
4056,Shelly Booth,gburns@example.com,Uruguay,2022-01-23,Basic,345.79
4057,Anthony Solomon,gmeyer@example.org,Guatemala,2023-05-29,Standard,105.19
4058,Michael Diaz,fbyrd@example.com,Israel,2024-05-30,Standard,148.69
4059,Elizabeth Williams,robertfrancis@example.com,El Salvador,2023-08-26,Standard,151.40
4060,Keith Wood,,Cyprus,2022-08-25,Premium,496.37
4061,William Lopez,rebecca18@example.org,Holy See (Vatican City State),2023-08-03,Standard,634.67
4062,Kevin Miller,daniellejordan@example.net,Korea,2025-11-04,Standard,123.19
4063,Kristin Wolf,jriley@example.com,Malta,2024-01-09,Standard,266.08
4064,Katie Obrien,fstevenson@example.net,Jamaica,2026-04-06,Premium,1130.97
4065,Christopher Sims,jeanne69@example.org,Cocos (Keeling) Islands,2025-06-04,Standard,733.19
4066,Monique Henderson,jimmypugh@example.org,Liberia,2023-01-08,Basic,174.90
4067,Michelle Smith,gmyers@example.net,Bermuda,2024-06-19,Basic,145.86
4068,Jessica Owens,copelandmichael@example.com,Czech Republic,2025-09-04,Premium,755.08
4069,Richard Thompson,gutierrezmichael@example.com,Costa Rica,2024-10-26,Standard,176.29
4070,Jesse Myers,gabriel98@example.com,South Georgia and the South Sandwich Islands,2021-12-08,Standard,146.71
4071,Sheryl Massey,robinsonjulie@example.com,Costa Rica,2021-09-14,Standard,286.35
4072,Elizabeth Mills,storres@example.com,Costa Rica,2025-05-09,Basic,307.14
4073,Michael Perez,mary11@example.net,Malaysia,2025-01-24,Basic,296.62
4074,Vincent Davenport,mcdanielruben@example.net,Romania,2025-03-19,Basic,176.38
4075,Melvin Gutierrez,donnahart@example.org,Uruguay,2024-11-10,Standard,518.52
4076,Amy Garcia,waynemiller@example.com,South Africa,2024-08-17,Standard,589.76
4077,Christine Myers,zlong@example.net,Saint Helena,2026-04-22,Standard,719.75
4078,Christopher Jones,ericlynn@example.com,Mozambique,2024-03-10,Basic,397.23
4079,Corey Rowland,tcarr@example.org,Papua New Guinea,2024-12-07,Standard,748.52
4080,Willie Wall,wward@example.net,Portugal,2022-08-08,Standard,570.42
4081,Mary Moore,jodi27@example.net,Greenland,2023-09-08,Standard,156.84
4082,Lauren Peterson,brianpowell@example.com,Moldova,2021-12-02,Basic,327.35
4083,Beth Hodge,srivera@example.net,French Guiana,2025-08-04,Standard,519.96
4084,Kathryn Moore,williamlam@example.org,United States of America,2025-03-06,Standard,288.93
4085,Donald Owens,kgutierrez@example.org,Ecuador,2023-08-12,Standard,463.29
4086,Scott Alexander,devin22@example.net,Yemen,2025-08-21,Basic,158.33
4087,Ryan Rios,jeanette90@example.org,Mongolia,2023-02-20,Basic,391.89
4088,Lauren Phillips,joy57@example.com,Syrian Arab Republic,2025-08-28,Standard,287.50
4089,James Bowen,samanthaherrera@example.com,Guam,2024-09-27,Basic,289.51
4090,Norman Keith,mannbrandi@example.org,Qatar,2023-06-14,Standard,721.39
4091,James Wallace,,Pakistan,2026-06-24,Standard,128.79
4092,Holly Boyle,patricksmith@example.org,Mozambique,2025-07-07,Standard,126.60
4093,Mark Johnson,xrodriguez@example.com,Paraguay,2022-10-05,Standard,401.80
4094,Joseph Nichols,qtaylor@example.org,Antarctica (the territory South of 60 deg S),2026-02-15,Standard,605.76
4095,Tammy Joseph,hardingeric@example.net,Niger,2023-09-30,Standard,633.78
4096,Jessica Robinson,sherylgonzalez@example.com,Czech Republic,2023-02-02,Basic,373.26
4097,Danny Huang,robert07@example.net,Bolivia,2024-07-05,Standard,688.75
4098,Hannah Hopkins,tracy43@example.net,Ireland,2024-01-22,Standard,524.48
4099,Dean Cardenas,carolynjones@example.com,Saint Kitts and Nevis,2024-08-06,Standard,612.20
4100,Natalie Peterson,pshannon@example.net,Lithuania,2025-05-06,Standard,154.63
4101,Matthew Fischer,dferguson@example.org,Greenland,2022-09-03,Standard,415.89
4102,Walter Owen,acombs@example.org,Germany,2022-12-22,Premium,953.37
4103,Jordan Williams Jr.,zachary40@example.org,Slovakia (Slovak Republic),2023-01-30,Basic,111.32
4104,Ethan Cobb,williamschad@example.net,Paraguay,2021-11-21,Standard,381.50
4105,Amanda Clark,jessica43@example.com,Sao Tome and Principe,2024-06-22,Standard,357.57
4106,Makayla Johnson,daniel19@example.net,Ghana,2026-05-06,Basic,296.10
4107,Barry Robinson,harrisalexander@example.com,Brunei Darussalam,2026-04-11,Standard,143.17
4108,Dawn Mcguire,michaeljones@example.org,United Kingdom,2024-07-12,Basic,340.19
4109,Perry Burke,lanegabriel@example.net,Finland,2021-12-05,Premium,437.92
4110,Justin Howell,chandlerjeremy@example.org,Egypt,2024-05-27,Premium,985.96
4111,Meghan Archer,cphelps@example.net,Iceland,2025-10-08,Standard,336.98
4112,Kelly Hurley,shannonkimberly@example.com,Andorra,2024-11-07,Standard,161.03
4113,Sabrina Ruiz,amandamitchell@example.net,Reunion,2024-11-16,Standard,237.97
4114,Brett Gonzalez,eugeneavila@example.net,Costa Rica,2024-10-12,Standard,302.35
4115,Sabrina Thornton,paulreyes@example.net,Chad,2026-01-01,Basic,161.19
4116,Gregory Parker,piercedavid@example.org,Sweden,2025-12-13,Standard,147.75
4117,John Perry,samuel76@example.com,Lithuania,2021-12-20,Basic,66.55
4118,Michael Russo,kathrynbaxter@example.org,Uruguay,2022-05-24,Basic,381.97
4119,Wendy Flores,wnelson@example.net,Nigeria,2025-05-17,Basic,267.10
4120,Michael Smith,prodriguez@example.org,Ethiopia,2025-05-30,Basic,196.85
4121,Timothy Gray,karen71@example.org,Uzbekistan,2023-08-21,Basic,292.04
4122,Jennifer Gould,cody45@example.org,Korea,2023-05-25,Basic,300.53
4123,Jeremy Turner,erica88@example.org,Togo,2023-03-25,Standard,628.57
4124,Mary Vaughan,mannlisa@example.com,Yemen,2022-02-18,Standard,177.77
4125,Sabrina Edwards,palvarez@example.org,Mayotte,2025-12-08,Premium,1109.05
4126,Joe Mitchell,csnyder@example.net,Heard Island and McDonald Islands,2021-11-30,Standard,381.13
4127,Sean Fritz,walleramy@example.net,Saint Pierre and Miquelon,2022-08-29,Standard,194.29
4128,Kevin Green,jacqueline27@example.com,Malawi,2026-05-19,Basic,140.55
4129,Thomas Evans,nicholas33@example.net,Morocco,2022-05-14,Basic,123.61
4130,Wesley Ward,kayla70@example.com,Belarus,2023-03-13,Standard,107.59
4131,Gabrielle Ruiz,richardnichols@example.org,Swaziland,2024-10-23,Standard,429.51
4132,Tonya Cowan,stevengray@example.net,Malta,2025-05-08,Standard,701.43
4133,Christopher Spears,dcarpenter@example.net,El Salvador,2024-01-08,Standard,334.25
4134,Catherine Mcclain,cynthiajohnson@example.net,Moldova,2023-05-03,Basic,383.26
4135,Julie Todd PhD,robertdavis@example.org,Uruguay,2022-03-24,Premium,1663.46
4136,Cassidy Armstrong,camachokathryn@example.com,Colombia,2023-05-10,Basic,303.15
4137,Danielle Oconnor,joshua54@example.org,Tajikistan,2024-04-23,Standard,262.82
4138,Joshua Moreno,christophercannon@example.org,Tuvalu,2022-10-10,Basic,153.17
4139,Alfred Conway,williamjordan@example.org,Greece,2024-12-13,Standard,186.77
4140,Alexa Riggs,gward@example.com,Switzerland,2025-07-31,Standard,403.48
4141,Jessica Taylor,dylanstevenson@example.com,Bahamas,2024-03-27,Standard,189.29
4142,Joshua Solomon,paul34@example.com,Hungary,2021-11-12,Basic,133.39
4143,Samantha Hahn,jasonray@example.com,Mayotte,2023-10-23,Standard,146.63
4144,Raven Bowman,qowens@example.org,India,2022-08-29,Standard,263.07
4145,David Christian,,Samoa,2023-08-02,Premium,1044.66
4146,Kayla Smith,jacquelinesullivan@example.net,Australia,2024-03-10,Standard,188.98
4147,Rachel Contreras,ashley16@example.org,Equatorial Guinea,2025-11-17,Standard,101.83
4148,Shannon Frazier,sherribrown@example.net,Bolivia,2023-07-22,Basic,233.65
4149,James White,alexandriacox@example.com,Gambia,2021-12-22,Standard,404.65
4150,Kim Rivera,khernandez@example.com,Belarus,2025-06-07,Basic,173.03
4151,Aaron Collins,ymiller@example.net,Singapore,2023-09-08,Standard,714.82
4152,Matthew Brown,smacdonald@example.com,Nauru,2021-09-13,Standard,375.26
4153,Dennis Keller,williamwalters@example.org,United States of America,2025-09-23,Premium,889.81
4154,Robert Valenzuela,charles06@example.com,Niue,2024-01-27,Basic,297.85
4155,Emma Ruiz,melindahernandez@example.org,Jersey,2023-05-11,Basic,83.18
4156,Susan Hill,kimarmstrong@example.com,Ethiopia,2025-04-29,Basic,217.57
4157,Alexis Jones,mayalexis@example.com,Saudi Arabia,2022-06-21,Premium,390.49
4158,Allison Sanchez,mooneydanielle@example.net,Antarctica (the territory South of 60 deg S),2025-10-25,Standard,526.38
4159,Brandon Fernandez,sarahsandoval@example.org,Luxembourg,2025-06-07,Basic,329.31
4160,Kenneth Stewart,jill12@example.net,Uruguay,2025-08-11,Basic,120.08
4161,Carol Molina,erichoover@example.org,Madagascar,2026-05-28,Premium,421.85
4162,Andrea Hartman,brandonwillis@example.net,Guinea,2022-04-22,Standard,381.09
4163,Shelley Kelley,stantoneric@example.net,Jersey,2022-06-11,Basic,281.95
4164,Sarah Malone,tdoyle@example.org,Fiji,2025-05-12,Premium,1258.50
4165,Crystal Burke,briancardenas@example.net,Sao Tome and Principe,2022-06-16,Basic,53.81
4166,Perry Tucker,ycervantes@example.org,Monaco,2022-10-06,Premium,1285.54
4167,Elizabeth Blake,timothylong@example.com,Cote d'Ivoire,2024-08-05,Standard,203.52
4168,Brittany Simon,jo03@example.org,Anguilla,2024-03-24,Standard,640.40
4169,Samantha Roberts,irios@example.net,Pakistan,2021-11-05,Standard,715.70
4170,Alejandro Villegas,sharon87@example.net,Botswana,2023-04-15,Standard,240.99
4171,Ethan Hawkins,stevenjackson@example.org,Nicaragua,2021-11-14,Standard,663.68
4172,David Armstrong,ashleyholt@example.com,British Virgin Islands,2024-01-14,Standard,207.08
4173,Miguel Johnson,michael88@example.net,Falkland Islands (Malvinas),2026-03-11,Standard,402.04
4174,Erin Mahoney,timothynorman@example.net,Honduras,2023-08-21,Standard,410.29
4175,Jessica Robinson,,Thailand,2026-01-08,Premium,1174.77
4176,Brian Smith,danielsjames@example.net,Nepal,2022-08-31,Premium,988.18
4177,Heather Mathews,adam39@example.org,Singapore,2023-06-09,Basic,117.11
4178,Chad Lawson,timothy75@example.org,Portugal,2026-03-16,Standard,406.22
4179,Dylan Hansen,robinsonjoy@example.com,Congo,2023-08-13,Standard,554.24
4180,Julia Hernandez,wrightjohn@example.com,Turks and Caicos Islands,2022-12-13,Premium,1258.57
4181,Sherry Robertson,alexanderhuber@example.com,Dominican Republic,2024-08-11,Standard,500.94
4182,Michael Sweeney,boydamanda@example.com,Comoros,2022-07-08,Standard,310.38
4183,Sara Hobbs,janet01@example.org,Equatorial Guinea,2024-09-16,Standard,719.18
4184,Sara Torres,joseph73@example.net,Trinidad and Tobago,2024-11-19,Basic,342.65
4185,Amanda Hodges,johnstonrobert@example.net,Bangladesh,2024-08-17,Basic,280.47
4186,Ricky Davila,bailey73@example.net,Hungary,2022-01-30,Standard,500.27
4187,Mary Ayala,andrew73@example.com,Mauritius,2026-02-18,Standard,441.80
4188,Anne Williams,carterdaniel@example.net,Luxembourg,2026-06-12,Standard,222.78
4189,Mario Ramirez,anthonyfoley@example.org,Sri Lanka,2022-02-18,Basic,362.85
4190,Mary Hunter,rpham@example.net,Jamaica,2026-05-18,Basic,191.05
4191,Ashlee Flores,awhite@example.org,Gambia,2025-06-06,Standard,241.99
4192,Dennis Trevino,tbarajas@example.com,Korea,2026-04-12,Standard,193.93
4193,Charles Murphy,jbenson@example.org,Micronesia,2026-06-16,Basic,277.82
4194,Laurie Wilson,nchang@example.net,Thailand,2024-04-13,Standard,343.71
4195,Matthew Scott,weberrichard@example.net,Marshall Islands,2023-01-27,Premium,1564.42
4196,Hannah Kidd,nancy37@example.net,Denmark,2021-12-02,Basic,351.04
4197,Cindy Nolan,davidflores@example.net,Iraq,2026-06-20,Standard,538.87
4198,Roberto Graham,jonathan14@example.net,Gambia,2021-08-16,Premium,596.98
4199,Nicholas Johnson,cwood@example.org,Dominican Republic,2025-06-26,Standard,649.42
4200,Amber Henderson DVM,wallacevictoria@example.com,Cayman Islands,2024-07-14,Standard,454.52
4201,Candace Quinn,kara42@example.com,Uzbekistan,2022-08-23,Standard,530.62
4202,Zachary Dawson,paulabrooks@example.net,Uruguay,2024-08-05,Standard,621.10
4203,Robin Russell,victoria75@example.net,United Arab Emirates,2025-10-17,Standard,250.97
4204,Michaela Case,stephaniewashington@example.org,United States Minor Outlying Islands,2021-11-29,Premium,939.67
4205,Chelsea Matthews,michaelklein@example.org,South Africa,2023-10-06,Standard,504.48
4206,Julia Grant,jennifersmith@example.net,Botswana,2023-12-28,Premium,880.03
4207,Mercedes Scott,michaelfinley@example.org,Aruba,2023-01-30,Standard,666.04
4208,Brett Fleming,jmarshall@example.com,Singapore,2026-08-12,Standard,601.20
4209,William Keith,bgarcia@example.org,Saint Vincent and the Grenadines,2026-05-27,Premium,1700.00
4210,Shane Juarez,yvonneellis@example.net,Saint Helena,2024-08-25,Standard,162.22
4211,Edward Hunt,tuckerjennifer@example.com,Indonesia,2022-04-16,Standard,716.44
4212,Sarah Gonzales,joannacollins@example.org,Indonesia,2024-10-24,Premium,772.22
4213,Laura Flores MD,enelson@example.org,Grenada,2023-09-15,Basic,159.98
4214,Janet Mcdonald,tinawilliams@example.org,Jordan,2024-09-18,Standard,592.06
4215,Terry Flores,antonio26@example.org,Dominica,2022-11-25,Premium,252.51
4216,Shelby Ruiz,grimeseric@example.net,Azerbaijan,2025-09-09,Standard,436.44
4217,Janet Graham,justin05@example.org,Saint Pierre and Miquelon,2024-10-15,Basic,341.73
4218,Mark Pearson,rlevine@example.org,Grenada,2022-09-24,Standard,559.53
4219,Vincent Mcgee,owenselizabeth@example.com,Micronesia,2026-01-23,Standard,183.95
4220,Walter Johnson,shawn21@example.org,Honduras,2025-06-29,Standard,354.04
4221,Justin Mcconnell,vphillips@example.com,Burkina Faso,2023-08-28,Standard,242.88
4222,Alvin Smith,elizabeth70@example.com,Zimbabwe,2022-05-24,Premium,1506.63
4223,Amanda Ross,rpreston@example.com,Bermuda,2022-03-31,Basic,229.56
4224,Timothy Willis,urios@example.net,Indonesia,2024-08-06,Standard,609.16
4225,Danielle Jordan,reyesjacob@example.net,Guatemala,2021-12-04,Premium,620.87
4226,Robert Lynn,xneal@example.org,Tonga,2024-07-15,Premium,1169.70
4227,Joseph Matthews,carlkrause@example.com,Spain,2022-08-08,Standard,97.80
4228,Danielle Parrish,caldwellclaudia@example.com,Jamaica,2025-01-19,Basic,332.68
4229,Todd Butler,sandersfelicia@example.org,Ghana,2022-05-10,Standard,345.51
4230,Sydney Carrillo,edwardthomas@example.net,Somalia,2022-12-03,Basic,355.58
4231,Joanna Figueroa,bairdaaron@example.com,Marshall Islands,2025-01-25,Basic,67.55
4232,Nathan Jones,bradley89@example.net,El Salvador,2022-11-04,Standard,549.86
4233,Tiffany Spencer,pachecopatricia@example.net,Bouvet Island (Bouvetoya),2024-01-19,Basic,47.26
4234,Danielle Luna,morrisamber@example.net,New Caledonia,2025-12-23,Basic,235.01
4235,Matthew Hays,paynejoseph@example.org,Cuba,2023-01-10,Basic,74.40
4236,Gina Johnson,nealpatricia@example.com,Honduras,2026-07-09,Standard,339.01
4237,Gloria May,lpatrick@example.net,Argentina,2024-10-14,Basic,349.35
4238,Paula Key,jenkinsrobert@example.com,Italy,2021-09-21,Basic,193.05
4239,Mark Martin,rebecca76@example.com,Cambodia,2024-02-21,Basic,148.78
4240,Michael Acosta,randymoore@example.com,Svalbard & Jan Mayen Islands,2025-08-28,Standard,142.28
4241,Samantha Logan,brenda59@example.org,Tanzania,2022-06-22,Basic,247.43
4242,Kenneth Smith,christianbridges@example.net,Jersey,2023-06-17,Standard,364.94
4243,Heather Baldwin,blakepeter@example.com,Thailand,2025-12-01,Standard,349.27
4244,Anne Johnson,melissa43@example.net,Montenegro,2024-12-27,Standard,266.99
4245,Matthew Sanders,benjamin62@example.net,Romania,2026-04-10,Basic,222.37
4246,Cheryl Barron,melaniejohnson@example.org,Faroe Islands,2026-01-30,Standard,745.38
4247,Kristen Burns,clifford26@example.org,Uganda,2022-09-13,Basic,382.52
4248,Helen Franco,tracy58@example.com,British Indian Ocean Territory (Chagos Archipelago),2024-02-18,Basic,297.25
4249,Frank Gordon,,Cyprus,2023-06-17,Standard,465.07
4250,Tammy Pittman,wrobertson@example.net,Mayotte,2026-04-03,Premium,1389.65
4251,Christopher Hamilton,nwatson@example.org,Christmas Island,2023-06-19,Standard,396.84
4252,Jennifer Thomas,kgraham@example.org,Dominican Republic,2023-09-07,Premium,664.21
4253,Robert Harrison,rebeccamartinez@example.org,New Zealand,2025-04-24,Premium,1167.11
4254,Yvonne Sanford,vconley@example.org,Central African Republic,2026-02-20,Premium,1058.39
4255,Samantha Richard,millershawn@example.org,Philippines,2026-06-24,Standard,710.91
4256,Justin Cox,andersonpaul@example.net,France,2022-12-13,Standard,131.62
4257,Jacob Lewis,mcknightmary@example.com,Qatar,2022-11-05,Standard,640.70
4258,Patrick Lopez,jillmartinez@example.net,Jersey,2025-10-20,Standard,641.76
4259,Tracy Gates,beasleyrobert@example.com,Samoa,2022-11-24,Basic,61.22
4260,Mr. Paul Marquez,millermonique@example.com,Afghanistan,2024-05-15,Standard,353.00
4261,Danielle Mcdonald,phillipsparks@example.net,Mayotte,2023-11-06,Basic,340.36
4262,Rachel Mullins,jacobfitzpatrick@example.com,Cambodia,2022-04-12,Premium,1260.17
4263,Darrell Gilbert,josephward@example.com,Lesotho,2023-11-13,Standard,663.21
4264,Jesus Cox,brandon18@example.net,Turkey,2023-05-02,Standard,216.23
4265,Timothy Campbell,ryan03@example.net,Honduras,2022-07-24,Standard,404.89
4266,Ronald Dawson,lisasmith@example.net,South Africa,2024-12-12,Standard,722.65
4267,Steven Garrett,miguelshaw@example.net,Georgia,2023-11-06,Standard,386.43
4268,Spencer Johnston,feliciathompson@example.com,Dominican Republic,2022-04-07,Standard,449.49
4269,Brittany Mcpherson,lance16@example.net,Papua New Guinea,2025-02-18,Basic,303.90
4270,Travis Jenkins,hnewman@example.net,South Africa,2021-12-14,Basic,193.25
4271,Laura Cobb MD,ffrancis@example.org,Trinidad and Tobago,2024-06-26,Premium,375.47
4272,Donna Walsh,janetbrown@example.net,Monaco,2023-04-16,Premium,993.90
4273,David Chen,millerjuan@example.org,Lithuania,2024-01-19,Premium,485.85
4274,James Gonzalez,wware@example.com,Seychelles,2026-05-31,Basic,80.92
4275,Sherry Shelton,zimmermanangela@example.net,Cape Verde,2025-08-31,Basic,218.27
4276,Alicia Pierce,gregory66@example.net,Azerbaijan,2023-08-03,Standard,429.10
4277,Frank Morris,daniel90@example.net,Reunion,2023-08-08,Premium,1551.89
4278,Michael Lambert,beckalan@example.net,Estonia,2024-10-08,Standard,81.25
4279,Michael Mccullough,eric27@example.net,United Arab Emirates,2024-10-26,Premium,1743.30
4280,Michelle Lawrence,thenderson@example.net,Brunei Darussalam,2024-09-16,Basic,356.88
4281,Christina Williams,danny19@example.com,Cape Verde,2025-04-30,Standard,292.61
4282,Matthew Hancock,jamie35@example.org,Western Sahara,2023-10-10,Basic,242.97
4283,Jermaine Webb,ulewis@example.org,Iceland,2025-08-11,Standard,270.88
4284,Kim Olson,clarkchad@example.com,Russian Federation,2024-11-06,Standard,616.90
4285,Brandon Smith,rjones@example.net,Cocos (Keeling) Islands,2025-12-13,Basic,173.65
4286,Richard Miller,olsonjoseph@example.com,India,2026-01-19,Standard,393.67
4287,Lindsey Jimenez,thomas17@example.org,Sao Tome and Principe,2026-04-17,Standard,297.87
4288,David Price,kimberlymoss@example.org,Cape Verde,2023-05-10,Basic,398.63
4289,Timothy Abbott,jennifer55@example.net,Kiribati,2025-04-02,Basic,99.13
4290,Katherine Flores,wellsann@example.org,San Marino,2021-11-21,Basic,210.59
4291,Mr. Danny Larson PhD,uadams@example.com,San Marino,2025-01-02,Standard,195.98
4292,Catherine Gray,chelsea93@example.net,Iraq,2024-12-18,Standard,745.48
4293,Randy Foster,scook@example.com,Equatorial Guinea,2022-09-23,Premium,1279.81
4294,Amanda Flores,phillip63@example.org,Bahamas,2024-11-15,Standard,138.35
4295,Charles Frost,howardchris@example.com,Azerbaijan,2023-11-03,Standard,138.93
4296,Patrick Choi,pittsmary@example.net,Botswana,2022-01-24,Standard,476.26
4297,Helen Boyer,morganwatts@example.com,San Marino,2024-10-09,Premium,1177.24
4298,Danielle Perry,timothyfuller@example.org,Serbia,2025-08-15,Basic,164.18
4299,Paul Long,dharrison@example.com,Guyana,2023-02-07,Premium,478.41
4300,Michelle Johnson,odomheather@example.net,Hungary,2024-08-28,Standard,690.27
4301,Anne Carter,terrieverett@example.org,Australia,2024-11-24,Standard,567.29
4302,Claire Dominguez,lewisdavid@example.net,Montserrat,2022-08-03,Standard,592.72
4303,Jennifer Moore,ryangardner@example.net,France,2021-12-28,Basic,242.00
4304,Mr. Chad Lawson Jr.,gerald51@example.net,Nauru,2023-05-19,Standard,211.75
4305,Bradley Graham,matthew92@example.org,Cyprus,2025-01-28,Standard,144.51
4306,Carl Payne,bbarnett@example.org,Albania,2025-07-14,Standard,195.37
4307,Charles Osborne,charlenewalker@example.org,Guinea-Bissau,2026-05-14,Standard,160.53
4308,Jessica Salazar,brookspatricia@example.com,Spain,2026-02-21,Standard,510.26
4309,Elizabeth Harding,tfox@example.net,Luxembourg,2022-12-11,Standard,463.57
4310,Ian Johnson,pennysanchez@example.org,Uzbekistan,2026-06-09,Basic,257.72
4311,Dr. Molly Williams DDS,vstewart@example.com,Svalbard & Jan Mayen Islands,2026-04-17,Basic,305.42
4312,Alexander Byrd,santosluke@example.org,Botswana,2021-08-14,Standard,688.73
4313,Kristi Becker,ftucker@example.com,El Salvador,2024-02-10,Standard,76.80
4314,Daniel Schmidt,ybennett@example.net,French Polynesia,2023-07-23,Standard,221.10
4315,Timothy Young,vramos@example.net,Ireland,2026-06-26,Basic,261.37
4316,John Shannon,ericgrimes@example.net,Jersey,2026-03-19,Premium,923.86
4317,Brian Buckley,aaron37@example.com,Costa Rica,2024-05-11,Premium,297.52
4318,Danielle Benitez,morrisfranklin@example.net,French Guiana,2021-08-27,Basic,89.31
4319,April Kennedy,ejohnson@example.net,Mongolia,2023-10-01,Basic,193.15
4320,Debra Herring,ahayes@example.com,Andorra,2024-06-22,Standard,279.23
4321,Taylor Carpenter,gonzaleskenneth@example.net,Djibouti,2023-07-23,Basic,126.68
4322,Lucas Brewer,alexandria48@example.net,Nepal,2025-01-10,Standard,597.40
4323,Matthew Cox,sanchezlauren@example.net,Mauritania,2022-11-17,Basic,167.80
4324,Tyler Sharp,bbrown@example.org,Tanzania,2024-06-08,Basic,154.11
4325,John Woods,cramirez@example.net,Cayman Islands,2022-01-03,Premium,1128.48
4326,Donald Gibson,patrick19@example.org,Vanuatu,2024-05-09,Standard,187.13
4327,Kelly Rivera,qwatkins@example.net,Thailand,2026-06-25,Standard,262.47
4328,Cody Wheeler,hullmario@example.org,Ghana,2023-01-17,Premium,863.66
4329,Jessica James,justin59@example.org,Montserrat,2022-09-25,Standard,544.19
4330,Cody Ortiz,igarcia@example.org,New Zealand,2022-10-14,Standard,156.16
4331,Susan Hampton,mrogers@example.com,Turkey,2025-07-27,Basic,274.75
4332,Isabella Duffy,sarah98@example.org,Montserrat,2023-08-05,Standard,659.64
4333,Kathy Cross,wheelersabrina@example.net,Liechtenstein,2024-05-31,Basic,317.47
4334,Erika Ruiz,kimberlybuchanan@example.org,Lao People's Democratic Republic,2025-11-15,Standard,361.25
4335,Anthony Frederick,probinson@example.net,Saint Kitts and Nevis,2022-11-06,Standard,666.50
4336,James Johnson,fsandoval@example.net,Sudan,2023-03-30,Basic,108.75
4337,Adam Suarez,parkskelly@example.com,Panama,2021-11-04,Standard,704.90
4338,Lindsay Moore,parksandre@example.com,New Zealand,2022-10-08,Basic,110.50
4339,Travis Sullivan,,Hungary,2022-10-20,Standard,206.55
4340,Eric Miller,ronald11@example.com,Kenya,2023-03-18,Standard,296.70
4341,Sara Bernard,angela98@example.com,Paraguay,2021-10-13,Basic,369.69
4342,Kathryn Smith,jennifer38@example.org,Haiti,2022-08-04,Standard,83.77
4343,Luke Woods,nboyd@example.com,Antigua and Barbuda,2025-06-17,Standard,511.87
4344,Valerie Bailey,melissaortiz@example.com,Kiribati,2022-07-09,Standard,343.85
4345,Kimberly Stewart,angelaharrington@example.org,Liberia,2025-12-09,Basic,293.54
4346,Felicia Cole,danielgood@example.net,Montserrat,2022-06-19,Standard,113.63
4347,John Mendoza,harrellronald@example.org,Mongolia,2021-10-15,Standard,95.54
4348,Jacqueline Lewis,rhansen@example.net,Costa Rica,2026-07-03,Basic,209.49
4349,Timothy Black,hendersonfernando@example.net,Indonesia,2023-09-28,Standard,381.77
4350,Amber Ross,wwatson@example.net,Guinea-Bissau,2023-11-10,Standard,581.21
4351,Thomas Gibbs,craig05@example.net,Saudi Arabia,2024-10-22,Standard,443.27
4352,Karen Hopkins,tiffany40@example.org,Greenland,2025-01-20,Premium,757.02
4353,Kim Mendez,johnsonamber@example.com,Sri Lanka,2023-03-29,Standard,556.48
4354,Daniel Washington,katelyn72@example.org,Malta,2021-09-19,Basic,103.69
4355,Brian Mcguire,woodkristina@example.net,Zambia,2026-04-18,Basic,69.82
4356,David Sullivan,millsdavid@example.net,Swaziland,2022-03-09,Basic,82.99
4357,Jacob Reyes,pdavis@example.com,Andorra,2025-02-19,Standard,554.65
4358,Matthew Williams,savagelarry@example.net,Gabon,2021-10-12,Standard,654.08
4359,Laurie Anderson,mcintoshpatrick@example.net,Somalia,2023-02-25,Standard,650.49
4360,Jeffrey Bailey,knappjeffrey@example.net,India,2022-09-01,Standard,572.78
4361,Edward Taylor,kevinnguyen@example.net,United States Virgin Islands,2025-05-01,Standard,528.59
4362,Mr. Daniel Bailey,monica24@example.com,Oman,2024-10-17,Basic,363.19
4363,Lydia Mckinney,qpark@example.net,Argentina,2025-06-19,Standard,740.73
4364,Debbie Lewis,nelsonteresa@example.net,Mexico,2025-12-14,Basic,171.85
4365,Nancy Simpson,megangarcia@example.org,Poland,2024-06-28,Premium,1221.58
4366,Jeffrey Cunningham,fclark@example.org,Zambia,2024-07-24,Standard,525.71
4367,Stacy Montes,walkerandrew@example.net,Mayotte,2023-01-31,Premium,478.88
4368,Meghan Dunn,brian64@example.com,Eritrea,2026-04-02,Basic,93.11
4369,Christian Gonzales,mooremichael@example.com,Botswana,2022-04-01,Standard,191.50
4370,Jonathan Foster,kristinraymond@example.net,Guinea,2026-04-03,Premium,1133.43
4371,Margaret Mcmahon,mccoydeborah@example.net,Slovenia,2023-11-14,Standard,351.24
4372,David Robinson,kim16@example.org,Uganda,2023-01-01,Standard,643.43
4373,Tony Miller,seth65@example.org,Thailand,2022-12-08,Basic,152.02
4374,Jacqueline Jordan,tanya82@example.net,United Kingdom,2025-07-28,Standard,154.46
4375,Donna Andersen,christopher91@example.org,Venezuela,2025-04-07,Standard,639.37
4376,Andrew Larson,ipoole@example.org,Netherlands,2022-07-23,Premium,1640.18
4377,Cheryl Wright,vgalvan@example.org,Georgia,2026-02-09,Premium,1620.87
4378,Meagan Smith,rcampbell@example.org,Georgia,2023-10-18,Standard,133.33
4379,Stephanie Smith,ryanmartinez@example.com,Comoros,2023-01-09,Standard,497.97
4380,Glenn Miller,douglasduffy@example.net,Cape Verde,2025-10-08,Premium,441.70
4381,David Martinez,melvin09@example.net,Guinea,2022-12-24,Premium,1179.76
4382,Walter Cox,michellemorgan@example.com,Iran,2026-02-16,Standard,667.11
4383,Amy Conway,heidigonzales@example.com,Barbados,2022-05-15,Basic,150.80
4384,Eric Schwartz,dianelewis@example.net,Vietnam,2022-02-20,Standard,711.29
4385,Brittany Harrison,jwright@example.com,Brunei Darussalam,2023-11-10,Basic,309.07
4386,Jessica Carter,rhonda81@example.net,North Macedonia,2025-11-01,Basic,151.78
4387,Kimberly Griffin,lgoodwin@example.net,Canada,2026-06-29,Standard,268.78
4388,Lawrence Lee,harristracy@example.net,Turks and Caicos Islands,2024-02-02,Standard,456.40
4389,Sandra Christensen MD,jenna90@example.net,Greenland,2022-10-06,Standard,638.81
4390,Stephanie Lucas,kathrynjohnson@example.org,Indonesia,2022-03-25,Standard,209.48
4391,Paula Sawyer,acole@example.com,Ecuador,2023-02-15,Basic,133.37
4392,Kristen Ferguson,jamespena@example.net,Wallis and Futuna,2026-01-18,Standard,137.38
4393,Alan Sanders,amber02@example.org,Jamaica,2022-04-15,Standard,320.44
4394,Bryan Harper,stephanie11@example.com,Falkland Islands (Malvinas),2025-06-27,Basic,228.30
4395,Daisy Webb,bethany10@example.net,Honduras,2025-06-27,Basic,287.33
4396,Jason White,sgomez@example.com,Argentina,2026-05-14,Standard,716.02
4397,William Thompson,larrycrane@example.net,Northern Mariana Islands,2024-08-21,Standard,180.10
4398,Thomas Rogers,mistyenglish@example.net,Bolivia,2026-04-30,Standard,745.79
4399,Gail Moses,calvinmoreno@example.org,Belarus,2023-03-25,Standard,511.06
4400,Louis Perkins,fosterjenna@example.net,Bahrain,2021-10-18,Standard,269.87
4401,Mrs. Heather Camacho MD,,Martinique,2022-09-07,Standard,728.73
4402,Pamela Hawkins,danielwilliams@example.org,Latvia,2026-07-17,Standard,576.61
4403,Michael Chavez,karen90@example.org,Niger,2021-08-30,Standard,421.46
4404,Brittney Gentry,megan62@example.com,South Africa,2021-10-23,Standard,222.32
4405,Christopher Pearson,travis85@example.net,Kiribati,2024-09-24,Standard,697.30
4406,Sarah Jensen,hallsteven@example.net,British Indian Ocean Territory (Chagos Archipelago),2026-01-23,Standard,501.00
4407,Brittany Mueller,geraldandrews@example.net,Philippines,2022-06-27,Standard,390.39
4408,Dawn Rodriguez,andreasampson@example.com,Liechtenstein,2025-06-20,Standard,455.54
4409,David Miller,xcobb@example.net,Ethiopia,2023-11-20,Standard,683.36
4410,John Soto,jilladams@example.com,Cuba,2023-08-12,Standard,145.61
4411,Dr. Dana Kirby,tiffany50@example.com,Switzerland,2026-03-16,Standard,683.19
4412,Kimberly Ward,baxtervincent@example.com,Antigua and Barbuda,2024-09-12,Standard,395.96
4413,Cole Wallace,codykoch@example.org,Seychelles,2023-06-05,Standard,684.51
4414,Kathryn Campbell,joeldrake@example.com,Peru,2023-09-19,Standard,316.65
4415,Albert Williams,richard19@example.net,Cook Islands,2026-07-23,Standard,444.08
4416,Erin Smith,ljackson@example.com,Austria,2025-01-17,Basic,198.04
4417,William Paul,kathleenross@example.org,Djibouti,2022-03-13,Standard,475.66
4418,Anthony Dunn,jamessmith@example.com,Belize,2025-01-25,Standard,568.39
4419,Riley Phillips,qmorse@example.org,Grenada,2025-06-04,Standard,239.42
4420,Mallory Cox,harperjenna@example.org,Tajikistan,2025-10-06,Basic,256.34
4421,Jennifer Alexander,danamoore@example.com,Czech Republic,2023-06-09,Standard,345.78
4422,John Reynolds,ian13@example.net,Western Sahara,2021-10-02,Premium,1638.16
4423,Renee Kaufman,gmendoza@example.org,Indonesia,2023-09-07,Standard,705.96
4424,Alison Phillips,tammydiaz@example.com,Kazakhstan,2023-10-31,Basic,78.83
4425,Eric Williams,vmiller@example.org,Canada,2022-04-03,Standard,256.82
4426,Michael Conrad PhD,rbenson@example.com,Central African Republic,2023-08-01,Standard,475.33
4427,Joseph Acevedo,moralesjessica@example.org,Bolivia,2024-01-01,Standard,187.31
4428,Sean Wilson,scottjennifer@example.org,Cayman Islands,2023-01-28,Standard,477.87
4429,Emily Diaz,tammy73@example.org,United States Virgin Islands,2024-12-23,Standard,428.76
4430,Benjamin Figueroa,christopher06@example.com,Nepal,2023-03-21,Basic,244.48
4431,Emily Brown,thomas03@example.com,Albania,2026-01-29,Premium,1219.87
4432,Rebecca Fitzpatrick,fandrade@example.com,Antarctica (the territory South of 60 deg S),2023-07-19,Basic,59.37
4433,Shawn Wilson,shannonpatel@example.org,Papua New Guinea,2026-05-17,Premium,1423.76
4434,Marie Gibson,pinedatami@example.com,Namibia,2023-07-08,Premium,720.11
4435,Jennifer Smith,hudsonelizabeth@example.net,Venezuela,2025-04-17,Standard,385.90
4436,Scott Harrington,mckinneymorgan@example.net,Svalbard & Jan Mayen Islands,2026-05-30,Standard,210.27
4437,Angela Fisher,jamie24@example.net,Russian Federation,2026-07-19,Standard,282.58
4438,Bryan Johns,sstewart@example.net,Indonesia,2026-04-30,Standard,653.99
4439,Theodore Rice,jeremycameron@example.net,Jamaica,2026-02-01,Standard,563.79
4440,Beth Jones,hendersonwilliam@example.com,Azerbaijan,2022-09-25,Standard,449.86
4441,Teresa Lamb,burtonmatthew@example.org,Dominica,2023-01-03,Basic,41.78
4442,Jeanne Thomas,qmitchell@example.com,Comoros,2025-06-02,Standard,142.44
4443,Travis Goodwin,beverly50@example.com,Antigua and Barbuda,2025-07-05,Standard,340.98
4444,Donna Davis,thomaskidd@example.net,Bosnia and Herzegovina,2026-04-09,Standard,393.81
4445,Donna Coleman,cynthiasherman@example.org,Yemen,2024-02-04,Standard,387.85
4446,Melinda Fowler,rray@example.net,Gibraltar,2023-11-17,Standard,693.94
4447,Brian Owen,traceyhill@example.net,Peru,2023-03-24,Standard,289.89
4448,Diana Campbell,mary33@example.com,Reunion,2022-09-23,Basic,183.96
4449,Dr. Selena Harrison,ortegawayne@example.com,Cape Verde,2025-10-17,Standard,266.16
4450,David Wade,urobles@example.org,Equatorial Guinea,2026-07-13,Standard,664.06
4451,Cindy Smith,holmeschristine@example.net,Montserrat,2025-02-04,Standard,435.53
4452,Albert Oliver,annettemurphy@example.net,Wallis and Futuna,2023-05-21,Standard,527.17
4453,Karen Duncan,schmidtsergio@example.org,Iceland,2023-08-09,Basic,49.68
4454,Travis Figueroa,keithsimmons@example.net,Bhutan,2022-01-24,Basic,104.14
4455,Derrick Burnett,dixonamanda@example.net,Samoa,2024-11-22,Standard,319.54
4456,Robert Davis,hernandezelizabeth@example.org,Kuwait,2026-04-19,Standard,76.07
4457,Charles Spencer,jasonsosa@example.org,Greenland,2023-07-25,Standard,343.77
4458,Mr. Roger Erickson II,sherri61@example.com,China,2025-01-21,Premium,537.37
4459,Tina Green,joshuathompson@example.net,Russian Federation,2024-02-01,Standard,104.87
4460,Ethan Vasquez,lroy@example.org,Philippines,2026-02-03,Standard,137.67
4461,Alexandra King,gonzalesjohn@example.com,Eritrea,2022-03-04,Standard,196.42
4462,Jordan Williamson,douglas05@example.net,Burkina Faso,2024-12-05,Standard,284.99
4463,Erin Farley,boyerautumn@example.com,Portugal,2025-11-09,Standard,399.44
4464,Katherine Franklin,randallpowers@example.org,Liechtenstein,2022-09-01,Standard,719.64
4465,Jordan Walker,hendersonerin@example.org,Brunei Darussalam,2024-07-12,Standard,343.80
4466,Frank Garcia,allenjared@example.org,Antarctica (the territory South of 60 deg S),2023-12-28,Standard,146.84
4467,Tony Rhodes,mirandasullivan@example.net,Fiji,2026-05-22,Basic,164.66
4468,Robin Dawson,jacksondonald@example.net,Brunei Darussalam,2022-07-09,Basic,276.11
4469,Susan Grant,alexandramorris@example.net,Tokelau,2025-08-22,Standard,619.67
4470,Randy Duran,riggstheresa@example.net,Turkey,2023-10-24,Standard,161.90
4471,Karen Jackson,stephanierodriguez@example.net,Micronesia,2022-07-17,Standard,538.25
4472,Anthony Smith,seanwatson@example.net,Djibouti,2021-12-26,Premium,1204.76
4473,Joshua Nelson,ambergonzalez@example.net,Fiji,2026-07-15,Standard,360.16
4474,Patrick Hall,davislaura@example.com,Bahamas,2024-12-20,Premium,844.35
4475,Jennifer Torres,lawrence07@example.com,Turkmenistan,2026-07-14,Basic,81.75
4476,Thomas Hull,debra88@example.org,Timor-Leste,2022-08-20,Basic,366.96
4477,Nathaniel Estrada,contreraslisa@example.net,Pakistan,2025-05-06,Standard,602.18
4478,Erica Shaffer,jessicanichols@example.com,Liberia,2024-07-27,Basic,343.90
4479,Carol Peterson,odoyle@example.com,Bangladesh,2026-07-29,Basic,80.20
4480,Edward Morris,javierjohnson@example.org,Hong Kong,2023-09-01,Standard,361.24
4481,Katherine Newman,olewis@example.org,Bolivia,2024-06-24,Basic,353.31
4482,Dr. Melissa Duarte,matthew30@example.net,Ecuador,2024-01-24,Premium,185.96
4483,Sarah Scott,halltrevor@example.org,Lao People's Democratic Republic,2021-08-27,Basic,294.72
4484,Karla Welch,anthonydavis@example.net,Mozambique,2022-04-19,Standard,422.55
4485,Adrian Mercer,zachary07@example.org,Sri Lanka,2022-02-04,Standard,663.74
4486,Devin Beltran,david68@example.com,Venezuela,2024-01-02,Standard,388.72
4487,Shawn Mccall,saunderssierra@example.org,Morocco,2024-11-30,Premium,1541.94
4488,Mitchell Robinson,hweber@example.org,Anguilla,2025-09-07,Standard,108.80
4489,Dr. Nicole Johnson,thomas90@example.org,Germany,2025-02-02,Standard,324.28
4490,Alexandra Good,carrollkaren@example.com,Mauritius,2025-11-29,Standard,530.62
4491,Nicole Ramirez,tmurphy@example.com,Samoa,2025-02-05,Basic,48.47
4492,Angela Daniel,kelly20@example.com,Eritrea,2021-11-21,Standard,272.94
4493,Heidi Miller,sandra56@example.com,South Georgia and the South Sandwich Islands,2026-07-20,Standard,376.57
4494,Richard Williams,zbrewer@example.com,Netherlands Antilles,2025-04-18,Standard,99.04
4495,Amanda Pollard,walkerjonathan@example.net,Belgium,2023-02-16,Premium,1327.75
4496,Oscar Ryan,bmccoy@example.net,Barbados,2025-10-29,Standard,342.44
4497,Denise Hamilton,april00@example.org,Armenia,2026-01-23,Standard,436.12
4498,Edward Gutierrez,johnathan76@example.net,Somalia,2022-09-01,Premium,402.81
4499,Kimberly Alexander,michaelsmith@example.net,Mozambique,2024-08-21,Standard,677.58
4500,Jennifer Taylor,fhenderson@example.org,Marshall Islands,2021-10-23,Standard,384.17
4501,Gary Miller,jacksonpatricia@example.com,Guinea,2022-07-01,Standard,695.17
4502,Amy Leonard,ashlee90@example.com,Dominican Republic,2022-02-26,Basic,375.62
4503,Jessica Massey,parsonsjonathan@example.net,Jersey,2025-01-12,Basic,244.86
4504,Dr. Scott Arellano,xhumphrey@example.org,Niue,2021-10-23,Premium,689.38
4505,Crystal Morrow,davidellis@example.com,Azerbaijan,2022-06-04,Premium,1134.73
4506,James Gutierrez,samantha46@example.net,Italy,2023-01-10,Basic,332.49
4507,Maria Lawson,johnparker@example.net,Mauritius,2022-10-02,Premium,982.40
4508,Patricia Delacruz,michellechen@example.com,Western Sahara,2025-05-05,Basic,161.60
4509,Patricia Mahoney,kimberlyellis@example.net,Greece,2026-07-05,Standard,278.84
4510,Scott Sexton,teresa94@example.org,Tuvalu,2021-08-21,Standard,199.15
4511,Janice Rosales,penny39@example.org,Norway,2025-05-11,Basic,299.77
4512,Sarah Gordon,schneiderthomas@example.org,Lesotho,2023-08-07,Basic,68.54
4513,Renee Barnes,melissa73@example.com,Marshall Islands,2021-11-02,Basic,387.46
4514,Scott Bell,wyattshawn@example.com,Brunei Darussalam,2025-11-05,Basic,245.52
4515,Elizabeth Graham,sreynolds@example.com,Sao Tome and Principe,2021-11-24,Basic,261.61
4516,Leah Guzman,frank42@example.com,Morocco,2024-11-25,Standard,610.76
4517,Ashley Graham,abruce@example.net,South Africa,2023-05-22,Standard,107.96
4518,Jillian Andrews,fullermegan@example.com,Saint Martin,2025-07-18,Standard,220.27
4519,Morgan Pearson,qwashington@example.com,Togo,2022-12-31,Basic,138.92
4520,Vincent Rangel,nelsonmichael@example.com,Tanzania,2025-11-07,Standard,200.36
4521,Amy Costa,terrymichael@example.com,Equatorial Guinea,2024-09-13,Standard,105.88
4522,Ronald Oliver,stephen52@example.com,Iceland,2026-07-31,Standard,197.35
4523,David Knox,michael57@example.com,Western Sahara,2025-10-12,Standard,78.41
4524,Jennifer Allen,hannah20@example.net,United Kingdom,2026-07-12,Standard,602.88
4525,Keith Peterson,kimberlyjennings@example.org,Latvia,2026-04-04,Standard,260.47
4526,Joseph Mann,thomasarmstrong@example.net,Madagascar,2026-01-07,Standard,608.42
4527,Dr. Justin Ritter PhD,jillbrewer@example.com,Svalbard & Jan Mayen Islands,2023-08-18,Standard,140.57
4528,Timothy Shepherd,frenchjacob@example.com,Jordan,2025-01-07,Standard,553.58
4529,Joshua May,james50@example.org,Liberia,2024-08-17,Standard,487.69
4530,Brian Kelly,donald71@example.com,France,2024-06-07,Basic,259.35
4531,Brian Lee,bperkins@example.net,Latvia,2025-08-17,Standard,359.02
4532,Christopher Johnson,wobrien@example.com,New Zealand,2023-12-30,Standard,440.48
4533,Mario Thomas,mendozabrandon@example.net,Bahrain,2022-08-06,Standard,451.42
4534,Nicole Summers,thomasstacey@example.com,French Southern Territories,2022-10-09,Standard,290.76
4535,Jessica Dalton,katherineramirez@example.com,Bolivia,2024-05-16,Basic,94.64
4536,James Ray,rebecca91@example.org,Oman,2025-01-31,Basic,219.63
4537,Elizabeth Santana,wrightvicki@example.net,Cape Verde,2024-05-18,Standard,189.76
4538,Susan Baker DVM,cody12@example.org,Sudan,2022-07-22,Standard,346.98
4539,Robert Curry,haneycarrie@example.com,Jersey,2025-01-05,Standard,460.64
4540,Dawn Robinson,margaret83@example.net,Liberia,2023-05-26,Premium,941.30
4541,Nichole Bright,alyssaevans@example.org,Lebanon,2025-03-18,Basic,69.91
4542,Mark Soto,brian30@example.net,Christmas Island,2025-12-26,Basic,230.65
4543,Chad Mcguire,ejohnston@example.com,Cayman Islands,2023-05-27,Standard,581.83
4544,Erin Gonzalez,mramos@example.org,Fiji,2025-12-03,Standard,390.48
4545,Elizabeth Schroeder,hannahthomas@example.net,Saint Barthelemy,2023-12-02,Standard,469.83
4546,Leah Allen,michelle12@example.net,Jordan,2023-10-29,Standard,456.30
4547,Karen Jimenez,fcalhoun@example.org,French Polynesia,2021-09-13,Standard,591.33
4548,Shane Mueller,ycline@example.com,Germany,2022-07-11,Basic,142.20
4549,Ariel Stewart,charlespalmer@example.org,Andorra,2023-01-15,Basic,396.28
4550,Michael Smith,knightdennis@example.com,Egypt,2025-07-19,Standard,437.88
4551,Anthony Frost,hdiaz@example.org,French Guiana,2024-09-18,Standard,715.45
4552,Hunter Johnson,mitchellorr@example.net,Belgium,2021-10-06,Premium,798.31
4553,Frank Turner,oramos@example.org,Suriname,2022-09-15,Standard,149.68
4554,Anthony Terry,benitezheather@example.com,Montenegro,2022-07-26,Standard,658.80
4555,Joanne Perry,phamyolanda@example.org,Colombia,2026-05-02,Basic,394.38
4556,Melody Cuevas,nlewis@example.org,Syrian Arab Republic,2024-08-04,Basic,238.03
4557,Mary Miller,davisnicole@example.com,Mongolia,2022-06-21,Standard,221.98
4558,Ronald Petty,samanthamoore@example.net,Philippines,2026-02-04,Basic,140.40
4559,Aaron Jones,scook@example.net,Japan,2026-03-31,Basic,266.90
4560,Thomas Edwards,daughertyjoseph@example.com,Mauritius,2025-03-22,Standard,538.62
4561,Sandra Miller,mcknightantonio@example.com,Guadeloupe,2021-11-16,Standard,504.44
4562,Nicole Livingston,armstrongmark@example.net,Ireland,2021-11-26,Standard,434.44
4563,Karen Burke,laurenpark@example.com,South Africa,2026-04-01,Standard,347.68
4564,Yesenia Lawson,nicholas57@example.com,Algeria,2025-10-19,Basic,143.06
4565,Eric Hancock,hughesnancy@example.net,San Marino,2025-01-27,Basic,96.51
4566,Brian Daniel,qmorgan@example.org,Saint Vincent and the Grenadines,2024-03-15,Basic,184.02
4567,Mr. Ricky Evans MD,reyesmiguel@example.net,Angola,2026-05-08,Premium,1482.04
4568,Megan Roy,renee08@example.org,Iran,2024-01-27,Basic,276.23
4569,Sarah Nguyen,bakerjessica@example.org,United Arab Emirates,2023-02-09,Standard,141.37
4570,Dr. Lori Glass,kaitlynsnyder@example.net,Andorra,2024-04-06,Standard,357.22
4571,Gregory Williams,lori37@example.net,Malaysia,2024-11-26,Standard,202.49
4572,Sonia Jenkins,natalie70@example.com,Cambodia,2022-11-20,Premium,528.10
4573,Justin Wagner,edward07@example.com,Palestinian Territory,2024-04-22,Standard,414.77
4574,Adam Patterson,wintersjeffrey@example.com,Morocco,2023-12-23,Premium,1073.67
4575,Courtney Goodman,vmyers@example.org,Pitcairn Islands,2021-11-06,Standard,90.41
4576,Sean Logan,benjamin76@example.org,Belgium,2025-01-19,Standard,187.36
4577,Hannah Nixon,smithshane@example.com,Micronesia,2022-11-12,Standard,536.95
4578,Valerie Cox,ogarcia@example.com,Uruguay,2024-01-11,Basic,48.18
4579,Jessica Freeman,munozerik@example.org,Micronesia,2025-05-31,Standard,608.17
4580,Sean Green,sampsonbrittany@example.org,Bouvet Island (Bouvetoya),2023-06-05,Standard,420.15
4581,Christopher Cox,mnichols@example.com,Zimbabwe,2025-10-04,Standard,691.41
4582,Diana Watts,jacksonkaylee@example.com,Nauru,2024-07-13,Standard,563.07
4583,Dustin Marshall,igarza@example.net,Antarctica (the territory South of 60 deg S),2022-01-24,Standard,393.71
4584,Carmen Campos,brucerobinson@example.org,Samoa,2021-09-07,Basic,111.92
4585,Amanda Howard,connermelissa@example.net,Chile,2025-03-15,Premium,277.08
4586,Jennifer Allen,pereznathan@example.com,Niger,2023-05-16,Premium,1084.72
4587,Ashley Martinez,wnolan@example.org,Jordan,2025-02-20,Standard,536.48
4588,Kenneth Liu,amber63@example.com,Togo,2026-07-20,Standard,238.27
4589,Ian Pollard,mpalmer@example.org,Sudan,2021-11-30,Standard,386.45
4590,Gabriel Hill,trujillovirginia@example.org,Iceland,2024-09-07,Standard,617.49
4591,Jeffrey Owen,pweiss@example.net,Luxembourg,2026-03-04,Basic,353.95
4592,Kimberly Gonzalez,patricia00@example.net,Albania,2023-10-19,Basic,128.15
4593,Edward Mitchell,melissafischer@example.net,Djibouti,2026-05-22,Basic,65.14
4594,Destiny Brown,mary60@example.net,Martinique,2024-08-29,Basic,285.53
4595,Lori Clay,rhill@example.org,Latvia,2023-06-24,Standard,425.84
4596,Dominique Mcdonald,reidstacey@example.net,Micronesia,2025-09-20,Standard,335.09
4597,John Martinez,moorestanley@example.com,Heard Island and McDonald Islands,2022-03-07,Basic,384.73
4598,Michael Tate,samantha01@example.net,Mayotte,2026-04-02,Basic,233.44
4599,John Evans,rebeccaromero@example.org,Mauritius,2023-01-10,Basic,258.51
4600,Mr. Christopher Martin,kristen72@example.com,Germany,2022-09-24,Basic,297.32
4601,Michael Hayden,charles50@example.org,Comoros,2023-04-05,Standard,633.73
4602,Bobby Owen,xchambers@example.com,American Samoa,2025-03-18,Premium,1453.37
4603,William Dean,wileycynthia@example.org,Malaysia,2021-09-25,Basic,301.05
4604,Samantha Garcia,faulknersharon@example.org,Lithuania,2022-11-26,Premium,804.10
4605,Vanessa Moss,carlos69@example.net,United States Virgin Islands,2025-10-20,Basic,266.54
4606,Raymond Kennedy,kristenreyes@example.net,Uganda,2026-03-15,Standard,606.51
4607,Darrell Owens,bobbywalls@example.net,Heard Island and McDonald Islands,2022-07-03,Premium,1509.14
4608,Anthony Irwin,robert60@example.com,Belgium,2022-05-10,Basic,248.73
4609,Sarah Harris,chelseaphillips@example.org,Burundi,2024-11-02,Basic,299.92
4610,Robin Bradley,sprice@example.org,Jersey,2023-02-06,Standard,518.16
4611,Hannah Steele,barrettrachel@example.com,Puerto Rico,2026-06-17,Premium,557.83
4612,Diana Farley,richardsonkaren@example.net,Ghana,2026-07-29,Standard,253.54
4613,Jane Hall,fergusonchristina@example.net,Lesotho,2026-01-01,Standard,543.26
4614,Cynthia Nunez,andersonalan@example.org,Sudan,2025-09-26,Standard,553.63
4615,Daniel Holmes,dalehudson@example.org,Seychelles,2022-05-04,Basic,312.51
4616,Nicholas Hopkins,drobertson@example.org,Sudan,2024-02-10,Standard,540.21
4617,Andrew Martin,thomas89@example.com,Zambia,2023-09-30,Standard,379.00
4618,Allen Harris,dlee@example.net,Singapore,2024-03-29,Standard,260.83
4619,Christina Andrade,elliottanthony@example.net,South Georgia and the South Sandwich Islands,2026-07-31,Premium,395.53
4620,Elizabeth Porter,hcox@example.net,Uzbekistan,2023-08-05,Standard,92.51
4621,Justin Keller,zfranco@example.com,Marshall Islands,2026-04-15,Basic,242.87
4622,Kathy Santos,kstephens@example.com,Algeria,2021-09-06,Basic,150.40
4623,Stephanie Castaneda,hutchinsonerik@example.net,Australia,2023-03-04,Basic,244.35
4624,Jaclyn Stephens,nicholas80@example.com,Mayotte,2025-06-30,Standard,556.33
4625,Linda Moore,craig99@example.com,Netherlands,2023-10-30,Standard,179.25
4626,Andrew Brown,josephhardy@example.net,Mayotte,2026-03-09,Basic,86.28
4627,Nicholas Scott,jamesbutler@example.com,Mauritius,2023-07-02,Standard,654.92
4628,Sydney Walters,gbrown@example.org,Bangladesh,2024-12-18,Standard,228.84
4629,Alyssa Warner,uevans@example.net,New Caledonia,2026-01-13,Basic,249.96
4630,Michael Walker,schmidtjenny@example.org,Tajikistan,2025-02-15,Premium,194.01
4631,Christopher Cantrell,janice37@example.org,Brunei Darussalam,2023-09-15,Standard,418.30
4632,Kelly Crawford,victoria15@example.com,Libyan Arab Jamahiriya,2024-04-25,Basic,226.05
4633,Cynthia Gross,jennifercampbell@example.org,British Indian Ocean Territory (Chagos Archipelago),2025-10-26,Standard,682.50
4634,Jasmine Taylor,rwheeler@example.net,El Salvador,2022-11-04,Basic,271.79
4635,Kathleen Stephens,zperez@example.org,Guinea,2024-11-10,Standard,413.24
4636,Jennifer Taylor,mallory78@example.com,Saint Barthelemy,2026-03-11,Standard,330.14
4637,Adam Wilson,darrylmendez@example.com,Malawi,2024-12-03,Basic,273.42
4638,Grace Martinez,elizabeth42@example.com,Grenada,2024-06-04,Basic,213.54
4639,Jesse Bishop,mcknightfernando@example.net,Italy,2023-12-22,Standard,331.41
4640,Jeffrey Johnson,veronica41@example.org,Maldives,2022-06-06,Standard,118.71
4641,Tanya Hawkins,veronicajensen@example.org,Syrian Arab Republic,2024-04-17,Standard,214.34
4642,Kelly Taylor,deborah46@example.net,Macao,2025-04-24,Standard,485.83
4643,Jason Jordan,brownmichael@example.com,Luxembourg,2022-12-15,Basic,83.05
4644,Kristin Collins,fpearson@example.net,Gambia,2025-10-10,Standard,411.68
4645,Jennifer Castillo,adam60@example.org,Saint Lucia,2021-12-30,Standard,506.08
4646,Jennifer Mitchell,cfields@example.net,South Georgia and the South Sandwich Islands,2023-10-13,Premium,1350.35
4647,Richard Knight,smithcarla@example.com,India,2023-05-23,Basic,323.57
4648,Shelley Parker,selena30@example.org,Bhutan,2023-12-27,Basic,306.90
4649,Debra Ross,wacosta@example.net,Portugal,2022-05-24,Standard,97.17
4650,Susan Edwards,matthewleonard@example.net,Madagascar,2026-04-14,Standard,717.62
4651,Timothy Gonzalez,mayala@example.org,Botswana,2023-09-03,Standard,258.24
4652,Roberto Santana,williamsseth@example.net,Martinique,2025-01-03,Basic,344.78
4653,Terry Lin,qdavis@example.com,Afghanistan,2024-10-23,Standard,128.63
4654,Trevor Russell,dylanellis@example.com,United States of America,2025-07-23,Basic,200.79
4655,Ronnie Lucas,bmorgan@example.net,Poland,2026-03-09,Standard,240.17
4656,Francisco Lee,roneal@example.com,Belgium,2022-01-08,Basic,105.77
4657,Christopher Brooks,james88@example.net,Luxembourg,2023-05-01,Basic,348.71
4658,Stephanie Snyder,anne20@example.com,Saint Kitts and Nevis,2021-12-17,Standard,559.23
4659,Frank Rivers,kathrynwilliams@example.org,Iran,2026-03-26,Standard,736.08
4660,David Kent,courtneydavies@example.net,Lithuania,2023-11-26,Standard,262.30
4661,Mason Mitchell,kimberlyhester@example.net,Reunion,2023-02-27,Basic,304.00
4662,Kelly Fry,usteele@example.com,Turkey,2025-02-24,Basic,366.21
4663,Scott Kennedy,oanderson@example.net,Serbia,2023-07-31,Premium,651.85
4664,Manuel Hernandez,dorisphillips@example.net,South Africa,2021-08-30,Standard,239.66
4665,Steven Hopkins,johnsoncandace@example.com,Monaco,2023-01-26,Basic,211.82
4666,Miss Carmen Hudson,grayjordan@example.org,Brunei Darussalam,2024-02-16,Premium,1563.58
4667,Jonathan Horne,dmontes@example.org,Finland,2024-03-11,Premium,1419.28
4668,Gordon Cox,wardmelinda@example.net,Samoa,2022-12-01,Premium,928.32
4669,William Mcclain,susan23@example.com,Costa Rica,2026-03-18,Standard,396.32
4670,Mitchell Mcdonald,palmerandrew@example.net,Cuba,2021-12-19,Premium,1103.27
4671,Leslie Bishop,john78@example.net,Slovenia,2024-11-22,Standard,277.47
4672,Gabriel Smith,sclark@example.net,Syrian Arab Republic,2022-03-25,Premium,851.87
4673,Angel Garcia,whitekyle@example.org,Bhutan,2026-06-23,Basic,299.19
4674,Emma Baker,gvillegas@example.net,Cuba,2025-06-13,Standard,508.77
4675,Joy Freeman,melissa70@example.net,Heard Island and McDonald Islands,2026-05-08,Standard,503.58
4676,Margaret Cantu,lbarnett@example.com,Iraq,2022-07-05,Basic,397.21
4677,Matthew Hines,davidcook@example.org,Afghanistan,2026-05-27,Standard,349.84
4678,Joseph Scott MD,ypalmer@example.net,Thailand,2024-10-25,Standard,501.01
4679,Tim Jimenez,frank39@example.net,Nigeria,2023-10-15,Standard,401.21
4680,Jasmine Trujillo,michael41@example.net,Sri Lanka,2024-07-18,Standard,510.56
4681,Vicki Rocha,kdudley@example.org,Malta,2022-06-10,Standard,434.23
4682,Natalie Smith,wpratt@example.org,Germany,2024-08-18,Standard,532.54
4683,Carol Mcfarland,iphelps@example.net,Lithuania,2026-05-27,Standard,497.50
4684,Gary Walker,chadholland@example.net,Wallis and Futuna,2025-06-26,Premium,1366.66
4685,Maurice Davidson,yrivera@example.org,Nicaragua,2025-10-09,Standard,79.40
4686,Shannon Gray,thomasleah@example.org,Solomon Islands,2021-10-30,Basic,223.44
4687,Mr. Matthew Wise MD,abrown@example.com,British Indian Ocean Territory (Chagos Archipelago),2024-10-17,Standard,195.69
4688,Crystal Merritt,baxterkristen@example.org,Bhutan,2024-09-06,Basic,282.27
4689,Steven Eaton,nandersen@example.org,Saint Lucia,2024-05-24,Premium,1532.70
4690,Susan Sutton,haroldbartlett@example.net,New Zealand,2023-12-29,Standard,538.70
4691,Billy Macias,elizabethmalone@example.org,Mauritania,2024-01-27,Basic,109.69
4692,Allison Nguyen,jessicacollins@example.net,French Southern Territories,2022-11-13,Premium,540.09
4693,Rhonda Lloyd,ukeller@example.net,Morocco,2026-06-21,Standard,281.13
4694,Marissa Thompson,elizabeth84@example.org,Morocco,2026-05-09,Basic,209.88
4695,Brenda Snyder,anthonyshannon@example.org,Papua New Guinea,2024-10-17,Standard,701.10
4696,Abigail Wallace,emily82@example.com,Benin,2024-11-04,Standard,528.52
4697,Andre Lee,bchavez@example.com,Guinea,2024-07-04,Standard,204.54
4698,Ronald Brooks,,Ireland,2025-08-23,Standard,190.95
4699,Melissa Hogan,cortezbrian@example.com,Dominica,2022-12-22,Standard,522.25
4700,Brad Archer,vvaldez@example.com,Honduras,2025-01-31,Standard,423.61
4701,Jason Day,dcox@example.org,Saint Kitts and Nevis,2022-04-23,Standard,476.78
4702,Karen Turner,morganryan@example.com,Nicaragua,2021-09-19,Standard,565.37
4703,Molly Allen,salazarkenneth@example.com,Senegal,2025-02-15,Standard,252.43
4704,Michael Fields,ymassey@example.com,Cyprus,2025-11-11,Basic,340.40
4705,Colleen Conley,morriskimberly@example.com,Chad,2024-04-30,Standard,281.71
4706,John Rice,mhernandez@example.org,Vietnam,2024-06-28,Basic,338.52
4707,Ashley Dillon,drodriguez@example.com,Indonesia,2022-03-22,Standard,282.91
4708,Connie Boone,kbrown@example.org,Ethiopia,2022-03-16,Standard,589.82
4709,Ryan Bowman,bramos@example.net,Cook Islands,2022-02-17,Premium,1655.48
4710,Dominique Ramos,jnunez@example.com,Faroe Islands,2024-09-10,Premium,818.84
4711,Sharon Hernandez,andrewcaldwell@example.com,Mauritius,2024-03-13,Standard,169.45
4712,Jodi Hart,jonathanrobinson@example.com,Nigeria,2023-08-18,Standard,260.09
4713,Jenna Parks,sergioking@example.net,Colombia,2026-04-23,Basic,112.80
4714,Shane Landry,ubrown@example.com,Libyan Arab Jamahiriya,2025-09-07,Standard,247.75
4715,Heather Wilson,melissapham@example.org,Hungary,2023-11-16,Basic,48.52
4716,Matthew Jones,patrick81@example.com,Andorra,2024-04-16,Standard,333.12
4717,Catherine Carter,mparker@example.net,Switzerland,2025-10-11,Standard,573.84
4718,Barbara Allen,fishermark@example.net,Fiji,2024-12-18,Basic,262.32
4719,Robert Robinson,brooksashley@example.net,Dominica,2023-12-17,Standard,259.93
4720,Rebecca Wilson,diazwilliam@example.org,Russian Federation,2022-10-26,Premium,427.66
4721,Regina Johnson,twheeler@example.com,Saint Martin,2023-02-20,Basic,378.94
4722,Amy Reed,murphycassidy@example.org,Nicaragua,2022-11-20,Standard,717.63
4723,Justin Tanner,deangina@example.com,Somalia,2025-10-28,Basic,321.24
4724,Alisha Mason,dbernard@example.net,Jamaica,2025-09-30,Standard,722.82
4725,Stephanie Wall,michelle66@example.net,Iceland,2022-02-03,Basic,129.94
4726,John Hernandez,frank06@example.com,Australia,2024-05-25,Basic,251.00
4727,Patrick Manning,angela40@example.com,Nigeria,2024-11-07,Premium,263.38
4728,Mr. William Morris,brianmiller@example.org,San Marino,2025-07-18,Standard,438.08
4729,Anna Bailey,jthompson@example.net,Georgia,2024-08-31,Standard,266.86
4730,Julie Baker,bishopbrittany@example.com,Tonga,2024-02-22,Standard,669.57
4731,Zachary Jones,millerderek@example.com,Djibouti,2022-09-03,Premium,1714.06
4732,Sandy Lucero,fcalhoun@example.net,Senegal,2023-12-25,Basic,336.75
4733,Laura Jefferson,robertojackson@example.net,Palestinian Territory,2025-05-01,Basic,252.33
4734,Deborah Benson,amanda21@example.org,Mali,2024-10-12,Standard,454.24
4735,Erik Mathews,rsullivan@example.org,Peru,2026-06-11,Standard,296.29
4736,Ashley Dean,toni32@example.org,Latvia,2023-06-03,Standard,520.97
4737,Cindy Simpson,fordphyllis@example.com,Canada,2025-01-07,Standard,626.68
4738,Bridget Young,codyharris@example.com,South Georgia and the South Sandwich Islands,2025-04-28,Standard,169.82
4739,Stacey Nguyen,amartin@example.com,Congo,2026-01-17,Basic,353.46
4740,Adam Fletcher,kelsey80@example.com,Slovenia,2024-03-16,Standard,573.86
4741,Eileen Alvarez,aprillopez@example.net,Guatemala,2024-03-21,Basic,170.04
4742,Laura Dillon,bjohnson@example.org,Norfolk Island,2024-10-23,Basic,309.02
4743,Tiffany Ramsey,amanda26@example.org,Saudi Arabia,2022-08-17,Standard,291.86
4744,Angela Ortiz,bbrooks@example.org,Belize,2023-06-19,Standard,319.49
4745,Makayla Cole,mcneiljason@example.com,Seychelles,2022-02-02,Standard,730.72
4746,Donna Hahn,wbuckley@example.com,Thailand,2025-02-07,Standard,482.44
4747,Megan Lewis,cdavis@example.net,Namibia,2024-04-19,Basic,90.50
4748,Andre Lamb,john28@example.net,Mexico,2025-04-22,Standard,363.45
4749,Christopher Hernandez,traceymelton@example.com,Spain,2025-10-02,Basic,327.31
4750,Paul Kirk,yconner@example.com,Sri Lanka,2023-01-20,Basic,61.70
4751,Mark Mcintosh,sheilahernandez@example.net,Turkey,2024-11-23,Basic,174.45
4752,Patricia Guerra,lauren29@example.net,Poland,2025-04-13,Standard,747.07
4753,Joseph West,cassiebaker@example.org,Argentina,2026-05-15,Basic,354.31
4754,Kendra Stone,christinajones@example.org,Myanmar,2024-03-12,Standard,438.70
4755,Alexis Benson,shunter@example.com,South Africa,2025-08-10,Standard,300.28
4756,Danielle Curtis,wardcarmen@example.net,Zimbabwe,2024-11-12,Premium,294.00
4757,Christopher Sims,eaustin@example.org,Croatia,2023-03-18,Premium,1054.31
4758,Kimberly Aguilar,byrdsherry@example.net,Senegal,2025-06-06,Premium,424.20
4759,Pamela Fox,wilkersonadam@example.org,Finland,2024-08-04,Standard,649.75
4760,Tyler Padilla,sanchezteresa@example.net,Antarctica (the territory South of 60 deg S),2024-02-25,Standard,391.20
4761,Justin Wagner,kimberly43@example.com,Burkina Faso,2025-07-06,Standard,203.85
4762,Carrie Trevino,achaney@example.org,Tonga,2024-05-29,Premium,1252.23
4763,Patty Jones,suttonwilliam@example.com,Djibouti,2024-03-05,Basic,207.66
4764,David Wise,fhudson@example.com,Sierra Leone,2023-06-29,Basic,397.97
4765,Deborah Wilson,hawkinssusan@example.org,Sudan,2024-03-29,Standard,298.04
4766,Diana Martin,reevesheather@example.org,Bosnia and Herzegovina,2022-03-24,Standard,463.28
4767,Heather Holt,paul30@example.org,Poland,2022-09-04,Standard,602.25
4768,John Wilson,parkerjacqueline@example.org,Lithuania,2025-11-22,Basic,381.46
4769,Kristen Salas,cheryl20@example.com,Cuba,2021-09-25,Basic,184.53
4770,James Anderson,smithmaurice@example.org,Vietnam,2021-10-28,Standard,495.99
4771,Samantha Stevens,katherinebrown@example.com,Trinidad and Tobago,2024-10-19,Standard,80.76
4772,Joshua Smith,elainefriedman@example.org,Antarctica (the territory South of 60 deg S),2025-11-12,Standard,176.58
4773,Kristin Boone,adam46@example.net,Iceland,2022-01-09,Basic,250.38
4774,Rose Johnson,fsimpson@example.org,Argentina,2024-10-11,Basic,231.65
4775,Anthony Marquez,hamiltonmegan@example.org,Portugal,2025-01-14,Standard,210.22
4776,Crystal Yu,anthony62@example.com,Bulgaria,2023-03-29,Basic,373.13
4777,Erik Bass,nicholas17@example.org,Argentina,2026-01-02,Basic,297.37
4778,Benjamin Daniel,craig32@example.org,Nauru,2023-08-05,Standard,202.47
4779,Sean Villa,kellysmith@example.com,Bermuda,2024-10-20,Premium,660.86
4780,Keith Frazier,progers@example.net,Australia,2022-09-22,Premium,1015.14
4781,Matthew Holmes,timothy33@example.net,Bolivia,2024-07-21,Basic,54.20
4782,Alicia Smith,curtis26@example.com,Guyana,2021-10-31,Premium,723.92
4783,Jessica Allen,adamsmichael@example.org,Czech Republic,2024-07-02,Premium,1546.13
4784,Sue Wood,dawn01@example.net,Botswana,2025-06-05,Basic,276.94
4785,Alisha Lewis,davistiffany@example.org,Netherlands Antilles,2024-03-23,Standard,185.22
4786,Adriana Manning,yorkkathy@example.org,Korea,2026-06-17,Basic,123.87
4787,William Lane,peterberger@example.com,North Macedonia,2023-05-21,Basic,318.04
4788,James Mcclure,dorothynunez@example.net,Niue,2026-05-06,Premium,1557.28
4789,Morgan Craig MD,kmueller@example.org,Cambodia,2026-01-20,Basic,84.32
4790,Wayne Peters,bmiller@example.org,Hungary,2025-07-12,Basic,49.15
4791,Duane Bennett,christopher42@example.net,Russian Federation,2025-12-01,Basic,347.51
4792,Michael Perkins,vpace@example.org,Bahrain,2025-12-06,Standard,108.22
4793,Jacob Smith,williamscourtney@example.org,Japan,2025-03-17,Standard,209.08
4794,John Dickson,qpruitt@example.org,Sudan,2023-11-10,Basic,252.48
4795,David Gutierrez,johnsonkrista@example.org,Mongolia,2024-03-20,Premium,1701.56
4796,Frank Newman,bakerryan@example.com,Kenya,2021-10-26,Standard,465.35
4797,Jennifer Gonzales,vasquezkristen@example.org,Chad,2022-06-24,Standard,184.95
4798,Frank Moon,lopezjulia@example.com,Italy,2022-07-18,Standard,709.97
4799,Alfred Johnston,sara75@example.com,Philippines,2021-10-08,Basic,169.02
4800,William Cole,bellandrea@example.net,Chad,2024-05-19,Basic,189.45
4801,Louis Lewis,gmontgomery@example.org,Senegal,2026-03-14,Standard,136.28
4802,Tiffany Martin,wpearson@example.com,Zambia,2022-02-27,Standard,397.64
4803,Rachael Bender,paul67@example.com,Eritrea,2023-12-06,Standard,712.81
4804,Janet Rivera,peterssandra@example.org,Samoa,2025-01-06,Premium,773.55
4805,Yvonne Bender,lauraclayton@example.net,Mozambique,2024-06-08,Standard,724.06
4806,Stephen Gilmore,xavierwilson@example.org,Mali,2023-05-03,Premium,742.62
4807,Ronnie King,marcuscook@example.org,Egypt,2022-07-17,Standard,119.08
4808,Sheila Weaver,krogers@example.org,Mauritania,2025-06-05,Basic,274.72
4809,Ryan Conner,maxwelljacob@example.org,Sudan,2024-08-20,Standard,548.32
4810,Mrs. Shannon Lee DVM,arobinson@example.net,Paraguay,2024-04-26,Standard,621.86
4811,Crystal Valenzuela,andrew67@example.com,Somalia,2023-08-16,Basic,45.71
4812,Michael Brown,navarromark@example.com,Turkmenistan,2022-02-13,Basic,302.67
4813,Lance Good,teresa45@example.net,Fiji,2021-09-25,Basic,56.33
4814,Tony Gamble,andreatorres@example.org,Sierra Leone,2025-01-26,Basic,103.85
4815,Natasha Watson,ucoleman@example.net,United States Virgin Islands,2023-12-03,Premium,991.83
4816,James Doyle,frankalvarez@example.org,Estonia,2026-05-09,Premium,914.96
4817,Andrew Rhodes DDS,duncanvanessa@example.com,Ireland,2023-08-22,Premium,1114.02
4818,Robert Rodriguez,bryan34@example.org,Angola,2026-01-29,Standard,574.40
4819,Matthew Hall,scruz@example.net,Belize,2024-10-25,Standard,491.85
4820,Amanda Gomez,aguilarthomas@example.org,Cayman Islands,2025-01-06,Basic,190.93
4821,David Curry,qwright@example.org,Kyrgyz Republic,2022-11-10,Standard,425.05
4822,Daniel Jones,james13@example.com,Tokelau,2024-12-25,Standard,621.36
4823,Regina Brady,robertjones@example.net,France,2023-12-02,Standard,321.42
4824,Carolyn Wallace,steven73@example.net,Guatemala,2023-03-05,Basic,323.16
4825,Victor Huynh,cpitts@example.org,Bahrain,2024-11-15,Premium,496.42
4826,Kayla Murphy,richardhall@example.net,Saint Kitts and Nevis,2021-09-15,Standard,326.90
4827,Maria Barron,jeffrey30@example.org,French Southern Territories,2024-05-07,Basic,263.89
4828,Jonathon Cowan,sullivanrachel@example.org,Maldives,2024-04-05,Premium,215.68
4829,Michael Raymond,romerochristine@example.net,Bulgaria,2023-01-07,Premium,916.04
4830,Renee Lopez,ryanmcdonald@example.com,Puerto Rico,2023-07-02,Basic,91.96
4831,Robin Ellis,fdavenport@example.com,Mongolia,2022-08-03,Standard,439.15
4832,Bradley Hayes,kathrynlawrence@example.org,Mali,2025-05-03,Basic,300.11
4833,Gerald Santos,parsonsdawn@example.net,Denmark,2022-12-31,Standard,142.58
4834,Brad Mitchell,lscott@example.net,Lesotho,2022-08-07,Standard,225.32
4835,Jennifer Patrick,nataliefrost@example.com,Pakistan,2022-04-09,Standard,119.77
4836,Madison Pacheco,grantmichael@example.org,Palestinian Territory,2024-07-06,Basic,207.20
4837,Jonathan Wright,christophersanders@example.org,Ireland,2021-11-13,Standard,681.25
4838,Jonathan Jones,dmalone@example.com,American Samoa,2022-05-21,Standard,653.42
4839,Kyle Smith Jr.,alyssa10@example.com,Puerto Rico,2021-10-06,Basic,40.26
4840,Jennifer Herrera,amandacaldwell@example.com,New Zealand,2024-10-12,Standard,682.20
4841,Kimberly Bullock,shellycowan@example.net,Uganda,2022-05-22,Standard,292.94
4842,Catherine West,hillashley@example.org,Nauru,2023-03-13,Standard,720.91
4843,Jennifer Black,johnlevy@example.org,Armenia,2023-10-22,Standard,140.07
4844,Robin Perry,petersonlauren@example.net,Switzerland,2025-07-21,Standard,635.99
4845,Crystal Williams,bjimenez@example.org,Philippines,2024-06-29,Standard,159.94
4846,Andrew Miller,allisonanna@example.org,Equatorial Guinea,2023-02-01,Standard,618.68
4847,William Shields,benitezjames@example.com,Brunei Darussalam,2023-01-14,Premium,1213.26
4848,Jonathan Powell,lisastephens@example.net,Jamaica,2025-02-15,Basic,298.22
4849,Daniel Owen,astevens@example.org,Romania,2023-09-11,Standard,490.13
4850,Lisa Santos,danielle36@example.net,Montenegro,2025-11-29,Standard,244.20
4851,Ian Wells,wolfebrittney@example.com,Norway,2022-09-16,Basic,148.40
4852,Jennifer Erickson,thomasflowers@example.com,Israel,2025-07-08,Basic,206.37
4853,Katie Gomez,timothy77@example.net,Guyana,2024-06-05,Standard,423.91
4854,Destiny Morgan,robertnichols@example.net,Vanuatu,2025-08-21,Basic,136.02
4855,Cheryl Carter,jamesharvey@example.com,Argentina,2023-01-09,Basic,158.06
4856,Frederick White,dcrawford@example.org,British Indian Ocean Territory (Chagos Archipelago),2026-07-18,Standard,173.02
4857,Carrie Cook,gentrykatherine@example.net,Afghanistan,2026-06-05,Basic,346.27
4858,Jason Gallagher,aaron80@example.com,Croatia,2024-01-25,Basic,327.92
4859,Christopher Carr,huntnicholas@example.com,Togo,2022-03-19,Standard,611.08
4860,Paula Garcia,ahardin@example.com,Thailand,2025-03-29,Basic,45.16
4861,Lori Clark,youngcindy@example.org,Chad,2024-12-29,Standard,638.88
4862,Leah White,jonesshelby@example.com,Kiribati,2023-06-08,Standard,342.82
4863,Eric Gray,angelakaufman@example.net,United States of America,2024-12-11,Premium,932.22
4864,Nicole Mueller,vbrown@example.com,Lesotho,2022-08-31,Basic,107.59
4865,Pamela Massey,williamsrichard@example.org,San Marino,2023-10-09,Basic,389.48
4866,Bruce Johns,kellerjames@example.org,Kazakhstan,2023-07-04,Standard,745.07
4867,Michael Carter,nicholas79@example.org,Malawi,2022-01-13,Standard,252.39
4868,Peter Kemp,cdelacruz@example.com,Kuwait,2023-04-11,Standard,577.85
4869,Deborah Floyd,rhawkins@example.org,Israel,2021-09-20,Standard,422.28
4870,Seth Payne,cathy96@example.net,Iran,2023-07-02,Standard,747.76
4871,Michael Wyatt,palmerkatherine@example.net,Moldova,2021-10-17,Standard,305.16
4872,Mark Lee,sharonfox@example.com,Grenada,2022-02-20,Basic,317.92
4873,Jeanette Velez,michellesalazar@example.org,Cayman Islands,2024-11-20,Standard,140.14
4874,Christine Johnson,kelly12@example.org,Somalia,2022-08-07,Basic,314.78
4875,Michelle Rivera MD,gillespiethomas@example.com,Iran,2023-07-20,Standard,602.82
4876,Nicole Washington,briandavidson@example.com,Guernsey,2023-11-06,Standard,92.15
4877,Christina Wolfe,daniel04@example.org,Dominica,2023-08-10,Standard,138.84
4878,Troy Barajas,linda32@example.net,Zambia,2022-04-11,Basic,338.83
4879,Janet Robinson,lawrencethomas@example.com,Slovakia (Slovak Republic),2023-11-14,Premium,1297.50
4880,Dr. Amanda Jacobs,,Romania,2024-09-26,Premium,722.51
4881,Stephanie Harris,nicholaschapman@example.com,Montserrat,2023-01-03,Standard,448.48
4882,Michael Hughes,katie86@example.net,Netherlands,2026-07-26,Basic,387.87
4883,Seth Stone,oholmes@example.net,United States Minor Outlying Islands,2022-01-02,Basic,105.74
4884,Barbara Schwartz,breanna94@example.net,Austria,2025-01-18,Basic,358.82
4885,Debbie Ramirez,ibrown@example.com,French Southern Territories,2022-12-23,Standard,170.65
4886,Karen Jenkins,guzmanjohnny@example.net,Central African Republic,2024-05-12,Standard,598.74
4887,Anthony Stewart,wigginsjohn@example.org,Venezuela,2022-11-16,Standard,577.60
4888,Cynthia Payne,perezrobert@example.net,New Caledonia,2025-01-22,Standard,601.46
4889,Alicia Pearson,amanda77@example.org,Uganda,2025-03-18,Standard,433.13
4890,Brian Johnston,maryburke@example.org,Gibraltar,2023-08-01,Premium,1014.72
4891,Sara Conrad,tholt@example.net,Sudan,2023-08-02,Standard,543.24
4892,Phillip Mendoza,zjones@example.org,Ireland,2023-08-24,Basic,100.03
4893,Preston Rose,powelljesse@example.org,Serbia,2024-06-03,Standard,534.27
4894,Joseph Allen,douglaslloyd@example.org,Gabon,2025-01-14,Standard,654.79
4895,Jennifer Johnson,richard54@example.net,Libyan Arab Jamahiriya,2023-11-16,Standard,703.19
4896,Courtney Phillips,lisachurch@example.net,Guadeloupe,2023-01-18,Basic,234.70
4897,Matthew James,steindenise@example.org,Reunion,2022-06-30,Basic,192.65
4898,Danielle Scott,amandastark@example.net,Namibia,2022-06-05,Standard,108.02
4899,David Cruz,robertsmichael@example.net,Japan,2024-09-15,Basic,184.31
4900,Amanda Miller,nancylopez@example.com,Burkina Faso,2025-08-23,Standard,427.18
4901,Dominic Benton,dana58@example.net,Ethiopia,2025-02-02,Standard,396.67
4902,Jay Butler,pearsongreg@example.com,Suriname,2026-03-14,Standard,562.04
4903,Laura Horn,jeremycalderon@example.com,Wallis and Futuna,2025-10-27,Standard,125.54
4904,Christopher Davis,jonathan57@example.com,Honduras,2022-01-12,Basic,280.52
4905,Michelle Duffy,brian64@example.org,American Samoa,2022-09-06,Standard,570.09
4906,Amy Curtis,qbarron@example.org,Northern Mariana Islands,2023-08-27,Standard,120.10
4907,Christy Walters,xwood@example.com,Japan,2025-05-09,Basic,90.51
4908,Matthew Brown,joan67@example.net,China,2023-10-16,Standard,183.17
4909,Anthony Salas,janicedixon@example.net,Brazil,2026-01-28,Basic,391.52
4910,Samantha Hendrix,nancy42@example.com,Norfolk Island,2025-03-10,Basic,180.85
4911,Beth Duke,pdrake@example.org,Luxembourg,2025-01-30,Standard,357.83
4912,Sara Wright,tanya75@example.org,Ecuador,2025-04-23,Standard,242.79
4913,Andrew Chambers,shawjill@example.org,Holy See (Vatican City State),2025-02-08,Standard,227.76
4914,Tracy Santiago,changemily@example.com,Seychelles,2022-12-17,Basic,90.56
4915,Angela Brown,stanleydeanna@example.org,Bhutan,2024-09-25,Standard,565.04
4916,Hannah Vargas,daniellemoore@example.org,Somalia,2021-08-13,Standard,528.81
4917,Joseph Gray,tammycarlson@example.com,Faroe Islands,2026-01-27,Standard,171.13
4918,Kimberly Watts,emily09@example.org,Slovakia (Slovak Republic),2026-03-03,Standard,296.04
4919,Ashley Kelly,sosaann@example.org,American Samoa,2026-01-06,Standard,426.42
4920,Colin Johnson,allenjoseph@example.net,Serbia,2024-10-10,Standard,595.87
4921,Nichole Moore,vthomas@example.net,Haiti,2025-06-16,Standard,231.72
4922,Gregory Hebert,gfuentes@example.com,New Caledonia,2024-02-07,Standard,630.01
4923,Gregory Glass,marypatrick@example.net,Ecuador,2024-08-16,Standard,486.77
4924,Christine Johnson,christopher88@example.net,Guinea,2025-06-03,Standard,669.15
4925,Kiara Lopez,sheltonariel@example.com,Cocos (Keeling) Islands,2025-03-30,Basic,299.20
4926,Dana Griffin,alexandernash@example.net,Netherlands,2024-06-04,Basic,381.82
4927,Lynn Chapman,richard07@example.com,Guam,2025-12-16,Premium,1494.81
4928,Francisco Francis,igarcia@example.net,Madagascar,2023-11-07,Standard,498.16
4929,Samantha Brown,beckaustin@example.com,Turks and Caicos Islands,2026-07-10,Standard,188.71
4930,Amber Morales,tannertina@example.org,Mozambique,2021-09-19,Basic,351.58
4931,David Patel,mcowan@example.net,Chad,2021-10-26,Standard,271.50
4932,Robert Summers,alexander73@example.net,Bolivia,2024-06-25,Standard,134.79
4933,Joshua Weber,martinezhenry@example.org,Saudi Arabia,2023-08-08,Basic,385.50
4934,Lisa Waller,mosschristine@example.net,El Salvador,2026-04-03,Basic,126.87
4935,Angela Fowler,aperry@example.com,Liberia,2021-12-11,Basic,218.03
4936,Michael Robinson,scottfisher@example.org,Reunion,2025-02-24,Basic,195.69
4937,Ashley Cohen,alexandersmith@example.net,Hungary,2022-01-05,Premium,340.67
4938,Connie Davis,veronicadonovan@example.org,Taiwan,2026-05-22,Basic,343.24
4939,Robert Reyes,rdawson@example.org,Zambia,2021-10-19,Basic,365.70
4940,Robert Hernandez,colehenry@example.org,Bulgaria,2025-11-14,Standard,296.96
4941,Russell King,thomas06@example.org,Somalia,2023-07-31,Standard,244.59
4942,Tyler Young,nrice@example.org,Barbados,2022-11-22,Standard,83.73
4943,Amanda Stevens,gordonjonathan@example.net,Sudan,2026-05-02,Basic,214.80
4944,Amber Garcia,bryantjessica@example.com,Faroe Islands,2023-12-09,Standard,224.44
4945,Jessica Rivera,shawn57@example.net,Angola,2026-01-17,Standard,254.38
4946,Courtney Fuller,cynthia47@example.net,Belize,2025-10-12,Basic,337.45
4947,Kevin Williamson,juliadavid@example.net,Finland,2024-04-24,Standard,484.48
4948,Emily Robinson,medinakeith@example.org,Congo,2022-12-08,Standard,484.47
4949,Dennis Meyers,anthonyford@example.org,Afghanistan,2021-09-23,Basic,280.32
4950,Randy Bailey,sean39@example.com,Sri Lanka,2023-01-24,Premium,344.78
4951,Tiffany Clark,matthewgarcia@example.org,Svalbard & Jan Mayen Islands,2026-07-18,Basic,271.36
4952,Corey Lamb,christophersolis@example.org,Iceland,2026-05-25,Premium,324.49
4953,Sharon Stephens,pattonkaitlyn@example.com,Micronesia,2026-04-13,Basic,125.90
4954,Mandy Little,fgilmore@example.org,Chad,2025-06-22,Standard,553.78
4955,Elizabeth Park,brianjarvis@example.net,Switzerland,2025-07-04,Standard,625.32
4956,Beth Garcia,zrodriguez@example.net,Botswana,2021-08-13,Basic,54.35
4957,Anna Riggs,bkidd@example.org,United States Minor Outlying Islands,2023-06-14,Standard,372.17
4958,Christian Barnes,mariahayes@example.org,American Samoa,2023-11-15,Standard,657.80
4959,James Jenkins,vhill@example.com,Bolivia,2023-01-25,Premium,802.94
4960,Hannah Lawson,ronald95@example.org,North Macedonia,2023-12-12,Basic,307.98
4961,Grace Stewart,ischaefer@example.net,Syrian Arab Republic,2024-06-17,Standard,687.95
4962,Michelle Shepherd,erinarmstrong@example.org,Iceland,2024-09-29,Standard,197.00
4963,Danny Martin,dianesingh@example.org,Bolivia,2022-12-09,Standard,297.05
4964,Sierra Gomez,sheltonlaura@example.org,Guernsey,2024-10-31,Standard,353.20
4965,Lisa Bautista,donaldbrown@example.com,Libyan Arab Jamahiriya,2026-03-03,Premium,894.18
4966,Mitchell Barnes,wardtamara@example.net,Romania,2023-05-03,Basic,169.09
4967,Shannon Hall,christopher29@example.net,United States of America,2026-02-14,Standard,312.86
4968,Cody Moss,floresheather@example.com,Indonesia,2021-11-17,Basic,139.59
4969,Susan Johnson,bellchristopher@example.net,Cuba,2022-12-05,Basic,156.82
4970,Robert Harris,marcrose@example.net,Venezuela,2024-03-23,Standard,503.49
4971,Mark Todd,justinthomas@example.net,Eritrea,2022-01-30,Basic,97.81
4972,James Davis,pmcgee@example.org,Niger,2023-08-25,Standard,657.85
4973,Mr. Mark Taylor MD,alexandra09@example.net,Zambia,2024-10-21,Standard,574.98
4974,Gabriela Fisher,annlawrence@example.net,Georgia,2023-05-10,Basic,321.15
4975,Brittany Taylor,obullock@example.org,Tokelau,2026-03-28,Standard,412.39
4976,Brendan Santiago,zlong@example.org,Ethiopia,2021-08-24,Premium,729.09
4977,Lisa Villegas,jose76@example.com,Saint Barthelemy,2022-07-10,Standard,618.48
4978,Elizabeth Kirk,vblack@example.org,Isle of Man,2024-07-29,Basic,153.95
4979,Jacob Murray,nathansandoval@example.net,Micronesia,2023-02-05,Standard,692.07
4980,Jesse Joseph,adrian05@example.com,Eritrea,2025-01-10,Premium,814.55
4981,Tina Washington,dedwards@example.net,French Southern Territories,2022-03-10,Standard,506.65
4982,Danielle White,iwilliams@example.org,Congo,2023-05-13,Basic,112.77
4983,Christopher Lowery,samanthacox@example.com,Sweden,2026-05-19,Basic,214.76
4984,Kimberly Hughes,alvaradonichole@example.org,Georgia,2022-02-25,Standard,370.49
4985,Ronald Collins,aguirrecorey@example.net,Seychelles,2024-07-04,Standard,182.47
4986,Matthew Carter,klin@example.net,Panama,2025-01-06,Standard,85.75
4987,Christopher Ray,sheliaedwards@example.com,Finland,2024-05-31,Standard,284.61
4988,Alejandra Garcia,iwells@example.com,Liechtenstein,2025-02-05,Standard,508.56
4989,Janice Shaw,james90@example.net,Bhutan,2025-01-07,Standard,452.95
4990,John Kent,alexis80@example.net,Congo,2021-10-03,Standard,492.47
4991,Sherry Medina,garrettreid@example.com,Eritrea,2025-10-02,Premium,322.05
4992,Pamela Nguyen,antonio93@example.com,Italy,2022-11-15,Basic,369.29
4993,Jason Flores,hburch@example.org,Vanuatu,2022-06-16,Standard,650.24
4994,Janice Barnes,awilliams@example.net,Algeria,2023-06-09,Premium,710.76
4995,Maureen Wilson,smithjohn@example.org,Grenada,2026-04-02,Standard,164.80
4996,Christian Stanton,ysoto@example.net,Palau,2025-11-06,Standard,645.38
4997,Terry Lutz,gibsonbryan@example.net,Bahrain,2026-02-10,Basic,355.53
4998,Oscar Ayers,morgangarza@example.com,Western Sahara,2024-11-07,Basic,260.83
4999,Jacob Jones,cantrellvictoria@example.org,Kiribati,2021-08-16,Basic,156.58
5000,Stephanie Gibson,christinejackson@example.net,Nepal,2023-02-26,Standard,632.64
5001,Brittney Hansen,,Gambia,2024-07-13,Standard,179.63
5002,Jeanette Hansen,rnewman@example.net,Gibraltar,2023-05-15,Basic,49.49
5003,Leon Wise,shelbyward@example.net,Madagascar,2023-05-10,Standard,544.18
5004,Brittany Robertson,josepena@example.net,Maldives,2025-09-10,Standard,665.72
5005,Jeffrey Bates,bellsusan@example.net,Libyan Arab Jamahiriya,2023-06-11,Standard,622.78
5006,Mark Matthews,nelsonbrenda@example.net,Senegal,2021-11-24,Premium,642.45
5007,Megan Colon,caleb79@example.com,Niue,2024-11-27,Basic,348.71
5008,Chelsea Larson,hillmelissa@example.net,Belgium,2025-08-30,Standard,371.29
5009,Lisa Martinez,williamrogers@example.net,Gabon,2024-04-17,Standard,748.90
5010,Mr. Andrew Williams,roberttran@example.net,Indonesia,2023-05-07,Standard,200.59
5011,Alison Mcclure,vanessaclayton@example.net,Northern Mariana Islands,2024-12-03,Standard,344.74
5012,Robert Miller,nmitchell@example.net,Papua New Guinea,2026-08-02,Standard,684.08
5013,Michael Sandoval,markvang@example.net,Senegal,2023-06-25,Standard,251.51
5014,Kathryn Park,roger90@example.org,Bosnia and Herzegovina,2023-04-24,Basic,171.03
5015,Ashley Deleon,rvincent@example.net,Colombia,2023-01-30,Basic,195.27
5016,Melinda Glover,smithteresa@example.com,Brazil,2024-06-22,Standard,699.72
5017,Steven West,kyleadams@example.com,Australia,2024-09-20,Standard,439.75
5018,Vernon Norris,marypatel@example.com,France,2023-11-26,Premium,1266.79
5019,Steven Brown,mathewanderson@example.net,Netherlands,2021-10-05,Standard,633.53
5020,Shannon Craig,moranmaria@example.org,Ethiopia,2024-10-26,Basic,326.40
5021,Randy Miller,wilkinspamela@example.org,Aruba,2025-01-01,Standard,140.22
5022,Alan Norman,dhutchinson@example.org,Croatia,2026-07-14,Basic,394.78
5023,Wendy Hampton,sarahsweeney@example.com,Guatemala,2026-05-27,Basic,232.73
5024,Howard Taylor,ygrant@example.net,Guyana,2021-09-25,Premium,1476.41
5025,Pamela Adams,qwarren@example.com,Georgia,2025-12-27,Standard,310.13
5026,Ashley Williams,thompsonmichael@example.com,Norway,2022-12-09,Basic,391.54
5027,Cynthia Wallace,derek48@example.com,France,2023-11-21,Basic,120.63
5028,Bryan Lyons,austin63@example.org,Liberia,2021-10-24,Standard,639.71
5029,Frances Rodriguez,millsbrittany@example.net,British Indian Ocean Territory (Chagos Archipelago),2022-08-08,Standard,370.56
5030,Savannah Cox,mark42@example.org,Morocco,2024-03-27,Standard,118.64
5031,Connor Wilkerson,keithgilbert@example.net,Kuwait,2025-11-06,Basic,47.96
5032,Michelle Miller,valenciajennifer@example.com,Kenya,2025-02-05,Standard,513.94
5033,Todd Lee,gallegosamy@example.org,Tonga,2024-07-30,Basic,211.59
5034,Christopher Garcia,jeffrey69@example.com,Latvia,2022-11-17,Basic,62.96
5035,Tracy Torres,hmyers@example.net,Myanmar,2022-09-03,Standard,719.45
5036,Angela Welch,haynesalicia@example.com,Sri Lanka,2023-11-29,Standard,245.11
5037,Nicholas Mills,fernandezjaime@example.net,Israel,2024-10-14,Basic,49.93
5038,Austin Benson,bowmananthony@example.com,Congo,2024-12-05,Standard,365.81
5039,Jason Wood,sara95@example.net,Serbia,2026-06-16,Basic,88.01
5040,Kenneth Brooks,bowmanrobert@example.org,Denmark,2021-10-14,Standard,521.72
5041,Joanne Clark,michaelsellers@example.org,Chile,2025-04-18,Standard,545.61
5042,Virginia Murphy,jamescochran@example.net,Maldives,2021-11-21,Standard,231.98
5043,Donna Flores,gjones@example.com,Christmas Island,2025-09-01,Basic,222.86
5044,Raymond Cook,candice86@example.org,Burkina Faso,2024-02-03,Standard,592.25
5045,Daniel Marshall,andersonjulia@example.org,Hong Kong,2021-08-17,Basic,251.27
5046,Kari Hall,joshua34@example.net,Israel,2021-08-15,Basic,389.52
5047,Tracy Burgess,johnrichardson@example.com,Barbados,2025-03-01,Premium,1363.28
5048,Leslie Kelley,kjohnson@example.com,Canada,2022-01-31,Standard,597.87
5049,Sherri Adams,staceydickerson@example.org,Lebanon,2022-04-07,Premium,275.22
5050,James Romero,bakerjulie@example.net,Georgia,2024-04-17,Standard,183.81
5051,Anthony Stephenson,lynnfrey@example.com,France,2024-11-20,Standard,736.35
5052,Christopher Johnson,sara53@example.org,Serbia,2023-08-23,Basic,396.25
5053,Brian Perez,smithmichael@example.net,United States Minor Outlying Islands,2024-08-20,Basic,50.62
5054,Ryan Martin,brett70@example.com,Italy,2024-06-04,Basic,302.32
5055,Wendy Perez,michael56@example.org,Malawi,2023-06-20,Standard,138.56
5056,Kelly Moore,nicole99@example.com,French Southern Territories,2024-04-06,Standard,548.13
5057,Justin Williams,jennifer73@example.org,United States of America,2024-03-27,Standard,618.32
5058,William Montes,asoto@example.net,Peru,2023-01-21,Standard,395.23
5059,Jesus Stout,garcialindsay@example.org,Grenada,2023-09-04,Basic,105.88
5060,Hannah Morris,brewermarcus@example.com,Trinidad and Tobago,2024-07-26,Standard,194.75
5061,Nicole Marquez,jamesroberts@example.org,El Salvador,2022-10-24,Standard,245.11
5062,David Brown,dillonmargaret@example.net,Latvia,2025-10-21,Premium,585.30
5063,Ryan Reyes,matthewmiller@example.net,South Georgia and the South Sandwich Islands,2025-08-17,Standard,312.06
5064,Vicki Thomas,daughertyeric@example.com,Botswana,2022-04-13,Standard,130.06
5065,Christopher Jenkins,adamsjennifer@example.org,North Macedonia,2023-01-19,Standard,138.47
5066,Chad Green,georgeallen@example.org,Djibouti,2025-01-26,Standard,668.53
5067,Amy Johnson,davidfox@example.net,Chile,2024-05-02,Premium,1052.48
5068,Deborah Young,,Bhutan,2025-03-08,Standard,139.46
5069,David Martin,briannashannon@example.net,Maldives,2022-12-27,Premium,1726.58
5070,Rebecca Mitchell,xellis@example.org,Honduras,2021-12-16,Premium,689.80
5071,Juan Smith,dwilliams@example.com,Ecuador,2026-02-04,Standard,615.03
5072,Anthony Washington,reneegriffith@example.com,Jamaica,2023-12-18,Standard,328.01
5073,Jennifer Burns,rubenmatthews@example.com,Gibraltar,2025-09-02,Premium,446.52
5074,Laura Zimmerman,ugonzalez@example.net,Cocos (Keeling) Islands,2025-01-25,Standard,411.29
5075,Jonathan Brown,kmartin@example.org,Colombia,2026-07-28,Standard,733.65
5076,Sarah Gonzalez,gonzalezsheila@example.com,Christmas Island,2025-03-22,Premium,1251.01
5077,Kyle Johnson,toddjohnson@example.net,Tokelau,2025-02-20,Standard,327.56
5078,Sabrina Williams,lutzkevin@example.org,Georgia,2023-04-22,Standard,372.47
5079,Kevin Moore,paul08@example.net,Swaziland,2024-11-02,Basic,317.91
5080,Michael Stein,austin62@example.net,Nicaragua,2025-01-26,Standard,624.69
5081,Troy Ramirez,sandra58@example.net,Turks and Caicos Islands,2026-04-05,Standard,494.91
5082,Mike Griffin,kristin19@example.org,Guam,2022-10-28,Basic,359.76
5083,Mark Adams,wward@example.org,Malawi,2025-02-09,Basic,83.30
5084,Robert Woods,hunterwolfe@example.org,American Samoa,2021-08-22,Basic,376.61
5085,Jason Beasley,tmorrison@example.net,Sweden,2023-02-07,Premium,1250.78
5086,Dominique Ball,gary91@example.com,Mexico,2022-11-11,Standard,187.99
5087,Matthew Booth,hawkinskellie@example.net,Burkina Faso,2024-12-08,Premium,479.23
5088,Ryan Lin,francismason@example.org,Philippines,2025-01-11,Standard,488.90
5089,Madison Mann,flynnjulie@example.org,Uganda,2025-05-14,Standard,381.90
5090,Patrick Thompson,tiffany26@example.net,Ireland,2023-11-04,Standard,636.44
5091,Katie Hartman,stephanie59@example.com,Gabon,2024-01-13,Basic,379.84
5092,Jeff Adams,megan53@example.net,Cape Verde,2021-09-23,Standard,119.19
5093,Samuel Oconnor,tiffanywalters@example.com,Cyprus,2023-02-08,Standard,170.43
5094,Max Kline,timothyreed@example.net,Ethiopia,2022-07-25,Basic,216.68
5095,Lee Rogers,pferguson@example.org,Niger,2026-03-08,Basic,54.97
5096,Cynthia Donaldson,burgessjacob@example.com,Central African Republic,2025-04-20,Premium,1722.19
5097,Desiree Wallace,ddunn@example.com,Kazakhstan,2024-11-12,Standard,644.43
5098,Donna Martin,oburton@example.org,Lao People's Democratic Republic,2026-07-12,Standard,584.36
5099,Julia Miller,dennisjessica@example.org,Burkina Faso,2023-01-31,Standard,647.25
5100,Donna Wise,peter42@example.org,Bouvet Island (Bouvetoya),2025-04-22,Premium,1206.32
5101,Dr. Matthew Johnson,breanna00@example.com,Chile,2025-02-08,Basic,242.68
5102,Monique Shaffer,yvettecampbell@example.net,Cote d'Ivoire,2021-09-10,Basic,227.80
5103,Donna Beasley,andersonbrian@example.org,Paraguay,2025-11-07,Basic,271.55
5104,Christine Johnson,mitchell03@example.org,Haiti,2025-04-02,Standard,166.45
5105,Krista Williams,deborah41@example.com,Mali,2022-10-02,Basic,145.47
5106,Evelyn Smith,david27@example.com,Austria,2025-01-15,Standard,347.86
5107,Richard Fernandez,garciamatthew@example.org,Belgium,2026-02-24,Standard,406.06
5108,Sean Ruiz,scottkaren@example.net,Congo,2022-12-05,Standard,292.02
5109,Brian Vincent,alex47@example.org,Yemen,2023-03-15,Standard,337.45
5110,Samuel Johnson,victorjones@example.org,Albania,2023-10-22,Standard,605.79
5111,Andres Wong,manuel24@example.org,Mexico,2024-03-14,Standard,536.74
5112,Amanda Lynch,louislandry@example.org,Ireland,2021-10-22,Premium,1484.23
5113,Tammy Aguilar,kimberlywhitaker@example.net,Bolivia,2026-05-02,Standard,135.20
5114,Debra Brown,martinjennifer@example.net,Korea,2026-04-28,Basic,309.23
5115,Rick Taylor,zacharywest@example.com,Saint Martin,2021-12-30,Standard,192.02
5116,Sharon Scott,laurenbaker@example.org,French Southern Territories,2025-02-24,Standard,107.37
5117,Brittany Simmons,timothypatel@example.net,Jersey,2024-09-27,Premium,1697.66
5118,Sara Shannon,kochbenjamin@example.org,Zambia,2025-06-11,Standard,312.44
5119,Monica Hale,rhernandez@example.org,Andorra,2025-04-17,Standard,631.03
5120,Jonathan Black DDS,eellis@example.org,Lithuania,2021-08-17,Standard,367.82
5121,Brandy Yu,cynthiamiller@example.net,Tokelau,2026-01-17,Standard,648.22
5122,Philip Holder,djohnston@example.net,Cocos (Keeling) Islands,2024-12-21,Standard,534.77
5123,Janice Poole,bday@example.org,Kiribati,2025-09-29,Premium,512.83
5124,Leah Coffey,sheltonpatrick@example.com,Azerbaijan,2026-01-08,Standard,200.35
5125,Sharon Tapia,fparsons@example.org,Micronesia,2022-12-19,Standard,291.21
5126,Lori Newton,dominiquepowers@example.com,India,2026-02-07,Basic,218.30
5127,Jason Hampton,lisalarson@example.com,Aruba,2023-07-27,Standard,488.79
5128,Maria Snyder,connermatthew@example.org,Malta,2024-11-03,Premium,775.84
5129,Gina Dorsey,kelleybradley@example.net,Nigeria,2022-07-19,Basic,81.88
5130,Michael Gill,belltheresa@example.com,Uganda,2023-10-08,Standard,685.47
5131,Robert Richards,kimberly24@example.org,Israel,2021-12-10,Standard,692.79
5132,Adam White,alexanderchristopher@example.org,Serbia,2024-10-06,Standard,194.51
5133,Steven Collins,robertboyd@example.net,American Samoa,2022-10-19,Standard,229.15
5134,Anna Ramos,dicksonkatie@example.com,Kazakhstan,2023-04-12,Basic,184.71
5135,Michael Contreras,ramirezmargaret@example.com,Norway,2025-12-19,Standard,479.16
5136,Ashley Cardenas,deanna22@example.net,Gibraltar,2021-11-15,Standard,249.28
5137,Samantha Long,staceybrown@example.com,Lithuania,2023-01-25,Basic,284.94
5138,Samuel Khan,nlynn@example.com,Western Sahara,2021-12-27,Basic,364.75
5139,David Hale,mmitchell@example.org,Luxembourg,2021-08-13,Standard,709.68
5140,Anthony Gardner,clarkamber@example.org,Brazil,2021-08-17,Standard,691.77
5141,Rebekah Smith,melaniescott@example.org,Suriname,2025-06-15,Standard,81.90
5142,Michael Johnson,tbailey@example.net,Martinique,2025-08-24,Basic,175.77
5143,Stephen Ross,jimenezrandy@example.com,Ethiopia,2026-02-03,Basic,108.22
5144,Daniel Lawrence,brobbins@example.net,Cambodia,2022-03-28,Basic,131.23
5145,John Larsen,ganderson@example.org,Guam,2022-12-15,Premium,1265.72
5146,Shannon Johnson,lsmith@example.net,Pakistan,2023-02-15,Premium,1383.22
5147,Heather Rivera,rebeccazimmerman@example.net,Ghana,2023-07-12,Premium,1260.96
5148,Jennifer Wright,melissabarnett@example.com,Falkland Islands (Malvinas),2023-05-17,Premium,355.15
5149,Tracey Patel,jesuscarter@example.com,Isle of Man,2022-01-12,Standard,609.05
5150,Elizabeth Walker,elizabethtate@example.org,Honduras,2025-06-20,Premium,1020.68
5151,Lisa Singleton,samuel37@example.net,Gambia,2023-10-29,Standard,574.56
5152,Ashley Espinoza,hector90@example.org,Cayman Islands,2023-01-15,Basic,297.41
5153,Maria Medina,eric34@example.com,Saint Kitts and Nevis,2026-05-14,Standard,267.24
5154,Benjamin Bray,danielolsen@example.com,Iraq,2025-04-16,Standard,652.47
5155,Tara Ortiz,smithsonia@example.com,Tunisia,2023-03-14,Standard,588.67
5156,Jill Byrd,david56@example.com,Micronesia,2022-04-07,Standard,672.78
5157,Kristin Rivera,burtonkevin@example.com,Niue,2023-04-19,Standard,133.39
5158,Sierra Pierce,alisonstein@example.net,El Salvador,2023-07-01,Basic,112.28
5159,Jean Campos,duartekelly@example.net,India,2026-08-06,Standard,99.09
5160,Michael Leon,isaacpeters@example.org,Tonga,2021-12-30,Standard,150.20
5161,Christina Mendoza,zmcclain@example.org,Niger,2021-10-28,Premium,786.20
5162,Joseph Crawford,eacevedo@example.com,Bahamas,2024-03-11,Premium,1267.45
5163,Rebecca Barr,sarahramirez@example.com,Barbados,2022-07-05,Premium,861.62
5164,Lindsey Brewer,michael18@example.org,Cook Islands,2025-07-04,Standard,573.38
5165,Ashley Curtis,duane50@example.com,Spain,2026-03-10,Standard,594.16
5166,Ryan Williams,brookemckenzie@example.org,Pakistan,2025-03-02,Standard,414.94
5167,Jordan West,matthew05@example.org,San Marino,2023-03-17,Basic,316.68
5168,Sarah Chen,pmarquez@example.org,India,2025-11-27,Basic,55.75
5169,Zachary Jones,teresaruiz@example.org,Guinea-Bissau,2025-06-08,Premium,415.52
5170,Jeffrey Walker,samuel14@example.net,Turkmenistan,2025-06-17,Basic,130.29
5171,Brooke Lyons,robertgardner@example.org,Kenya,2024-04-01,Standard,386.87
5172,Melanie Garner,wharris@example.com,Bangladesh,2022-11-30,Basic,60.31
5173,Alyssa Vasquez,katie96@example.com,Anguilla,2026-02-07,Standard,714.10
5174,Roger Chapman,robert83@example.net,Greenland,2026-04-02,Standard,227.03
5175,Jessica Martinez,conniebrandt@example.com,Lesotho,2024-01-03,Standard,301.72
5176,Aaron Walker,sgill@example.com,Brazil,2026-01-16,Basic,49.11
5177,Matthew Smith,amandacasey@example.com,Svalbard & Jan Mayen Islands,2023-05-24,Standard,644.31
5178,Patricia Maynard,ashleygentry@example.com,Lesotho,2023-06-04,Standard,269.27
5179,Jacob King,alexander49@example.net,Malawi,2025-05-24,Standard,444.31
5180,Danielle Cole,mark64@example.net,Wallis and Futuna,2022-06-17,Standard,150.17
5181,Savannah Green,riveranicole@example.com,Tonga,2023-08-08,Premium,990.92
5182,Michelle Harris,jonesanna@example.net,Lao People's Democratic Republic,2023-07-16,Premium,1309.76
5183,Lisa Davenport,nelsonjohn@example.net,Greenland,2026-02-19,Basic,155.80
5184,Seth Hayes,kayla83@example.com,Pakistan,2026-06-23,Premium,1594.89
5185,Courtney Anderson,proach@example.net,Ghana,2023-03-02,Standard,78.98
5186,Cassandra Ramirez,christinacowan@example.com,Svalbard & Jan Mayen Islands,2026-01-19,Premium,267.01
5187,Elizabeth Coleman,opark@example.net,Rwanda,2026-05-27,Standard,457.69
5188,Amber Joseph,qgonzalez@example.net,China,2024-01-19,Basic,314.38
5189,Robert Garcia,sean73@example.com,Slovenia,2026-04-30,Premium,1034.29
5190,Steve Martinez,vmoore@example.com,Croatia,2023-07-03,Premium,1472.80
5191,Brady Harmon,sgonzalez@example.org,Qatar,2024-10-23,Standard,460.76
5192,Bernard Vazquez,sandersrobert@example.net,British Indian Ocean Territory (Chagos Archipelago),2023-09-26,Standard,537.79
5193,Michael Sanders,zmendoza@example.org,Vietnam,2025-04-18,Standard,689.41
5194,Catherine Marshall,davidsnyder@example.net,Tuvalu,2026-04-04,Standard,406.13
5195,Andrew Mcdaniel,longscott@example.net,Ethiopia,2024-03-16,Standard,736.59
5196,Julia Thomas,sherrera@example.org,Congo,2026-05-25,Standard,398.41
5197,Linda Brown DVM,kellyjones@example.com,Dominican Republic,2022-11-13,Basic,203.52
5198,Zachary Mendoza,maynardmichael@example.com,Maldives,2026-07-29,Basic,120.58
5199,Tiffany Grant,christopher19@example.org,Korea,2025-09-23,Standard,568.41
5200,John Simmons,margaretwilson@example.org,South Africa,2025-11-07,Basic,179.84
5201,Elizabeth Sanchez,jamespreston@example.org,Guernsey,2023-03-24,Standard,183.21
5202,Daniel Ward,heatherrojas@example.net,China,2025-09-09,Basic,195.43
5203,Brett Rogers,helen75@example.net,Bangladesh,2023-01-27,Standard,103.72
5204,Lisa Sweeney,oruiz@example.org,Reunion,2025-08-21,Standard,668.87
5205,Jeffrey Barrett,mikegonzalez@example.org,Bangladesh,2026-02-09,Basic,395.50
5206,Cindy Parker,mballard@example.com,Tunisia,2023-12-20,Premium,1161.74
5207,Melissa Lucero,samuelhamilton@example.com,Norfolk Island,2025-11-15,Standard,348.91
5208,Michael Ball,johnsonrichard@example.org,Sao Tome and Principe,2022-04-10,Basic,205.81
5209,Jerry Lee,cynthiabennett@example.net,Slovenia,2021-09-23,Standard,717.85
5210,Willie Phillips,katelyndavis@example.org,Ethiopia,2023-11-06,Standard,303.02
5211,Maria Conner,brendan97@example.net,United Arab Emirates,2022-06-17,Standard,164.85
5212,Nancy Shaw,nancydavis@example.org,Cuba,2024-03-03,Standard,241.05
5213,Lisa Lee,garciapamela@example.net,Zambia,2025-07-07,Basic,244.62
5214,Lisa Bentley,fjoyce@example.com,Monaco,2026-07-21,Basic,302.55
5215,Mark Price,dodsonbenjamin@example.net,Timor-Leste,2021-10-07,Basic,170.83
5216,Erin Bird,molly80@example.org,Spain,2025-02-12,Standard,657.15
5217,Robert Orr,samanthabutler@example.com,Lithuania,2022-12-03,Basic,174.93
5218,Nicolas Rodriguez,joseph59@example.net,Saint Vincent and the Grenadines,2024-11-21,Standard,340.16
5219,Laura Blake,glarson@example.net,Hong Kong,2025-10-29,Standard,441.41
5220,Lisa Barrett DDS,youngkelly@example.com,Norway,2023-09-11,Standard,685.66
5221,Laura Smith,tiffany48@example.net,Costa Rica,2025-07-18,Basic,353.24
5222,Kelly Johnson,fisherapril@example.org,Saudi Arabia,2022-01-09,Standard,209.60
5223,Samantha Robinson,charlottecox@example.org,Palau,2022-12-12,Standard,675.70
5224,Christine Brown,hjohnson@example.com,Congo,2023-04-15,Standard,707.56
5225,Victoria Gibbs,jeffrey56@example.net,China,2026-04-01,Standard,711.66
5226,Yolanda Payne,linkevin@example.net,Lithuania,2021-10-29,Premium,500.16
5227,Juan Haynes,michael16@example.net,Saint Martin,2022-08-31,Standard,191.33
5228,Amanda Cook,rsherman@example.com,Bolivia,2022-01-06,Basic,285.03
5229,Christine Gonzalez,simsjimmy@example.net,Singapore,2024-07-05,Basic,270.85
5230,Robin Morales,nmcdaniel@example.net,Guyana,2022-05-22,Standard,615.56
5231,Dr. Evelyn Gordon,tschmidt@example.org,Eritrea,2025-02-01,Standard,288.63
5232,David Lawrence,barajaszachary@example.net,Marshall Islands,2024-07-19,Standard,573.46
5233,Raymond French,timothy39@example.net,Svalbard & Jan Mayen Islands,2026-06-01,Basic,215.21
5234,John Lewis,fharris@example.org,Austria,2023-06-15,Standard,590.29
5235,Kristen Bradley,april30@example.com,El Salvador,2024-03-19,Standard,498.96
5236,Angela Lopez,sharpmichael@example.net,British Indian Ocean Territory (Chagos Archipelago),2026-03-27,Premium,327.88
5237,Anthony Jones,sanchezmegan@example.com,Belarus,2024-02-01,Premium,208.81
5238,Andrew Hill,kevin12@example.net,Congo,2024-12-09,Basic,353.01
5239,Ashley Baxter,erika25@example.com,Turks and Caicos Islands,2022-11-09,Standard,135.71
5240,Brianna Wilkinson,rmiller@example.org,Vietnam,2022-05-22,Basic,168.41
5241,Pamela Chan,dbrown@example.net,Comoros,2024-12-02,Basic,384.86
5242,Charles Scott,hdrake@example.org,Bhutan,2026-01-14,Standard,119.57
5243,Wayne Moore,georgekara@example.org,Venezuela,2024-12-30,Standard,287.96
5244,Bonnie Hughes,kdavies@example.com,Maldives,2022-01-19,Basic,200.78
5245,Mandy Smith,martinjamie@example.net,Angola,2022-03-23,Standard,193.27
5246,Roger Rogers,connie67@example.org,Colombia,2022-09-20,Standard,616.58
5247,Rebecca Rollins,gwagner@example.com,Dominican Republic,2023-02-24,Standard,669.38
5248,Christopher Pham,bradyjoseph@example.net,Norway,2021-11-21,Standard,154.95
5249,Ms. Whitney Cross,cooperchristina@example.org,Nicaragua,2025-06-06,Basic,187.48
5250,Tracy Martin,grahamjesse@example.org,Greenland,2026-05-18,Standard,499.36
5251,Brady Graves MD,hmitchell@example.org,Syrian Arab Republic,2026-04-21,Standard,264.83
5252,Sydney Gentry,kstein@example.net,San Marino,2025-10-19,Basic,129.78
5253,Jacqueline Rogers,brittany52@example.net,Jamaica,2022-11-22,Premium,1664.01
5254,Brenda Davis,davidtorres@example.com,Singapore,2024-03-27,Basic,74.94
5255,Meagan Knight,alvaradoandrew@example.org,Niger,2021-12-28,Premium,1561.37
5256,Virginia Cruz,valdezjohn@example.com,Cameroon,2021-10-10,Standard,396.89
5257,Sarah Black,huertajohn@example.com,Guyana,2026-05-29,Basic,251.02
5258,Breanna Watson,robinsonnicole@example.com,Thailand,2021-12-09,Basic,170.46
5259,Brian Clark,roger42@example.org,Finland,2022-11-08,Standard,461.04
5260,Kathryn Golden,oconnellnathan@example.net,United States of America,2024-09-12,Standard,88.40
5261,Stephanie Church,dunlapdavid@example.org,Saint Vincent and the Grenadines,2023-02-21,Standard,528.44
5262,Marcus Santos,wdominguez@example.com,Paraguay,2024-07-27,Standard,304.35
5263,Elizabeth Brown,alexis76@example.com,Niger,2024-09-22,Premium,757.70
5264,Michael Mann,jeffjenkins@example.org,Yemen,2021-10-24,Standard,496.22
5265,Brian Boyer,qedwards@example.com,North Macedonia,2022-07-14,Standard,693.82
5266,Austin Wilkerson,aolsen@example.net,Finland,2022-04-29,Premium,1647.67
5267,Jaclyn Hudson,joerobbins@example.org,Cote d'Ivoire,2025-06-07,Basic,110.97
5268,Eric Lewis,ejacobson@example.com,Iraq,2025-04-22,Standard,272.34
5269,Mary Parker,rhonda69@example.com,Armenia,2024-01-20,Basic,323.17
5270,Zachary Roman,priscilla11@example.com,Lithuania,2024-05-03,Standard,738.91
5271,David Brown,troymorris@example.com,Vietnam,2026-03-24,Standard,494.76
5272,Christopher Turner,richardthompson@example.com,Guadeloupe,2025-08-07,Standard,744.40
5273,Veronica Dawson,seanburnett@example.com,Oman,2024-05-15,Standard,245.58
5274,Alexander Santiago,debbie71@example.org,Tuvalu,2026-06-28,Standard,737.87
5275,Kelsey Chen,brandon27@example.com,Singapore,2024-02-27,Basic,48.44
5276,Donald Giles,dpatterson@example.com,Georgia,2024-04-22,Standard,187.65
5277,Zachary Ellis,ryancharles@example.org,Malta,2022-06-16,Standard,547.85
5278,Jeremiah Robinson PhD,aroberts@example.com,Maldives,2025-04-26,Standard,747.40
5279,Calvin Kemp,dawnbowman@example.net,Maldives,2025-10-05,Standard,259.16
5280,Ashley Perry,melissa13@example.com,Falkland Islands (Malvinas),2024-10-02,Basic,276.41
5281,Heather Stanley,bwalsh@example.net,Kuwait,2024-08-14,Standard,299.72
5282,Karen Ramos,wallcrystal@example.com,Guadeloupe,2026-06-16,Premium,1548.46
5283,Alejandro Washington,parsonsjose@example.org,Latvia,2022-06-22,Basic,43.84
5284,Christopher Little,patrick24@example.org,Haiti,2023-06-11,Standard,279.33
5285,Suzanne Martin,jimenezkeith@example.net,Guinea,2023-10-08,Standard,392.33
5286,Matthew Parker,katherinecurry@example.org,Kazakhstan,2023-02-25,Standard,544.32
5287,Brandy Moore,davidhill@example.org,Italy,2023-01-28,Standard,328.22
5288,Amanda Martin,eric01@example.net,Fiji,2024-03-07,Standard,420.99
5289,Marcus Hayes,scottbrooks@example.org,Montserrat,2022-10-21,Basic,192.83
5290,Bruce Berry,nle@example.org,Somalia,2022-07-05,Basic,87.64
5291,Aaron Chandler,sandersashley@example.net,Brazil,2024-12-23,Standard,251.57
5292,Gabriella Weaver,joseph52@example.org,Indonesia,2022-11-11,Standard,265.11
5293,Andrea Whitehead,mcbridelaura@example.net,Chile,2021-10-11,Premium,883.55
5294,Katherine Francis,brian62@example.org,Yemen,2022-07-18,Standard,618.70
5295,Barbara Richmond,medwards@example.com,Lebanon,2024-07-25,Basic,350.13
5296,Kenneth Johnson,fgomez@example.com,Philippines,2025-08-06,Basic,48.28
5297,Christopher Johnson,barrerajay@example.net,Aruba,2026-04-10,Premium,1375.25
5298,Christopher Hoffman,christine95@example.net,Montenegro,2022-07-29,Standard,194.55
5299,Timothy Martin,fjohnson@example.com,Turks and Caicos Islands,2025-01-25,Premium,1075.76
5300,Sean Cole,rebeccahines@example.net,Azerbaijan,2022-03-15,Standard,133.99
5301,Daniel Delgado,gloriacarpenter@example.org,Marshall Islands,2022-09-22,Premium,1313.89
5302,Carly Clark,sandersjohn@example.org,Estonia,2023-01-03,Basic,162.81
5303,Jennifer Wright,ramirezdaniel@example.net,Chile,2023-09-14,Basic,65.34
5304,Patrick Nguyen,david93@example.org,Palestinian Territory,2024-07-21,Standard,726.81
5305,Carlos Barron,ellen16@example.net,Switzerland,2025-05-02,Basic,267.16
5306,John James,hernandezcheryl@example.com,Panama,2025-05-27,Standard,523.83
5307,Holly Carter,toddjoseph@example.com,Lao People's Democratic Republic,2025-12-12,Standard,112.91
5308,Matthew Ellis,riverajamie@example.com,Slovakia (Slovak Republic),2025-09-30,Premium,1620.85
5309,Travis Roth,randy45@example.com,Algeria,2023-01-31,Basic,106.81
5310,Stefanie Brennan,richardsanthony@example.com,Ghana,2025-05-18,Basic,72.97
5311,Casey Lopez,ewashington@example.org,Belarus,2025-09-07,Standard,537.78
5312,Ashley Bailey,erinwhite@example.net,Belarus,2023-08-22,Standard,558.96
5313,Charles Thomas,sandrawright@example.com,Barbados,2024-05-16,Standard,497.18
5314,Scott Levy,zmiller@example.com,Philippines,2024-01-14,Standard,626.85
5315,David Mcintyre,mary83@example.com,Jersey,2021-09-06,Basic,218.31
5316,Cindy Osborn,brandon33@example.com,Malawi,2022-09-14,Basic,208.92
5317,Ashley Whitaker,melissaperry@example.com,Hong Kong,2024-11-01,Basic,253.05
5318,Tony Olson,robert30@example.org,Australia,2022-07-18,Basic,199.31
5319,Zachary Smith,heatherhopkins@example.org,Fiji,2023-12-19,Standard,128.70
5320,Christopher Johnson,shaunmiller@example.org,Pitcairn Islands,2022-03-03,Basic,134.77
5321,Donna Holloway,ocarey@example.net,China,2024-10-07,Basic,247.16
5322,Virginia Warner,morgan54@example.org,Luxembourg,2025-09-24,Standard,158.71
5323,Beth Sanchez,shelbysimon@example.net,Croatia,2022-04-27,Basic,107.75
5324,Michael Thompson,caseychristina@example.com,New Zealand,2024-02-15,Basic,312.26
5325,Mary Mora,lawrencewilliam@example.org,Netherlands Antilles,2024-04-14,Standard,341.40
5326,Deborah Weber,phillipthompson@example.org,Ethiopia,2025-07-02,Basic,146.82
5327,Cameron Webb,derek73@example.org,Portugal,2025-02-17,Standard,507.40
5328,Cassie Huang,mcbridewendy@example.org,Cameroon,2023-03-19,Standard,244.39
5329,Jenna Grimes,kimberlylopez@example.com,El Salvador,2023-06-03,Standard,237.52
5330,Maurice Morgan,hendersonamy@example.org,Singapore,2026-05-30,Premium,1577.63
5331,Rachel Koch,jamescoleman@example.net,Albania,2026-05-12,Standard,264.98
5332,Samantha Morris,darlenesullivan@example.net,Gambia,2026-02-23,Standard,116.59
5333,William Davis,lewispeggy@example.net,Afghanistan,2023-11-18,Standard,684.32
5334,Kenneth Aguilar,medinateresa@example.com,Vanuatu,2023-06-09,Premium,1365.15
5335,Jason Robinson,wendy16@example.com,Turkmenistan,2025-04-20,Standard,529.97
5336,Shane Kelly,davidcandice@example.com,Myanmar,2023-10-30,Basic,200.54
5337,Clinton Gonzalez,tonya99@example.com,Poland,2022-02-18,Basic,282.82
5338,Jerry Smith,james42@example.com,New Caledonia,2022-02-17,Standard,595.69
5339,Jeffrey Wilson,rharrison@example.net,United Arab Emirates,2022-12-24,Basic,291.31
5340,Brett Lopez,david19@example.com,Congo,2026-06-25,Standard,722.52
5341,Nicholas Pham,rangeljonathan@example.org,Bosnia and Herzegovina,2023-11-18,Standard,565.83
5342,Matthew Garza,amber85@example.org,Madagascar,2025-04-16,Standard,316.73
5343,John Johnson,jared51@example.org,Ghana,2024-11-11,Basic,173.36
5344,Victoria Fletcher,camerongonzales@example.org,Netherlands,2024-12-24,Standard,405.13
5345,Amy Cooke,sarahgonzalez@example.com,Eritrea,2023-11-05,Standard,577.85
5346,Ian Green,johnfowler@example.net,Western Sahara,2026-02-10,Standard,190.12
5347,Brian Owen,hannahthomas@example.com,Uzbekistan,2024-04-23,Standard,351.57
5348,Maria Barrera,matthew80@example.org,Vanuatu,2024-03-04,Basic,156.77
5349,Joel Craig,rberry@example.org,Saudi Arabia,2024-06-07,Basic,380.28
5350,Valerie Simmons,mikecarter@example.net,Congo,2022-02-23,Standard,661.36
5351,David Barnes,gonzalezsamantha@example.com,Bouvet Island (Bouvetoya),2025-07-19,Standard,178.06
5352,Michael Allison,jordanruben@example.org,Ghana,2022-12-23,Basic,178.80
5353,Michael Webb,patrickmiller@example.com,Reunion,2022-11-29,Basic,354.41
5354,Larry Rocha,sylvia12@example.org,Korea,2025-07-24,Basic,177.32
5355,Linda Chase,chowell@example.org,Nepal,2023-09-29,Basic,93.78
5356,Dr. Denise Spencer,chloebrown@example.org,Oman,2023-07-01,Standard,368.21
5357,Timothy Chen,julia86@example.net,Eritrea,2024-01-26,Basic,365.93
5358,Stephen Stephenson,daniellecooper@example.org,Korea,2026-06-27,Standard,713.58
5359,Aaron Myers,hamiltonkenneth@example.org,Mauritius,2025-11-04,Standard,86.06
5360,Denise Perez,juan76@example.net,Norfolk Island,2021-11-24,Standard,257.85
5361,David Kelly,jensenphilip@example.com,Philippines,2025-04-08,Standard,410.69
5362,Gary Morris,jamesshepard@example.org,Niger,2024-09-17,Standard,635.10
5363,Jorge Shannon,christina19@example.com,Turkmenistan,2025-06-28,Basic,139.96
5364,Jose Hunt,qpadilla@example.net,Cameroon,2022-04-27,Standard,484.61
5365,Melissa Nelson,mschwartz@example.com,Iraq,2022-06-30,Standard,368.70
5366,Billy Burnett DVM,nwatson@example.net,Guam,2024-08-06,Basic,215.44
5367,William Jacobs,lindsay69@example.net,Nicaragua,2023-04-19,Standard,313.52
5368,Betty Baker,zyoung@example.org,New Caledonia,2024-06-25,Premium,1675.90
5369,Chris Cook,david93@example.net,Syrian Arab Republic,2025-06-16,Basic,258.81
5370,Daniel Collins,bakerrenee@example.com,El Salvador,2023-03-01,Premium,992.05
5371,Shelly Riley,jkirby@example.com,United States of America,2022-04-29,Standard,221.07
5372,Heather Green,andrew52@example.net,Paraguay,2025-01-26,Standard,720.88
5373,Julie Mcfarland,harrisjohn@example.com,Jersey,2023-07-07,Standard,303.54
5374,Robin Williams,qclarke@example.com,Montserrat,2025-09-03,Standard,492.47
5375,Billy Newman MD,wpadilla@example.org,Nigeria,2025-11-13,Standard,479.40
5376,Christopher Marsh,juanballard@example.org,Guyana,2025-03-31,Standard,305.24
5377,Michael Brown,palmeranna@example.org,Austria,2024-07-20,Standard,539.75
5378,Anita Graves,smithbrenda@example.com,Aruba,2021-12-06,Premium,1065.39
5379,Elizabeth Scott,kthompson@example.org,Russian Federation,2023-05-08,Standard,86.95
5380,Cameron Olson,heatherjohnson@example.net,United States Virgin Islands,2024-02-01,Standard,241.12
5381,Randy Edwards,justin63@example.org,Cote d'Ivoire,2025-09-24,Basic,287.78
5382,Steven Walters,nicole65@example.org,Montserrat,2026-03-17,Basic,364.92
5383,Earl Gonzalez,hansenkenneth@example.org,Armenia,2022-03-14,Standard,683.74
5384,Jennifer Wise,doris49@example.org,Cook Islands,2023-06-11,Standard,264.36
5385,Dana Cowan,sanfordfelicia@example.net,Turks and Caicos Islands,2024-09-27,Standard,610.83
5386,Dustin Mcdaniel,savannaherickson@example.org,Senegal,2025-02-17,Standard,683.75
5387,Jordan Payne,marilyngarcia@example.net,Cayman Islands,2022-01-27,Basic,321.37
5388,Alan Hamilton,ashleynixon@example.org,Marshall Islands,2026-04-04,Standard,690.18
5389,Mark Meyer,stanleymadison@example.net,Spain,2026-05-10,Basic,259.38
5390,Timothy Young,paigeosborn@example.net,Lesotho,2026-03-01,Basic,129.68
5391,Brenda Larsen,shannon53@example.com,Jamaica,2023-02-28,Standard,676.13
5392,Stephanie Obrien,michaelbrowning@example.com,Puerto Rico,2022-07-15,Standard,669.49
5393,Kevin Cunningham,zmartin@example.org,Panama,2022-05-25,Standard,175.14
5394,Deborah Dean,perezthomas@example.com,Nigeria,2021-12-27,Standard,432.23
5395,Lawrence Guzman,penachristy@example.com,Seychelles,2024-01-04,Standard,682.79
5396,Jamie Allen,joe10@example.com,Thailand,2025-03-15,Basic,302.02
5397,Daniel Stone,ucruz@example.org,Yemen,2025-06-02,Premium,788.58
5398,Amy Thompson,barbara68@example.net,Morocco,2025-02-18,Standard,594.71
5399,Justin Kelley,jocelyn01@example.org,Pitcairn Islands,2026-03-25,Basic,170.96
5400,Miss Stephanie Middleton,erika44@example.net,Thailand,2023-03-01,Basic,210.55
5401,April Nelson,daniel87@example.org,Comoros,2025-01-02,Standard,77.06
5402,Nathan Hayes,christina02@example.com,Slovakia (Slovak Republic),2022-11-13,Standard,493.94
5403,Linda Davies,audreyjohnson@example.org,Christmas Island,2021-08-23,Standard,603.99
5404,Nathaniel Hall,wanderson@example.org,Azerbaijan,2026-07-20,Basic,214.49
5405,Sierra Gibson,lisa75@example.com,Turks and Caicos Islands,2026-06-17,Standard,671.17
5406,Daniel Brown,snydercatherine@example.net,Samoa,2022-09-02,Standard,622.24
5407,Rebecca Moore,owensruben@example.net,Nigeria,2024-09-01,Standard,698.50
5408,Christopher Mitchell,coreyclark@example.com,Haiti,2024-07-01,Standard,274.54
5409,Kristina Fowler,suzanne56@example.org,Bahrain,2024-07-06,Premium,1568.52
5410,Timothy Nguyen,silvajessica@example.com,Tunisia,2023-02-05,Standard,415.29
5411,Kathleen Sellers,mpatterson@example.com,Senegal,2024-05-23,Standard,328.81
5412,Samantha Bailey,xmcconnell@example.net,Guinea,2024-04-30,Basic,346.97
5413,Whitney Kim,rachel57@example.com,Saint Kitts and Nevis,2021-08-20,Standard,212.86
5414,Jason Diaz,fostercarol@example.net,Isle of Man,2026-03-26,Standard,94.45
5415,Andrea Brooks,edwardsderrick@example.com,Isle of Man,2024-02-17,Standard,359.46
5416,Shane Coleman,fbernard@example.net,Guinea-Bissau,2021-11-04,Standard,598.66
5417,Amber Frank,arussell@example.net,Zambia,2024-10-02,Basic,200.81
5418,Michael Fuentes,williamjohnson@example.com,Bosnia and Herzegovina,2023-09-13,Standard,180.96
5419,Erin Trevino,anthonymendez@example.org,Grenada,2022-06-27,Standard,287.01
5420,Reginald Walker,thompsonlisa@example.net,Finland,2022-12-09,Basic,204.14
5421,Veronica Koch,rachaelgray@example.com,Zimbabwe,2025-03-17,Standard,484.42
5422,Elaine Marshall,umccoy@example.net,Bhutan,2022-04-09,Standard,470.87
5423,Erin Wood,martinshields@example.com,Montserrat,2024-08-28,Standard,86.45
5424,Melanie Bridges,hamiltonmichael@example.com,Uzbekistan,2025-06-03,Premium,689.30
5425,Michelle Thomas,upearson@example.org,Bulgaria,2026-07-28,Standard,170.68
5426,Amanda Kelley,wcontreras@example.net,Kuwait,2022-11-10,Basic,175.01
5427,Bobby English,ballen@example.org,Mongolia,2024-04-29,Premium,858.96
5428,Tanya Brown,campbellwanda@example.com,Netherlands,2025-05-16,Standard,195.15
5429,Ashley Pena,bryan59@example.com,Haiti,2025-06-30,Standard,588.36
5430,Thomas Gay,caroline42@example.org,Andorra,2025-03-12,Standard,293.71
5431,Michael Stein,walterjacob@example.net,Vanuatu,2026-05-12,Basic,54.18
5432,Kelly Whitaker,vthompson@example.org,Romania,2023-06-24,Standard,562.87
5433,Willie Martinez,berrystephen@example.com,Senegal,2023-12-11,Basic,218.80
5434,Russell Ramos,bsandoval@example.net,Iran,2022-01-28,Basic,90.37
5435,Laurie Rodriguez,lisa28@example.com,Solomon Islands,2025-12-04,Premium,432.33
5436,Ryan Edwards,brianna58@example.org,Libyan Arab Jamahiriya,2023-12-05,Basic,73.07
5437,Jason Harvey,oliviaperry@example.net,Bouvet Island (Bouvetoya),2025-09-19,Standard,316.03
5438,Michael Vance,grahamandrew@example.net,Oman,2022-07-03,Premium,716.13
5439,Alec Jackson,livingstonkathryn@example.com,Haiti,2026-07-30,Premium,805.88
5440,Janet Rodriguez,nicole85@example.net,Panama,2023-09-24,Premium,830.76
5441,Ian Delacruz,brittany13@example.net,Mauritius,2025-04-16,Basic,290.05
5442,Kendra Harrell,hoffmanchristopher@example.net,Portugal,2025-11-21,Standard,135.39
5443,Barbara Hall,qbishop@example.org,Cote d'Ivoire,2022-08-16,Standard,182.37
5444,Christopher Miller,dsmith@example.org,Cameroon,2024-01-23,Basic,352.72
5445,Mr. David Reese,nmalone@example.net,Armenia,2025-10-27,Standard,113.15
5446,Cheryl Meza,jillrivas@example.org,Cocos (Keeling) Islands,2026-01-04,Standard,91.35
5447,Joseph Hopkins,michellerodriguez@example.com,Malaysia,2025-06-30,Standard,545.67
5448,Annette Gilmore,thomas04@example.org,Paraguay,2025-12-19,Standard,103.47
5449,Leslie Smith PhD,williammartin@example.com,Serbia,2022-02-06,Basic,381.99
5450,Caleb Owen,melissaglover@example.org,Lithuania,2024-01-28,Basic,89.56
5451,David Walker,francojoanne@example.com,Montserrat,2022-06-19,Standard,336.58
5452,Margaret Jimenez,johnreed@example.org,Djibouti,2023-08-28,Standard,342.17
5453,Christopher Miller,melissa97@example.net,Italy,2024-05-18,Standard,270.51
5454,Mrs. Angela Cruz MD,butlerbradley@example.org,Western Sahara,2022-02-21,Premium,1300.72
5455,Adam Franco,ureynolds@example.net,North Macedonia,2023-04-21,Standard,120.87
5456,Jasmine Clayton,darrenhorton@example.net,Grenada,2021-10-31,Standard,99.30
5457,Ashley Nelson,sweaver@example.net,Greece,2021-09-30,Standard,406.74
5458,Justin Wilkinson,william99@example.com,Guinea-Bissau,2022-12-21,Standard,129.42
5459,Lauren Moss,donnagallagher@example.com,Liechtenstein,2022-11-13,Basic,223.29
5460,Wendy Shelton,acopeland@example.org,Montenegro,2022-11-24,Basic,182.99
5461,Dennis Cruz,salaskevin@example.com,Italy,2025-01-30,Standard,79.96
5462,Eric Jones,jocelyn25@example.org,Romania,2026-01-19,Standard,495.38
5463,Kimberly Robles,nicholas08@example.net,Denmark,2026-02-02,Standard,327.65
5464,William Alvarez,eric39@example.org,Czech Republic,2025-07-01,Standard,638.51
5465,Lisa Porter,alison93@example.com,Libyan Arab Jamahiriya,2024-01-12,Basic,132.26
5466,Dr. Whitney Rojas DVM,mary24@example.org,Chad,2026-08-04,Standard,681.10
5467,Virginia Smith,melissabyrd@example.com,Saudi Arabia,2022-02-06,Standard,514.06
5468,Chad Hall,cmcintyre@example.com,French Southern Territories,2026-03-08,Standard,375.74
5469,Haley Morrow,hahnbrett@example.com,Dominica,2022-06-02,Basic,281.86
5470,Tammy Hawkins,nhurley@example.org,Zimbabwe,2023-06-24,Basic,113.65
5471,Aaron Peterson,tammystevens@example.com,Pitcairn Islands,2026-04-05,Premium,785.24
5472,Rachel Montes,erikmiller@example.net,Fiji,2025-08-12,Premium,1644.61
5473,Jaclyn Garcia,hawkinsmichael@example.net,Mongolia,2025-02-21,Standard,587.84
5474,Valerie Barnett,barrlauren@example.net,Niger,2022-12-18,Basic,147.50
5475,Kathleen Oneal,justindeleon@example.org,Isle of Man,2022-11-21,Standard,219.68
5476,Thomas Mcgee,matthew43@example.org,Finland,2024-06-07,Standard,279.78
5477,Brett Larson,colleennelson@example.net,Peru,2026-05-01,Standard,512.29
5478,Charles Rowe,glennchloe@example.org,Pitcairn Islands,2025-04-25,Standard,675.89
5479,Courtney Bennett,denniswong@example.org,Palestinian Territory,2024-03-11,Basic,118.05
5480,Kathleen Yu,jonathan83@example.net,Saint Pierre and Miquelon,2021-10-02,Premium,194.47
5481,Dr. Bradley Stein,tyler89@example.com,Vietnam,2024-08-12,Basic,349.73
5482,Charles York,thomasmartin@example.com,French Guiana,2024-11-14,Standard,714.09
5483,Zachary Alexander,kellylisa@example.net,Cote d'Ivoire,2022-01-14,Standard,295.97
5484,Krystal Snyder,daniel65@example.org,Venezuela,2022-02-22,Basic,256.65
5485,Amy Hill,waltonsteven@example.com,Bahamas,2022-03-14,Standard,406.89
5486,Courtney Price,megan51@example.org,Antigua and Barbuda,2021-09-16,Standard,267.61
5487,Jason Medina,pcallahan@example.net,Slovakia (Slovak Republic),2026-04-09,Basic,348.65
5488,Marvin Dunn,ymata@example.org,Samoa,2025-01-29,Standard,491.05
5489,Theodore Shaw,dperez@example.org,Botswana,2022-06-25,Basic,346.97
5490,Kimberly Lee,toniwells@example.org,Greenland,2025-09-27,Standard,653.59
5491,Kyle Boyd,manningjamie@example.net,Benin,2021-11-16,Basic,374.86
5492,David Johnson,reyesshawn@example.com,Moldova,2025-03-24,Standard,332.46
5493,Gregory Shields,barbaranguyen@example.com,Guadeloupe,2026-05-20,Standard,182.65
5494,Megan Snyder,lisareynolds@example.org,French Southern Territories,2023-06-20,Premium,514.11
5495,Tiffany Brown,wmorgan@example.net,Uzbekistan,2025-11-17,Standard,360.64
5496,Roy Harris,vanessascott@example.com,Korea,2025-12-12,Basic,67.40
5497,Beth Ortiz,fprice@example.com,Norway,2023-10-25,Standard,90.12
5498,Robert Carney,sheila24@example.net,Saudi Arabia,2022-06-19,Basic,363.47
5499,Kyle Simmons,michaelmunoz@example.net,Austria,2023-06-28,Standard,252.34
5500,Bradley Wilkinson,melissa89@example.com,United States Minor Outlying Islands,2026-05-05,Basic,359.45
5501,Jeffrey Martinez,psingleton@example.net,Netherlands,2023-06-19,Basic,113.68
5502,Anne Harmon,joshua24@example.org,Bermuda,2023-05-08,Basic,307.93
5503,Debbie Pittman,ycarr@example.org,Romania,2024-03-27,Standard,95.50
5504,Alyssa Ballard,matthewhiggins@example.com,Uganda,2023-05-17,Basic,211.54
5505,Theresa Walker,malik87@example.com,Serbia,2024-09-04,Premium,310.60
5506,Patricia Dawson,dean42@example.net,Mozambique,2024-11-07,Standard,662.11
5507,Randy Turner,zmoreno@example.com,Greece,2023-08-19,Standard,451.28
5508,William Mercado,bryan78@example.net,Tunisia,2023-10-08,Standard,549.44
5509,Tammy Hines,danielsrichard@example.com,Mali,2024-12-26,Standard,568.72
5510,Linda Brooks,,Philippines,2026-02-21,Standard,118.98
5511,Drew Olson,stevenjackson@example.com,United Arab Emirates,2022-02-20,Standard,95.18
5512,Misty Chandler,miranda63@example.com,Barbados,2025-08-15,Standard,635.55
5513,Katelyn Chavez,james20@example.net,Saint Barthelemy,2022-11-03,Standard,731.71
5514,Michael Smith,larry64@example.org,Nigeria,2026-05-27,Standard,104.72
5515,Justin Booker,chad03@example.com,Lithuania,2023-04-03,Premium,1387.01
5516,Jasmine Norman,ericblair@example.net,Malta,2026-01-28,Standard,265.06
5517,Benjamin Davis,wallnicole@example.org,Zambia,2025-02-23,Standard,616.31
5518,Joe Rice,lbass@example.org,Micronesia,2023-12-10,Premium,603.34
5519,Cynthia Robinson,villegaslaurie@example.org,Kiribati,2023-05-04,Basic,124.53
5520,Eric House,williamstara@example.net,New Caledonia,2026-03-05,Standard,76.32
5521,Julie Williams,mitchelllowe@example.com,Hong Kong,2025-05-01,Standard,664.63
5522,Adam Davis,kristin70@example.org,Luxembourg,2021-12-03,Basic,196.72
5523,Aaron Hernandez,davidwilson@example.net,Indonesia,2024-05-30,Basic,215.87
5524,William Mendez,cody01@example.org,Senegal,2026-03-09,Standard,647.71
5525,Andrea Gray,kristinebarber@example.org,Albania,2025-07-12,Premium,748.35
5526,Jessica Holmes,ccameron@example.org,Finland,2024-09-06,Standard,382.97
5527,Rick Bentley,lperez@example.net,Canada,2025-05-01,Standard,185.63
5528,Keith Scott,rhondastark@example.com,Madagascar,2024-10-08,Standard,325.61
5529,Jeremy Rodriguez,ysmith@example.org,Suriname,2023-03-31,Standard,173.34
5530,Rachel Larson,mark24@example.net,Cayman Islands,2026-02-13,Basic,164.84
5531,Joseph Brandt,ruthbass@example.com,North Macedonia,2024-03-27,Standard,346.20
5532,John Reed,aaron24@example.org,El Salvador,2024-11-13,Standard,309.52
5533,Daniel Hanna,jeremykeller@example.net,Gibraltar,2023-01-19,Standard,624.60
5534,Tommy Anthony,ericmoore@example.com,Bermuda,2025-01-24,Basic,218.02
5535,Marcia Smith,osbornerobert@example.com,Switzerland,2025-04-10,Standard,318.22
5536,Diana Holmes,gregoryreese@example.net,Algeria,2024-02-09,Standard,481.45
5537,Antonio Morse,cheryl30@example.net,Mozambique,2026-03-09,Basic,159.81
5538,Sean Todd,ythompson@example.org,Norfolk Island,2022-05-25,Standard,389.92
5539,Lisa Hamilton,megan91@example.net,Armenia,2022-11-24,Basic,350.25
5540,Barbara Perry,michelle58@example.com,Saint Martin,2023-02-19,Standard,103.86
5541,John Love,sanchezlisa@example.net,Korea,2022-03-03,Standard,655.31
5542,Christopher Shaw,cynthiathompson@example.com,Sierra Leone,2022-09-08,Standard,479.18
5543,Paula Shaffer,usimmons@example.com,Saudi Arabia,2025-04-13,Standard,636.61
5544,Bethany Callahan,tina45@example.net,Falkland Islands (Malvinas),2024-11-07,Standard,614.15
5545,Nicholas Cortez,dawnatkinson@example.org,Hungary,2023-09-10,Premium,1460.61
5546,Stephanie Elliott,rachel38@example.net,China,2026-07-13,Standard,542.92
5547,William Torres,jennifer35@example.com,Israel,2024-03-09,Premium,834.89
5548,Casey Juarez,xcabrera@example.com,Paraguay,2023-06-16,Premium,964.68
5549,Madison Beck,maureenmendez@example.org,Bouvet Island (Bouvetoya),2022-08-15,Premium,338.51
5550,Julie Sanders,mcculloughemily@example.com,Algeria,2022-02-09,Premium,1646.85
5551,Brandon Schaefer,kaitlyn81@example.net,Hong Kong,2025-10-20,Standard,186.17
5552,Hayden Lynch,anawilson@example.net,Kyrgyz Republic,2025-12-28,Standard,554.08
5553,Gail Ray,bennettrachel@example.com,Turkmenistan,2024-10-19,Standard,153.92
5554,Stephen Wilkins,davidlang@example.org,Argentina,2024-11-21,Basic,326.89
5555,Sandra Brown,kenneth00@example.org,Kuwait,2024-01-20,Standard,341.60
5556,Adrian Brooks,jknight@example.com,Norway,2023-09-05,Standard,340.14
5557,Adam Chen,patrickgonzalez@example.org,Tunisia,2023-08-01,Standard,581.13
5558,Norman Neal,millerjohn@example.net,Bahamas,2023-11-28,Standard,741.87
5559,Kyle Hancock,rriddle@example.org,Ethiopia,2025-11-12,Standard,509.63
5560,Jessica Woodard,jessica14@example.org,Madagascar,2025-04-13,Standard,543.41
5561,Monica Wiggins,gutierrezkevin@example.net,Burkina Faso,2025-01-24,Basic,297.83
5562,Sandra Odonnell,kellyjustin@example.com,Eritrea,2022-11-04,Basic,388.94
5563,Eileen Wiley,laurafry@example.com,Spain,2025-09-24,Basic,218.27
5564,Felicia Lawson,jacobsalinas@example.com,Guatemala,2025-01-27,Basic,290.18
5565,Matthew Ramirez,smithdaniel@example.net,Nauru,2024-09-01,Standard,585.17
5566,Philip Copeland,zrose@example.com,Holy See (Vatican City State),2022-08-28,Standard,216.24
5567,Mariah Griffith,iwarner@example.com,Hungary,2026-04-13,Standard,717.30
5568,Jessica Thompson,joelmorgan@example.org,Vanuatu,2026-04-06,Standard,85.95
5569,Amanda Powers,destinyrojas@example.org,Nepal,2023-04-15,Standard,214.78
5570,Sharon Wood,shawnshort@example.net,San Marino,2022-09-14,Basic,284.97
5571,Ian Collins,hroman@example.org,Bhutan,2025-04-21,Premium,887.84
5572,Jeremy Martinez,elizabethdiaz@example.org,Isle of Man,2022-04-28,Premium,1663.18
5573,Justin Thompson,christopher69@example.com,Georgia,2022-09-18,Standard,82.13
5574,Joshua Jones DVM,mariosutton@example.net,Cuba,2023-05-10,Standard,306.64
5575,Kayla Silva,sloankrista@example.com,Mauritania,2026-02-05,Standard,280.06
5576,Carrie Hamilton,blewis@example.com,Congo,2024-12-24,Standard,695.70
5577,Caleb Miller,aarongreene@example.org,Venezuela,2024-05-11,Standard,475.50
5578,Mary Padilla,eric77@example.com,Bosnia and Herzegovina,2023-03-09,Standard,734.48
5579,Jeremiah Taylor,vcallahan@example.com,Argentina,2025-09-30,Standard,312.26
5580,Kevin Sutton,wendypayne@example.net,Indonesia,2024-03-15,Standard,394.68
5581,Denise Miller,lorraine33@example.org,Seychelles,2026-02-20,Basic,311.05
5582,James Walsh,larry02@example.com,San Marino,2025-10-30,Basic,192.17
5583,Andrew Moran,baldwinkaren@example.com,Egypt,2022-06-18,Standard,669.43
5584,Nancy Pierce,duanehopkins@example.com,Svalbard & Jan Mayen Islands,2023-05-20,Basic,286.55
5585,Michael Brown,pnavarro@example.net,Malaysia,2026-05-22,Basic,176.79
5586,Michael Dixon,stephanie43@example.org,Albania,2023-12-08,Basic,313.26
5587,George Lowe,erojas@example.com,British Virgin Islands,2024-11-08,Premium,572.15
5588,Jason Randall,mindy83@example.org,Iran,2022-11-01,Premium,561.49
5589,Stacey Walker,janicegonzalez@example.com,Korea,2025-04-15,Basic,267.27
5590,Jonathan James,chavezbrian@example.com,Angola,2023-11-23,Premium,773.27
5591,Jessica Williams MD,andrew52@example.com,Belgium,2026-05-11,Standard,482.44
5592,Luis Watson,derekhines@example.com,Luxembourg,2022-12-20,Standard,292.94
5593,Michael Brown,alexis43@example.net,Jordan,2024-03-19,Standard,550.23
5594,Christine Aguilar,awilliams@example.org,Micronesia,2024-11-29,Standard,489.26
5595,Steven Freeman,hchen@example.net,British Virgin Islands,2024-07-29,Premium,1252.02
5596,Lauren Davidson,angelicachase@example.net,Martinique,2024-01-02,Standard,530.79
5597,Anne Cook,abbottstephanie@example.com,Saint Pierre and Miquelon,2023-06-04,Premium,972.41
5598,Adam Dixon,rmarquez@example.com,San Marino,2022-03-28,Premium,460.44
5599,Eric Patton,williammeadows@example.com,Tunisia,2023-10-18,Standard,456.41
5600,Angela Vaughan,chrismiller@example.net,Seychelles,2025-08-19,Basic,232.84
5601,Laura Wilson,devin76@example.org,Slovenia,2025-08-15,Basic,131.15
5602,David Vasquez,bryan82@example.com,Jordan,2025-05-19,Premium,988.86
5603,Raymond Rodriguez,caitlynbryant@example.com,Bhutan,2025-06-13,Standard,379.92
5604,Michael Gutierrez,oneillvalerie@example.org,France,2022-03-21,Basic,54.33
5605,Allison Harris,esmith@example.com,Nauru,2023-09-10,Standard,363.04
5606,Kathy Nguyen,debbie46@example.net,Germany,2023-02-19,Standard,728.78
5607,Charles Robertson,william77@example.com,Swaziland,2021-10-24,Premium,934.38
5608,Amy Hammond,carl46@example.com,Austria,2024-05-04,Standard,336.43
5609,Erica Barnes,onorris@example.net,Liechtenstein,2025-07-23,Basic,275.39
5610,Stephen Miller,christopher53@example.net,Spain,2024-03-16,Standard,329.29
5611,Stephanie Bowman,michelle10@example.com,Heard Island and McDonald Islands,2025-06-30,Standard,225.81
5612,Brandy Cross,yfisher@example.com,Italy,2025-06-08,Basic,250.09
5613,Patricia Mcdowell,jasonbennett@example.net,Libyan Arab Jamahiriya,2023-11-19,Standard,556.83
5614,Brandon Huffman,james71@example.net,Sierra Leone,2025-06-04,Basic,381.29
5615,Victoria Brown,robinsonsally@example.com,Argentina,2024-09-21,Premium,433.98
5616,Omar Dixon,hfitzgerald@example.com,Congo,2025-01-19,Premium,1716.61
5617,Robin Herman,christophersmith@example.com,Indonesia,2023-01-08,Standard,90.98
5618,Ian Kirby,thomas87@example.net,United Kingdom,2024-10-28,Standard,611.18
5619,Joshua Travis,melissa79@example.net,Turkmenistan,2023-05-23,Standard,553.18
5620,Karen Garcia,ellissuzanne@example.com,Israel,2021-12-12,Basic,172.58
5621,Amy Bennett,laurenfowler@example.net,Spain,2023-05-21,Standard,357.57
5622,Scott Estes,stacygill@example.net,Maldives,2026-06-04,Premium,862.16
5623,Scott Weaver,dustin03@example.org,Western Sahara,2023-07-16,Basic,64.10
5624,Amy Perez,humphreyruth@example.com,Bhutan,2022-02-04,Premium,1557.51
5625,Amanda Ramos,gbrooks@example.org,Cuba,2023-04-20,Standard,395.37
5626,Diane Brooks,tbrown@example.net,Sao Tome and Principe,2024-06-17,Standard,239.18
5627,Andrea Johnson,kristin92@example.net,Nauru,2024-01-02,Basic,89.51
5628,Evan Boyd,zdaniels@example.org,Cambodia,2025-02-01,Premium,311.04
5629,Jennifer Bennett,dodsonshelby@example.org,Grenada,2023-02-11,Standard,207.65
5630,Paul Kaiser,vanessamartinez@example.net,Congo,2026-04-15,Standard,443.50
5631,Lori Sutton,angela99@example.net,Tonga,2023-06-05,Standard,397.57
5632,Andrea Berg,johnsonkatie@example.net,Uzbekistan,2021-10-28,Basic,276.25
5633,Richard Dillon,dalton70@example.org,Iraq,2025-03-12,Standard,153.20
5634,David Henry,jeffharris@example.net,Canada,2023-03-03,Premium,493.85
5635,Mark Martinez,zpitts@example.org,Tanzania,2021-12-26,Standard,578.98
5636,Dr. Larry Ho,jessica92@example.org,Antigua and Barbuda,2025-09-10,Standard,326.00
5637,Jon Adams DDS,ericksonpatricia@example.com,Seychelles,2023-04-19,Standard,83.21
5638,Timothy Sutton,oyoung@example.org,Falkland Islands (Malvinas),2025-01-18,Standard,254.47
5639,Molly Hill,nvelasquez@example.com,Qatar,2024-10-31,Standard,279.76
5640,Anna Sanders,timothyhill@example.com,Austria,2026-07-24,Basic,155.03
5641,Michael Winters,bmaxwell@example.org,Syrian Arab Republic,2025-06-19,Standard,399.26
5642,Jessica Watson,rford@example.com,British Virgin Islands,2022-07-03,Standard,523.22
5643,Laura Lee,vasquezjennifer@example.com,Afghanistan,2024-12-10,Standard,219.53
5644,Katherine Smith,georgegonzales@example.com,Singapore,2022-06-01,Standard,448.30
5645,George Ramos,stacy00@example.org,New Caledonia,2024-05-03,Standard,654.62
5646,Nicole Fisher,rodney59@example.com,Saint Pierre and Miquelon,2024-08-06,Premium,1225.65
5647,Savannah Perry,carolyn87@example.net,Faroe Islands,2024-08-16,Basic,92.34
5648,Christopher Clark,garretttran@example.com,Macao,2023-12-20,Basic,211.97
5649,Christine Richardson,yschmidt@example.com,Greece,2024-01-13,Basic,66.13
5650,Jasmine Nguyen,carpenterjorge@example.com,France,2022-08-21,Standard,498.19
5651,Ashley Anderson,michaelstevens@example.org,Eritrea,2021-12-28,Standard,497.30
5652,James Goodwin,jessica09@example.com,Taiwan,2026-02-22,Basic,338.07
5653,Patrick Newman,coreycarrillo@example.org,Palestinian Territory,2026-05-26,Standard,582.85
5654,Charles Sandoval,agonzales@example.org,Moldova,2022-05-17,Premium,679.77
5655,Kathryn Olson,browndrew@example.com,Malta,2025-06-23,Standard,205.01
5656,Megan Patterson,fullerdiana@example.org,Netherlands Antilles,2024-08-17,Basic,174.53
5657,John Sanchez,katelynsalazar@example.org,Ecuador,2024-02-21,Standard,639.55
5658,Kelsey Fuentes,andreahogan@example.net,Mozambique,2025-07-27,Standard,687.57
5659,Jose Moyer,angelacortez@example.net,Bosnia and Herzegovina,2026-03-03,Standard,715.84
5660,Christopher Thomas,benjamin99@example.org,Lesotho,2024-04-30,Standard,349.41
5661,Nicholas Ward Jr.,bennettzachary@example.net,Iraq,2021-10-06,Basic,268.72
5662,Daniel Roberts,brian67@example.org,Saint Helena,2022-05-20,Standard,426.85
5663,Jessica Nichols,colescott@example.net,Kenya,2025-08-24,Standard,125.66
5664,Jennifer Ramos,jacquelineolson@example.net,Bangladesh,2026-07-13,Standard,356.69
5665,Matthew Kim,ymason@example.net,Ukraine,2024-06-15,Standard,550.52
5666,Isaiah Holt,brad62@example.com,Burundi,2023-07-21,Basic,318.25
5667,David Hernandez,yjimenez@example.com,Botswana,2024-04-02,Premium,611.89
5668,Larry Mendez,fwebster@example.org,Cambodia,2024-07-07,Standard,513.86
5669,David Diaz,dwhite@example.com,Thailand,2022-08-19,Basic,162.93
5670,Karen Hernandez,hguerrero@example.com,Antigua and Barbuda,2021-09-01,Basic,257.91
5671,Timothy Mann,williamjoseph@example.com,Malta,2025-06-27,Basic,347.94
5672,Alyssa Howell,rhamilton@example.net,Montenegro,2022-06-02,Standard,404.26
5673,Debra Salinas,hannah51@example.com,Nicaragua,2021-10-03,Basic,342.22
5674,Julie Walker,obrooks@example.com,Zambia,2025-08-03,Standard,453.13
5675,James Carter,dgarcia@example.com,Luxembourg,2025-03-22,Standard,479.56
5676,Makayla Bryant,eugenewolfe@example.com,Trinidad and Tobago,2026-02-24,Basic,89.42
5677,Angela Branch,joeljohnson@example.org,Luxembourg,2021-09-01,Standard,541.71
5678,Jack Brown,zkirby@example.net,Latvia,2025-06-07,Basic,231.79
5679,Melissa Sanchez,princedaniel@example.com,Dominican Republic,2025-12-20,Standard,117.48
5680,Kristopher Smith,eblack@example.org,Senegal,2026-05-25,Standard,705.56
5681,Glenn Smith,powellmichele@example.net,Poland,2022-01-06,Basic,254.00
5682,Joseph Ho,michelleenglish@example.org,Tonga,2022-05-01,Standard,700.60
5683,Fernando Acevedo,ian22@example.org,Gabon,2025-04-30,Standard,236.60
5684,Lisa Ramirez,lopezlaurie@example.net,Morocco,2023-06-25,Standard,731.33
5685,Jeremy Elliott,jasonwilliams@example.net,Belgium,2023-03-13,Standard,301.12
5686,Laurie Williams,baileydonna@example.com,Netherlands Antilles,2023-06-17,Standard,263.00
5687,Ryan Short,robertrodriguez@example.org,Sri Lanka,2022-04-25,Standard,527.04
5688,Doris Bush,brownmaria@example.org,Poland,2023-06-29,Standard,488.81
5689,Crystal Moreno,hilldavid@example.com,Tuvalu,2026-08-11,Basic,328.81
5690,Lindsey Carpenter,ktaylor@example.org,Albania,2025-07-08,Standard,203.23
5691,Dustin Ward,shawbrandon@example.com,Tonga,2021-11-15,Standard,556.02
5692,Natasha Duncan,denisebrown@example.net,Saint Lucia,2024-05-06,Standard,213.01
5693,Kelsey Fisher,christina81@example.net,Faroe Islands,2022-12-22,Standard,426.08
5694,Shane Stephens,tgomez@example.com,Bangladesh,2024-09-21,Premium,1313.32
5695,Jonathan Richard,mcdanielnathan@example.net,Kuwait,2023-02-22,Standard,241.74
5696,George James,anthonyhartman@example.net,Australia,2025-10-13,Standard,502.57
5697,Adam Wong,trevinodillon@example.net,Slovakia (Slovak Republic),2025-03-29,Standard,673.91
5698,Amy Foster,michele60@example.com,Antarctica (the territory South of 60 deg S),2026-07-15,Basic,175.00
5699,Sandra Phelps,heather65@example.com,Mauritania,2026-01-26,Standard,559.00
5700,Robert Berry,brandymcintosh@example.com,Libyan Arab Jamahiriya,2022-12-11,Basic,205.27
5701,Shawn Bridges,bushmark@example.org,Belize,2025-01-30,Standard,246.94
5702,Lacey Reilly,bmorton@example.net,British Virgin Islands,2021-09-30,Premium,370.98
5703,Terry Nelson,blankenshipkayla@example.com,Colombia,2022-11-13,Standard,446.71
5704,Carol Garcia,andersondeborah@example.net,Burkina Faso,2022-10-14,Standard,119.92
5705,Willie Frederick,pattonstacy@example.org,Albania,2024-09-03,Basic,131.73
5706,Mrs. Yesenia Wood,johnferguson@example.org,Cote d'Ivoire,2023-02-26,Standard,705.96
5707,Craig Macias,jbaker@example.com,Israel,2023-03-19,Standard,629.28
5708,Susan Long,adkinssusan@example.net,Armenia,2021-10-08,Standard,358.83
5709,Susan Johnston,samantha38@example.org,Greece,2023-12-17,Standard,737.56
5710,Steven Durham,joseph85@example.com,Mauritius,2022-02-22,Standard,405.45
5711,Tonya Gibson,christine14@example.net,Mali,2025-12-20,Premium,863.55
5712,Michael Cameron,friedmanjoseph@example.com,Bermuda,2026-01-21,Standard,169.32
5713,Glenda Rodriguez,johnsonmikayla@example.com,Uruguay,2023-06-07,Premium,1372.20
5714,Susan Myers,kelly55@example.org,Singapore,2025-12-25,Basic,54.77
5715,Colleen Velazquez,xcoleman@example.net,Niger,2026-01-23,Premium,344.25
5716,Amber Bates,juan23@example.net,Bosnia and Herzegovina,2025-10-15,Standard,161.01
5717,James Compton,christina18@example.net,India,2022-02-04,Premium,1345.26
5718,Christopher Black,vrobinson@example.net,Wallis and Futuna,2021-11-29,Standard,101.96
5719,Daniel Miller,christopher31@example.net,Congo,2023-05-05,Standard,115.42
5720,Brian Wallace,martinwilliam@example.com,Comoros,2023-02-05,Premium,1713.52
5721,Ronald Kramer,ljackson@example.org,Sierra Leone,2024-09-18,Basic,142.31
5722,Ashley Gallagher,bishopteresa@example.com,Moldova,2022-06-01,Standard,223.80
5723,Joseph Peterson,doris13@example.net,Romania,2025-05-15,Standard,582.42
5724,Melanie Torres,rparker@example.org,Tonga,2023-11-15,Basic,167.28
5725,Brittany Fuller,reesemichael@example.com,Kazakhstan,2024-01-15,Standard,90.49
5726,Sarah Cruz,joycebaker@example.com,British Virgin Islands,2022-01-16,Standard,589.59
5727,Eugene Cook,richardsstacy@example.org,French Guiana,2022-02-18,Standard,727.32
5728,Kayla Reynolds,amy01@example.com,Tanzania,2025-06-24,Standard,440.66
5729,Amber Collier,hking@example.com,Gambia,2023-03-29,Premium,427.62
5730,Mrs. Toni Cameron MD,patrick14@example.com,Wallis and Futuna,2024-12-23,Standard,489.54
5731,Tony Chaney,nicole33@example.com,Jamaica,2026-02-03,Basic,331.44
5732,Adrienne Harvey,josephsoto@example.net,Bangladesh,2021-09-09,Premium,562.75
5733,Brian Brooks,sandovalkerry@example.com,Bosnia and Herzegovina,2023-03-04,Standard,238.37
5734,Douglas Vincent,mark38@example.com,Togo,2022-09-04,Standard,677.02
5735,Tina Owens,esimmons@example.net,Australia,2024-04-15,Basic,140.61
5736,Joseph Dyer,tcarey@example.net,Burundi,2025-11-25,Premium,1232.08
5737,Veronica Pearson,morrowcassandra@example.com,Vanuatu,2021-09-12,Standard,656.10
5738,Timothy Hill,aaron00@example.com,Paraguay,2021-08-16,Basic,200.62
5739,Nathaniel Craig,huntmary@example.com,Djibouti,2022-09-01,Standard,646.92
5740,Johnny Holloway,jennifertaylor@example.com,Cocos (Keeling) Islands,2022-06-11,Standard,374.79
5741,Courtney Simmons,brian32@example.net,Hungary,2026-01-25,Standard,674.48
5742,Anthony Marshall,,Tokelau,2022-08-29,Basic,310.25
5743,Julie Lee,megan13@example.net,Palestinian Territory,2023-05-07,Premium,1379.96
5744,Jessica Thomas,schultzmadison@example.net,Anguilla,2024-08-30,Standard,529.49
5745,Judy Mcdonald,hayneschristopher@example.net,Qatar,2022-10-28,Standard,665.72
5746,Jasmine Davis,franklinmelissa@example.net,Cook Islands,2023-10-14,Standard,88.98
5747,Mitchell Mcpherson,helenglass@example.org,Japan,2021-10-25,Standard,336.83
5748,Joshua Brewer,garymeyer@example.org,Guyana,2025-11-13,Standard,213.69
5749,Lisa Medina,sandra45@example.net,Mongolia,2022-06-13,Premium,296.84
5750,Martin Ramirez,mmorris@example.com,Nigeria,2023-11-03,Basic,285.98
5751,Jacob Garcia,wanda38@example.org,Japan,2024-01-25,Standard,347.70
5752,Raymond Brown,mosschristian@example.org,Niue,2021-12-20,Standard,313.45
5753,Philip Graves,nkelly@example.net,Singapore,2025-01-05,Standard,557.58
5754,Benjamin Mitchell,makaylarogers@example.net,Singapore,2025-05-27,Basic,176.60
5755,Jordan Elliott,christineblackwell@example.org,Monaco,2025-01-29,Basic,385.84
5756,Jacob Mitchell,hansonjames@example.com,Portugal,2022-11-09,Standard,455.23
5757,Carrie Brown,henryerin@example.com,Somalia,2023-07-06,Standard,118.67
5758,Alisha Hartman,teresascott@example.org,Guinea-Bissau,2023-12-29,Basic,47.88
5759,Steven Smith,beckchase@example.org,Svalbard & Jan Mayen Islands,2021-09-18,Standard,317.68
5760,Brian Taylor,susan12@example.org,Tokelau,2025-09-05,Premium,862.16
5761,Courtney Lee,rhonda14@example.org,Vietnam,2022-06-08,Standard,361.29
5762,Lori Gutierrez,danielbaker@example.org,United States of America,2023-12-27,Standard,310.06
5763,Andrew Morris,cfreeman@example.com,Mexico,2024-02-11,Standard,690.33
5764,Ronald Miller,fowlerkathleen@example.org,Cote d'Ivoire,2022-07-04,Standard,181.72
5765,Charlotte Escobar,wlee@example.com,Israel,2024-08-31,Standard,470.21
5766,Corey Hughes,christopherwalter@example.com,Kenya,2022-01-10,Standard,433.38
5767,Christopher Warner,gomezmatthew@example.org,Korea,2026-06-13,Standard,99.50
5768,Monica Kim,crystalsmith@example.org,Turkey,2022-09-09,Standard,107.39
5769,Alex Lowe,alexissalazar@example.net,Martinique,2023-10-13,Standard,552.30
5770,Angela Ramsey,olsonann@example.com,Wallis and Futuna,2024-06-16,Standard,490.43
5771,Kenneth Knight,lutzwhitney@example.org,Tuvalu,2026-02-01,Standard,244.01
5772,Kristina Meyers,hnelson@example.org,Dominica,2026-06-06,Standard,247.22
5773,Michael Smith,keithcox@example.org,Lithuania,2025-11-08,Premium,398.07
5774,Philip Escobar,nclark@example.org,Chad,2026-01-04,Standard,662.93
5775,Jonathan Briggs,bortiz@example.net,Jersey,2025-08-29,Standard,351.39
5776,Jackie Ryan,jason16@example.org,United States Minor Outlying Islands,2021-12-12,Standard,120.08
5777,Melissa Gomez,torreschristina@example.com,Costa Rica,2025-07-19,Basic,263.54
5778,Morgan Cohen,kaitlyn10@example.com,Guinea,2023-10-22,Standard,603.59
5779,Andrew Harris,murillokendra@example.com,Greenland,2024-06-24,Basic,352.05
5780,Thomas Gardner,amy97@example.net,Comoros,2026-07-23,Basic,143.77
5781,Elizabeth Scott,jacobgreen@example.com,Seychelles,2023-04-13,Standard,360.70
5782,Caroline Mann,iwilliams@example.net,Senegal,2021-08-20,Standard,86.60
5783,Kayla Arnold,brandon99@example.net,Brazil,2023-03-14,Basic,256.95
5784,Elizabeth Garcia,howardbrian@example.com,American Samoa,2024-12-09,Premium,1392.22
5785,Megan Mendoza,jennifer96@example.org,Slovenia,2023-09-08,Standard,603.62
5786,Clayton Lara,shannon54@example.net,Cyprus,2025-02-09,Standard,600.87
5787,Cassandra Peterson,ssmith@example.org,El Salvador,2021-09-28,Standard,324.03
5788,Jody Zimmerman,devon39@example.net,Reunion,2025-09-22,Standard,435.22
5789,Jennifer Curtis,shannonli@example.com,Macao,2025-11-23,Standard,606.16
5790,Brent Holland,martinkristopher@example.com,Iceland,2022-03-24,Standard,190.96
5791,Christopher Wang,jacobstracy@example.org,Algeria,2024-08-26,Standard,623.98
5792,Laurie Smith,wcraig@example.org,Switzerland,2025-10-07,Standard,679.02
5793,Billy Harrison,joegonzales@example.org,Paraguay,2025-11-03,Standard,187.73
5794,Cynthia George,schmidtbrett@example.net,Dominica,2023-12-14,Standard,646.41
5795,Gregory Murray,james17@example.org,Argentina,2025-01-13,Standard,486.05
5796,David Johnson,saralopez@example.com,Morocco,2026-03-06,Standard,603.63
5797,Jeremy King,leerebecca@example.org,Uzbekistan,2022-02-11,Standard,382.09
5798,Jason Perez,valerie42@example.org,Isle of Man,2024-11-22,Basic,296.83
5799,Jacob Ware,watkinsmartha@example.org,Costa Rica,2024-10-27,Standard,484.06
5800,Emily Carroll,charlesnicholson@example.net,Guam,2022-08-05,Premium,1723.00
5801,Jamie Crawford,richardbarnes@example.net,Congo,2023-04-04,Premium,627.34
5802,Elizabeth Jackson,jasonkeith@example.net,Cuba,2025-10-07,Standard,405.72
5803,Erica Lopez,kfarmer@example.org,Rwanda,2022-11-22,Basic,238.11
5804,Heather Kim,andrea35@example.org,British Indian Ocean Territory (Chagos Archipelago),2024-12-16,Basic,359.97
5805,William Hughes Jr.,jroberts@example.org,Vanuatu,2025-01-27,Standard,511.96
5806,Margaret Morris,moorejose@example.com,Macao,2022-08-20,Standard,605.81
5807,Jodi Cook,rossdonald@example.net,Angola,2026-05-29,Standard,640.40
5808,Laura King,lowedavid@example.net,Niue,2023-08-07,Standard,244.72
5809,Jennifer Evans,ucantu@example.org,Colombia,2026-03-03,Basic,100.08
5810,Travis Sutton,james76@example.net,Oman,2026-05-03,Basic,85.45
5811,Dr. John Torres,lsoto@example.com,Nepal,2024-03-07,Premium,290.63
5812,Abigail French,jamieanderson@example.net,Singapore,2024-06-01,Basic,343.10
5813,Michelle Avery,gallegosaaron@example.net,Zambia,2023-09-12,Premium,1599.06
5814,Barbara Knight,phillipscarrie@example.net,Bhutan,2025-11-24,Standard,277.17
5815,Eric Stevens,atapia@example.net,Armenia,2025-08-05,Premium,942.37
5816,Lauren Nguyen,raymondfuentes@example.net,Turkmenistan,2022-07-14,Basic,117.61
5817,Jonathan Knight,,Sao Tome and Principe,2021-08-31,Basic,310.13
5818,Janet Chambers,christina93@example.org,Saint Martin,2023-04-20,Standard,473.54
5819,Kelsey Williams,laura06@example.net,American Samoa,2022-07-27,Basic,90.34
5820,Sherry Walker,udoyle@example.net,Barbados,2022-01-02,Basic,182.69
5821,John Johnson,rebeccamarks@example.net,Suriname,2026-05-31,Premium,1593.29
5822,Sandra Park,bensondonald@example.net,Cape Verde,2026-07-10,Basic,131.05
5823,Christian Gonzalez,johnfitzgerald@example.org,Cyprus,2022-09-25,Standard,556.20
5824,Megan Jones,bernardcourtney@example.net,Myanmar,2024-02-06,Standard,213.17
5825,Tamara Sanchez,cguzman@example.net,Lao People's Democratic Republic,2023-07-25,Premium,1686.40
5826,Joseph Moore,ian96@example.com,Greenland,2022-02-18,Standard,173.24
5827,David Hicks,stephen30@example.com,Cape Verde,2025-09-18,Standard,143.37
5828,Austin Lowe,lisa91@example.net,Madagascar,2025-02-16,Standard,311.62
5829,Christopher Lawrence,brownalejandro@example.org,Maldives,2022-12-21,Basic,359.34
5830,Colleen Wilson,rachel98@example.org,Saudi Arabia,2026-07-25,Basic,68.12
5831,Mackenzie Garza,patriciasmith@example.com,Afghanistan,2026-08-10,Standard,629.24
5832,Diana Chung,parrishjustin@example.org,Kazakhstan,2022-02-04,Standard,102.35
5833,Carol Hansen,thomasabigail@example.net,Estonia,2025-06-04,Basic,344.98
5834,Richard Miller,rvargas@example.com,Sudan,2022-07-04,Premium,697.04
5835,Kelly Fox,tina16@example.org,Bulgaria,2022-10-25,Standard,417.03
5836,John Werner,timothy41@example.org,Ecuador,2023-12-29,Premium,334.55
5837,Casey Farrell,carolyn15@example.org,Guyana,2026-04-09,Basic,242.17
5838,Christine Bell,fyoung@example.net,Barbados,2026-07-31,Premium,977.47
5839,Douglas Frank,mrodriguez@example.org,Poland,2026-03-02,Standard,325.60
5840,Steven Parsons,marilynbanks@example.com,Mali,2025-06-23,Standard,300.48
5841,Megan Peterson,combsandrea@example.net,Belgium,2026-03-11,Standard,309.17
5842,Amy Mitchell,andersonkatie@example.com,Egypt,2026-01-24,Standard,323.38
5843,Leslie Sanders,williamsmith@example.com,Australia,2024-04-20,Basic,250.82
5844,Melissa Rogers,lisaross@example.com,Indonesia,2021-11-09,Basic,313.06
5845,James Aguilar,orice@example.net,Moldova,2022-12-26,Standard,421.93
5846,Raymond Tyler,gardnermelissa@example.org,Tanzania,2026-05-21,Standard,444.89
5847,Jonathan Villanueva,baileychristopher@example.net,Svalbard & Jan Mayen Islands,2025-06-05,Basic,222.14
5848,Kara Esparza,lopezzachary@example.org,Cuba,2022-03-07,Basic,95.20
5849,Edward Dixon,crystal14@example.net,Djibouti,2021-09-19,Basic,158.85
5850,Ellen Bradley,dwayne59@example.com,Cyprus,2023-02-11,Basic,303.32
5851,Nicole Hodges,garzarobert@example.net,Saint Lucia,2024-08-28,Standard,172.17
5852,Ian Brown,montgomerychristopher@example.org,Congo,2024-10-05,Basic,110.68
5853,Jeremy Price,ajones@example.com,Reunion,2026-04-06,Standard,261.14
5854,Nathaniel Hawkins,melissa48@example.net,United States Minor Outlying Islands,2022-04-16,Standard,104.71
5855,Amanda Greene,tmartinez@example.net,Uruguay,2025-10-12,Premium,384.38
5856,Brian Price,omunoz@example.com,Equatorial Guinea,2026-02-05,Standard,205.72
5857,Jacob Thomas,vernon72@example.org,Somalia,2022-09-22,Basic,357.94
5858,Sarah Santos,thernandez@example.net,Belarus,2023-08-27,Standard,458.53
5859,Tracy Silva,stephanie72@example.org,Bangladesh,2026-01-31,Basic,115.82
5860,Jeffrey Hale,hhenderson@example.com,Ecuador,2025-09-14,Basic,98.82
5861,Michael Leon,meganpalmer@example.com,Saint Lucia,2025-03-18,Premium,1320.40
5862,Amber Brock,xwilliams@example.net,Korea,2022-01-20,Basic,118.87
5863,Caitlin Butler,yali@example.net,Fiji,2022-02-12,Basic,99.62
5864,James Barnes,rogerskendra@example.org,Belize,2025-09-22,Standard,152.11
5865,Timothy Smith,schwartzconnie@example.net,Congo,2025-06-10,Standard,622.89
5866,Katherine Lawrence,lindahenson@example.org,Guyana,2025-03-22,Standard,566.35
5867,Gregory Fisher,anthony33@example.com,Tunisia,2025-09-26,Standard,391.53
5868,Kayla Scott,pittmanrobert@example.net,Jersey,2024-12-22,Basic,247.74
5869,Madison Yang,karenfuentes@example.org,Fiji,2026-05-20,Standard,683.39
5870,Larry Ortega,nfernandez@example.org,Sweden,2025-12-14,Basic,267.35
5871,April Joseph,rachelstephens@example.org,Algeria,2024-06-09,Standard,180.03
5872,Anthony Burns,tcooper@example.net,Uruguay,2026-01-30,Standard,558.68
5873,Sandra Rodriguez,bobby56@example.com,Saint Pierre and Miquelon,2021-08-12,Standard,263.30
5874,Joanna Freeman,bishopcheryl@example.org,Pitcairn Islands,2026-03-14,Standard,680.20
5875,Kristy Nelson,randalltrevino@example.net,Serbia,2024-06-28,Standard,90.00
5876,Phillip Tate,hibarra@example.net,Comoros,2023-07-07,Standard,296.50
5877,Theodore Perry,ygraves@example.com,Paraguay,2026-06-13,Standard,411.74
5878,Joy Fletcher,jacob69@example.net,French Southern Territories,2026-04-13,Basic,185.70
5879,Melissa Dean,powersjoseph@example.net,Burundi,2022-11-26,Basic,148.12
5880,Rebecca Goodwin,vmorgan@example.org,Gibraltar,2023-10-06,Basic,78.34
5881,Ryan Ferguson,lramos@example.net,Heard Island and McDonald Islands,2025-12-07,Premium,527.21
5882,Stephen Rodriguez,aliciabrown@example.com,Taiwan,2025-03-10,Basic,357.07
5883,Christopher Garcia,mary84@example.org,Micronesia,2026-07-16,Standard,685.99
5884,Kimberly Duran,wallslance@example.com,Iceland,2022-07-01,Basic,291.06
5885,Jeffrey Luna,mary23@example.com,Panama,2022-06-04,Standard,353.54
5886,Crystal Mason,allenlucas@example.com,Georgia,2023-08-06,Standard,457.44
5887,Regina Wright,marybray@example.org,Tonga,2026-03-11,Standard,238.68
5888,Tyler Hughes,dgarcia@example.net,Papua New Guinea,2022-07-21,Standard,715.23
5889,Kaitlyn Frederick,nealjennifer@example.net,Norway,2026-04-02,Standard,598.10
5890,Rebecca Weiss,randy61@example.com,Andorra,2024-08-06,Basic,60.49
5891,Brandon Williams,richard25@example.com,Puerto Rico,2023-08-08,Standard,366.71
5892,William Barber,thomasanthony@example.com,Senegal,2026-03-11,Standard,735.39
5893,Michele Brooks,brockkathy@example.com,Falkland Islands (Malvinas),2021-12-24,Standard,325.01
5894,Ryan Mack,blakesolomon@example.net,Kiribati,2026-02-03,Standard,403.40
5895,Jeffrey Pham DVM,andrewwilson@example.com,Mauritius,2024-06-15,Basic,374.02
5896,Kristina Elliott,floresstephen@example.org,Samoa,2022-09-30,Standard,219.47
5897,James Figueroa,qlopez@example.org,Cape Verde,2026-01-25,Standard,233.70
5898,William Lee,jeremyowens@example.com,United States Virgin Islands,2023-06-11,Standard,618.06
5899,Logan Nelson MD,james24@example.org,Serbia,2023-01-30,Standard,478.64
5900,Jason Rowland,clayscott@example.com,Trinidad and Tobago,2024-10-12,Standard,650.91
5901,Ricky Moreno,zdunn@example.com,Haiti,2022-01-19,Premium,304.64
5902,Cassie Taylor,josephmedina@example.org,Tanzania,2024-11-16,Basic,94.02
5903,Tiffany Davis,drew87@example.org,Greece,2022-02-25,Standard,680.19
5904,Karen Long,victoria14@example.com,Monaco,2026-02-15,Basic,325.69
5905,Jessica Wallace,lstrickland@example.com,Palestinian Territory,2025-03-21,Standard,177.52
5906,Yolanda Lee,lphelps@example.com,Libyan Arab Jamahiriya,2025-12-25,Premium,917.15
5907,Tracy Golden,tkim@example.com,Saint Lucia,2026-03-18,Premium,633.99
5908,Erin Warner,thomas46@example.org,Cambodia,2025-09-23,Basic,284.35
5909,Dennis Russell,schmidtrichard@example.com,Sierra Leone,2022-03-06,Basic,291.99
5910,Casey Carter,rhodesjesus@example.net,Brunei Darussalam,2024-10-03,Standard,134.08
5911,Sarah Hanson,bguerrero@example.com,Solomon Islands,2022-02-25,Standard,284.09
5912,Jessica Ortiz,logancurtis@example.org,South Georgia and the South Sandwich Islands,2025-06-11,Premium,1744.20
5913,David Perry,rodriguezphyllis@example.net,Grenada,2023-06-18,Premium,237.23
5914,Catherine Parker,josecruz@example.com,Grenada,2022-05-20,Premium,1628.02
5915,Nancy Ward,yhoffman@example.org,Uruguay,2023-03-14,Basic,362.94
5916,David Smith,erikstephenson@example.net,British Virgin Islands,2022-01-09,Basic,216.53
5917,Kathryn Brown,franciscaroline@example.org,Antigua and Barbuda,2025-03-19,Standard,271.71
5918,Dawn Beltran,lisa55@example.com,Poland,2024-01-16,Basic,65.81
5919,Matthew Hernandez,jeremyobrien@example.org,Brunei Darussalam,2026-08-02,Standard,168.57
5920,Andrea Conner,robertcarpenter@example.net,Estonia,2024-09-24,Standard,650.37
5921,Kevin Davidson,peter87@example.org,Burundi,2024-07-02,Standard,598.85
5922,Stephanie Dixon,ronald71@example.net,Comoros,2023-12-11,Standard,410.08
5923,Deanna Evans,michael89@example.net,Antarctica (the territory South of 60 deg S),2024-08-15,Standard,266.50
5924,Timothy Johnson,tanner30@example.com,Cameroon,2026-03-23,Standard,303.59
5925,Jared Mercer,rthompson@example.com,Senegal,2023-02-12,Standard,394.05
5926,Tracy Miller,laura09@example.org,Kuwait,2023-02-21,Standard,717.40
5927,Keith Williams,jenningsdouglas@example.org,Cocos (Keeling) Islands,2026-05-27,Standard,516.11
5928,Matthew Huerta,christian68@example.com,Antigua and Barbuda,2023-03-28,Basic,190.47
5929,Michelle Caldwell,wendyfreeman@example.org,Seychelles,2024-04-19,Basic,325.93
5930,Kathleen Watson,potterjamie@example.org,Saint Kitts and Nevis,2023-10-08,Basic,279.85
5931,Dustin Brennan,john67@example.com,Turkmenistan,2024-04-09,Standard,386.37
5932,Zachary Robinson,montoyaveronica@example.org,Cuba,2026-07-15,Basic,53.25
5933,Mary Gomez,john67@example.org,Azerbaijan,2025-05-07,Premium,1553.35
5934,Kimberly Jones,rmcclure@example.com,Netherlands,2026-05-31,Premium,1747.21
5935,Charles Nelson,buckerin@example.org,Canada,2023-05-23,Premium,1313.36
5936,Dr. Kathryn Stone,hannahsmith@example.net,British Indian Ocean Territory (Chagos Archipelago),2022-12-13,Standard,299.59
5937,Reginald Rivera,alvaradoshannon@example.org,Kuwait,2024-02-08,Standard,236.50
5938,Megan Kaufman,meaganevans@example.net,Svalbard & Jan Mayen Islands,2023-05-01,Standard,351.67
5939,Tiffany Nguyen,ojones@example.org,Holy See (Vatican City State),2025-08-27,Basic,280.58
5940,Jennifer Fox,rclark@example.org,Bulgaria,2023-02-08,Standard,567.33
5941,Edward Guzman,kmercado@example.com,Japan,2024-04-03,Standard,553.65
5942,Daniel Garcia,mcbridealexis@example.com,Moldova,2025-01-04,Basic,276.23
5943,Karen Gray,heatherwells@example.org,Taiwan,2022-07-20,Standard,338.79
5944,Lisa Price,danielsmith@example.org,Mexico,2025-07-09,Standard,108.02
5945,Tanya Black,burnsryan@example.com,Vietnam,2025-04-20,Basic,329.31
5946,Marcia Carroll,pwilliams@example.net,Sweden,2023-03-06,Standard,623.45
5947,April Gross,hartrichard@example.net,Svalbard & Jan Mayen Islands,2022-12-12,Standard,727.42
5948,Whitney Allen,lthomas@example.com,Solomon Islands,2021-09-29,Basic,350.53
5949,Billy Martinez,csmith@example.org,Armenia,2024-04-20,Standard,625.65
5950,Carl Brown,davidjackson@example.net,Namibia,2022-10-15,Basic,294.66
5951,Janet Miranda,carterpatrick@example.com,Brazil,2025-10-16,Standard,721.69
5952,Brandon Harrison,josephowens@example.com,Ukraine,2024-06-09,Basic,352.53
5953,Patricia Conway,ashleygibbs@example.com,Gibraltar,2021-11-26,Standard,661.69
5954,Joseph Luna,steven60@example.org,Lao People's Democratic Republic,2026-05-10,Standard,244.16
5955,Jeff Allen,brian45@example.org,India,2025-09-22,Premium,1553.95
5956,Beth Ford,fitzpatrickheather@example.com,Cape Verde,2025-11-01,Standard,103.37
5957,Brandon Waller,qfranklin@example.net,Samoa,2023-03-08,Premium,982.64
5958,Jane Perry,osanders@example.net,Saint Martin,2025-03-04,Standard,262.56
5959,Scott Wilson,jennifertorres@example.org,Albania,2026-04-15,Standard,196.85
5960,Sara Rodriguez,cbaker@example.net,Faroe Islands,2024-01-22,Premium,189.53
5961,Peter Allen,monicaclark@example.org,Ethiopia,2023-04-06,Standard,306.50
5962,Donald Ruiz,iwood@example.com,Suriname,2023-10-19,Standard,302.60
5963,Matthew Johnson,carmen18@example.com,Central African Republic,2024-10-31,Premium,1390.22
5964,Lee Allen,colleenharris@example.com,Malawi,2024-12-08,Basic,112.62
5965,Anthony Foster,ostuart@example.org,Ghana,2026-06-19,Premium,1246.56
5966,Gregory Fox,gordonmitchell@example.com,Kuwait,2023-04-04,Basic,307.86
5967,Christy Hicks,jillarnold@example.org,Liechtenstein,2021-11-19,Standard,338.72
5968,Diana Scott,allen38@example.org,Ecuador,2024-02-23,Standard,473.58
5969,Susan Evans,dunnkyle@example.net,Czech Republic,2022-06-01,Basic,110.80
5970,Douglas Morris,jonesmichelle@example.com,Egypt,2022-10-03,Basic,303.26
5971,Mary Jones,zward@example.org,Guatemala,2023-02-01,Premium,1693.52
5972,Krystal Miller,flane@example.net,Argentina,2024-04-13,Standard,270.88
5973,Carmen Wong,xedwards@example.net,Netherlands Antilles,2024-08-22,Basic,204.32
5974,April Neal,darrell69@example.com,Algeria,2024-08-31,Standard,87.09
5975,Jamie Randall,wilkinsmichele@example.org,Mexico,2024-07-01,Standard,726.43
5976,Michelle Benitez,wayne43@example.com,Monaco,2025-08-28,Premium,1481.55
5977,Johnny Walker,hannahgonzalez@example.com,Mozambique,2025-12-09,Standard,387.89
5978,Kathryn Vargas,blackrichard@example.net,Lebanon,2023-03-19,Basic,245.88
5979,Jeffrey Wright,donna96@example.com,Papua New Guinea,2025-01-12,Basic,340.53
5980,Jason Wilcox,matthewcooper@example.org,Austria,2021-08-31,Standard,253.67
5981,Hannah Brown,orichardson@example.org,Equatorial Guinea,2025-05-03,Basic,346.78
5982,Michelle Atkins,megan48@example.net,Dominican Republic,2026-03-22,Basic,280.64
5983,Sandra Leach,khardy@example.com,Tanzania,2026-04-26,Standard,341.50
5984,Katie Clark,crawfordmary@example.net,Sudan,2022-07-21,Premium,536.02
5985,Kathryn Mcmillan,hughesthomas@example.com,Korea,2024-12-09,Standard,629.52
5986,Darrell Williams,brandttravis@example.org,Jordan,2021-12-10,Standard,76.52
5987,Jesse Gamble,wellschristina@example.net,Faroe Islands,2024-10-22,Premium,294.87
5988,Ricky Johnson,walterchristopher@example.org,Bahamas,2025-10-12,Basic,232.69
5989,Caroline Wilson,scottalan@example.org,Saint Lucia,2025-09-19,Basic,378.37
5990,Richard Day,danielguerrero@example.net,Tonga,2025-03-31,Premium,1542.96
5991,Chris Tate,josephwright@example.com,Russian Federation,2023-09-19,Basic,316.04
5992,James Holmes,ronald91@example.com,United Kingdom,2025-01-20,Basic,316.80
5993,Sandra Clark,nraymond@example.com,Georgia,2024-01-19,Standard,410.23
5994,Zachary Estes,cartersteven@example.net,British Indian Ocean Territory (Chagos Archipelago),2024-08-18,Standard,435.51
5995,Lisa Smith,jeffreyboyd@example.org,Tajikistan,2025-05-05,Standard,601.28
5996,Bryan Harrison,estephens@example.org,Honduras,2023-08-18,Basic,373.23
5997,Lauren Cruz,jessicaspence@example.com,Peru,2021-09-29,Standard,564.86
5998,Robin Coleman,ykelly@example.com,Vanuatu,2024-04-22,Standard,517.87
5999,Ryan Cole,caroline77@example.com,Liberia,2022-09-06,Premium,851.46
6000,Renee Hunter,barreralouis@example.net,Suriname,2023-09-02,Standard,240.78
6001,Matthew Wright,oyoung@example.net,Dominican Republic,2023-01-03,Standard,142.14
6002,Melissa House,ryanhart@example.com,Suriname,2023-04-21,Basic,303.17
6003,David Fuentes,jose60@example.net,Samoa,2025-05-22,Standard,272.31
6004,William Cooley,derekwright@example.org,Northern Mariana Islands,2023-04-11,Standard,184.26
6005,Melanie Silva,birdtonya@example.net,Western Sahara,2022-05-24,Standard,567.18
6006,Hannah Waters,wsanders@example.org,Azerbaijan,2024-03-04,Standard,591.44
6007,Kathleen Sutton,lgeorge@example.net,Bangladesh,2025-10-11,Standard,748.57
6008,Rachel Smith,jacobbates@example.org,Guatemala,2025-04-26,Standard,506.34
6009,Eric Weber,dcollins@example.org,Northern Mariana Islands,2024-05-05,Premium,420.02
6010,Kimberly Sanders,rodriguezscott@example.org,French Polynesia,2024-08-29,Premium,1650.94
6011,Sandra Bennett,james50@example.net,El Salvador,2022-02-18,Basic,63.75
6012,Lynn Chan,lmaynard@example.com,Algeria,2024-02-21,Basic,313.04
6013,Justin Vasquez,zamorajohn@example.org,Holy See (Vatican City State),2025-12-26,Standard,195.81
6014,Jerry Brown,dixondavid@example.org,Albania,2022-12-14,Basic,161.51
6015,Leonard Pham,jenniferwilliams@example.org,United States of America,2024-03-11,Standard,638.75
6016,Taylor Madden,geraldallen@example.net,Myanmar,2024-11-07,Standard,419.78
6017,Andrew Ellison,fyoung@example.com,United Arab Emirates,2025-02-23,Standard,489.70
6018,Diana Houston,michael51@example.org,Egypt,2025-11-29,Basic,168.25
6019,Gina Matthews,wleon@example.com,Samoa,2024-09-17,Premium,452.83
6020,Jason Lee,patrickhall@example.com,Saint Barthelemy,2023-02-25,Basic,236.31
6021,Alec Griffin,jose52@example.com,Tanzania,2024-11-14,Standard,87.30
6022,Keith Gutierrez,raymondmurray@example.com,Pakistan,2023-10-16,Basic,329.58
6023,Robert Chan,owashington@example.org,Swaziland,2025-11-04,Basic,71.11
6024,Eric Peterson,stacy48@example.com,Falkland Islands (Malvinas),2025-06-20,Premium,404.66
6025,Robert Robinson,duncanelizabeth@example.org,Guernsey,2025-04-15,Standard,625.27
6026,Joseph Williams,mhurley@example.org,Netherlands Antilles,2025-03-03,Standard,398.12
6027,Jennifer Garcia,duanebryant@example.org,Antigua and Barbuda,2023-02-09,Basic,267.37
6028,Ashley Thompson,tiffany38@example.com,Saudi Arabia,2023-12-22,Premium,1519.27
6029,Leonard Garcia,deborahcox@example.net,Bhutan,2026-08-01,Basic,195.66
6030,Cynthia Lowe,donnameyers@example.com,Brunei Darussalam,2023-03-15,Basic,319.31
6031,Brandi Tran MD,rodriguezheather@example.net,Chile,2025-02-26,Standard,188.08
6032,Natalie Taylor,aaronjohnson@example.org,Trinidad and Tobago,2022-10-22,Standard,401.31
6033,Kayla Pruitt,josephwilson@example.com,Montserrat,2022-01-22,Standard,545.71
6034,Bryan Espinoza,kennedychloe@example.org,Dominica,2022-10-03,Basic,308.07
6035,Mrs. Barbara Dennis,jamie53@example.com,Jersey,2022-06-14,Basic,376.17
6036,Shannon Ball,tina04@example.net,Vanuatu,2026-08-08,Basic,240.68
6037,Laura Garcia,fortega@example.com,Mexico,2022-06-10,Standard,292.49
6038,Kimberly Jones,kellyhughes@example.org,Suriname,2026-03-15,Standard,682.48
6039,James Harper,lewisryan@example.net,Finland,2024-10-31,Premium,471.23
6040,Yvette Keller,jhumphrey@example.net,Central African Republic,2022-09-13,Standard,86.56
6041,Charles Moore,jgonzalez@example.net,Croatia,2023-07-30,Standard,326.46
6042,Caitlin King,matthew28@example.com,Wallis and Futuna,2025-09-05,Standard,581.07
6043,Gregory Smith,steven17@example.com,Georgia,2022-09-08,Premium,671.39
6044,Aaron Ellis,elizabeth06@example.net,Gibraltar,2022-07-11,Standard,165.50
6045,Christopher Wright,josephhouston@example.net,Mauritania,2025-05-22,Premium,994.81
6046,James Ray,luis08@example.net,Qatar,2024-08-18,Basic,253.44
6047,Dr. Dennis Taylor,manningelizabeth@example.org,United States Minor Outlying Islands,2023-10-02,Standard,448.67
6048,Rickey Smith,lmcmillan@example.org,French Southern Territories,2022-08-03,Standard,589.07
6049,Jill Martinez,amy72@example.com,Maldives,2022-11-12,Premium,1452.06
6050,Jessica Bailey,adamwalton@example.net,Burkina Faso,2025-04-03,Basic,269.71
6051,Kristin Williams,andrewwells@example.net,Timor-Leste,2021-08-19,Standard,437.53
6052,Stephanie Jackson,carpenterdavid@example.org,Niue,2022-03-10,Standard,101.28
6053,Rebecca Hill,jamesreed@example.com,Liechtenstein,2024-06-09,Premium,1654.00
6054,Nicholas Burns,brianachung@example.org,Chad,2023-03-10,Standard,748.92
6055,Robert Mcintyre,timothyhoffman@example.org,Tanzania,2023-06-02,Standard,625.59
6056,William Duncan,masonsalazar@example.net,Papua New Guinea,2022-11-12,Basic,141.04
6057,Jeffrey Johnson,maryevans@example.net,Albania,2025-11-22,Basic,393.27
6058,Martin Smith,gbarton@example.com,Botswana,2025-07-19,Basic,170.96
6059,James Murphy,patrick88@example.net,South Africa,2024-07-16,Standard,573.57
6060,Candice Leonard,dave51@example.org,Burundi,2024-11-04,Standard,92.65
6061,Sydney Rivers,stuartbrandy@example.net,Korea,2026-06-13,Standard,199.72
6062,Douglas Rodriguez,lrodriguez@example.org,Dominica,2023-08-23,Premium,391.44
6063,Kathryn Freeman,wmartinez@example.net,Peru,2025-08-15,Standard,479.69
6064,Nicole Thomas,hhunter@example.net,Costa Rica,2022-12-16,Premium,353.56
6065,Chad Elliott,qweaver@example.com,Niue,2024-01-24,Basic,316.48
6066,William Cooley,lisadennis@example.net,Portugal,2025-06-05,Standard,158.52
6067,Marc Clay,linda19@example.com,Kazakhstan,2024-12-20,Standard,468.00
6068,Amber Mcdonald,greenechristopher@example.net,Romania,2025-05-03,Premium,252.30
6069,Jacob Robinson,ravenhanson@example.org,Niue,2026-04-13,Standard,588.43
6070,Derek Rosario,watsonamanda@example.net,Venezuela,2024-04-30,Basic,368.67
6071,Mrs. Sabrina Rodriguez,elizabeth87@example.org,Honduras,2022-02-28,Premium,1297.68
6072,Charles Valenzuela,rodriguezrachel@example.net,Senegal,2024-02-11,Basic,353.31
6073,Lisa Harper,hansonjessica@example.com,Greece,2024-12-20,Standard,686.77
6074,John Hall,jhenderson@example.org,Fiji,2022-09-23,Standard,142.79
6075,Jerry Baker,gravesashley@example.org,Tuvalu,2022-03-13,Standard,703.28
6076,Steven Wright,howardmonroe@example.org,Cayman Islands,2023-07-15,Standard,667.63
6077,Traci Carroll,christopher89@example.net,Palestinian Territory,2024-02-13,Premium,699.89
6078,Katelyn Valdez,michele17@example.net,Bouvet Island (Bouvetoya),2023-05-06,Basic,89.28
6079,Jennifer Grant,staffordrachel@example.com,Haiti,2024-08-16,Premium,1662.90
6080,Tyler Harris,christina08@example.org,New Caledonia,2026-01-02,Premium,1578.96
6081,Aaron Willis,faustin@example.net,Mauritania,2025-02-13,Premium,1449.96
6082,Wesley Jacobson,sandersbrianna@example.org,Iceland,2025-08-11,Standard,147.15
6083,Philip Huff,jasminegriffin@example.org,Guadeloupe,2024-06-07,Standard,709.27
6084,Alyssa Potts,andrew10@example.com,Kiribati,2022-03-01,Basic,129.13
6085,Jessica Bennett,smithlinda@example.com,Netherlands,2022-06-04,Standard,199.96
6086,Kimberly Murphy,rroberts@example.com,Portugal,2023-05-26,Basic,292.25
6087,Linda Miller,mindy66@example.net,Saint Barthelemy,2023-04-11,Premium,1454.29
6088,Tracey Scott,gmoses@example.org,Seychelles,2026-07-26,Standard,566.91
6089,Kayla Martinez,zburton@example.net,Saint Vincent and the Grenadines,2024-05-27,Premium,1337.13
6090,Zachary Burton,gregorymiller@example.com,Armenia,2024-10-02,Basic,285.68
6091,John Frank,marshallrodney@example.org,Saint Barthelemy,2022-06-23,Standard,350.34
6092,Joseph Wilson,martinscott@example.com,Bolivia,2026-01-10,Standard,665.67
6093,Kimberly Cole,larry46@example.com,Jordan,2025-07-12,Standard,567.65
6094,Alicia King,lindareed@example.com,Turkmenistan,2023-09-02,Basic,217.36
6095,Clifford Scott PhD,laura79@example.net,South Georgia and the South Sandwich Islands,2023-05-18,Standard,365.06
6096,Amy Berry,wallercarl@example.net,Romania,2022-12-08,Standard,337.20
6097,Laurie Smith,sarah44@example.net,Jamaica,2022-06-18,Basic,145.37
6098,Jacqueline Clayton,jbailey@example.net,Korea,2025-09-12,Premium,1708.61
6099,Natalie Bauer,ellisrichard@example.net,Iran,2024-01-17,Standard,465.37
6100,Sarah Newman,alexisbridges@example.org,Taiwan,2026-07-01,Standard,491.06
6101,Kevin Snyder,wmorse@example.net,Bahrain,2022-02-15,Basic,294.49
6102,Jacob Brown,okim@example.com,Czech Republic,2023-04-01,Standard,483.55
6103,Lori Moss,baxterashley@example.org,Kuwait,2022-03-18,Premium,355.51
6104,Jennifer Clark,michaelmckee@example.org,Belize,2023-12-02,Standard,579.08
6105,Jillian Villarreal,matthew13@example.org,Somalia,2026-06-18,Standard,464.22
6106,George Bauer,mandyknapp@example.org,Belize,2024-12-20,Basic,248.87
6107,Dr. Bethany Harris,dawnmeadows@example.org,Chad,2023-03-27,Basic,129.56
6108,Courtney Hill,truiz@example.org,Slovakia (Slovak Republic),2023-11-17,Basic,123.11
6109,Patricia Higgins,jeffrey11@example.com,Iraq,2023-02-01,Standard,106.43
6110,Erica Perry,rmorgan@example.org,Singapore,2024-02-28,Premium,796.68
6111,Taylor Young,edward96@example.com,Haiti,2026-05-15,Basic,139.56
6112,Arthur Cruz,jenniferclark@example.org,Central African Republic,2022-02-03,Premium,179.44
6113,Kristen Harrington,owenscody@example.org,Trinidad and Tobago,2026-07-31,Standard,149.77
6114,Samantha Koch,matthew41@example.org,Yemen,2025-08-22,Standard,354.02
6115,Christopher Gardner,sydneyschwartz@example.com,American Samoa,2025-11-20,Standard,376.78
6116,Kenneth Jones,joseph55@example.com,Ukraine,2023-10-19,Premium,1195.54
6117,Kevin Dawson,mauricejenkins@example.org,Bosnia and Herzegovina,2024-01-16,Premium,755.79
6118,Amanda Torres,hannah74@example.org,Norfolk Island,2026-07-06,Basic,176.34
6119,James Petty,jaredsmith@example.org,Colombia,2023-01-28,Standard,260.67
6120,David Moyer,powellpaul@example.org,Cuba,2024-12-03,Standard,653.99
6121,Robert Blanchard,sabrina99@example.net,Korea,2024-09-30,Premium,788.01
6122,Austin Jones,susanaustin@example.com,Sao Tome and Principe,2025-11-02,Standard,524.45
6123,Valerie Velazquez,jessicafisher@example.com,Japan,2024-10-07,Basic,127.40
6124,Mark Klein,lunaclarence@example.net,Tokelau,2026-08-10,Standard,259.88
6125,Blake Salazar,johnsonerin@example.com,India,2021-10-16,Premium,179.82
6126,Charlene Mclean,brenda66@example.net,Sudan,2023-08-13,Standard,116.45
6127,Alex Kelley,margaretbullock@example.net,Netherlands Antilles,2021-08-26,Basic,61.45
6128,Daniel Parker,vasquezwendy@example.net,Svalbard & Jan Mayen Islands,2025-03-28,Standard,270.12
6129,Joel Bauer,larry95@example.net,Zimbabwe,2022-06-07,Standard,669.88
6130,Dawn Young,martindiana@example.com,Guam,2025-01-12,Premium,614.94
6131,Dennis Warner,averyrichard@example.net,Malawi,2022-12-09,Standard,84.29
6132,Kimberly Fry,dustinlewis@example.net,Ethiopia,2025-01-03,Basic,230.65
6133,Rebecca Ramirez,yosborne@example.net,Georgia,2023-02-13,Standard,309.79
6134,Michael Thompson,steven99@example.org,Equatorial Guinea,2022-04-11,Standard,378.31
6135,Karen Robinson,nelsonrebecca@example.org,Kazakhstan,2023-08-18,Standard,261.04
6136,James Mcmahon,jasonburke@example.com,Estonia,2023-06-13,Standard,338.65
6137,Marcia Thomas,jennifer13@example.com,China,2025-10-22,Standard,223.88
6138,Jason Mcdonald,brianoliver@example.net,Kuwait,2024-06-03,Basic,46.17
6139,Logan Hardy,richard62@example.org,Rwanda,2024-01-03,Standard,402.98
6140,Theresa Hart,hodgeskrista@example.net,Zambia,2022-07-25,Standard,715.25
6141,Kelly Sutton,hicksjennifer@example.net,Gibraltar,2021-09-05,Standard,705.43
6142,Jonathan Patel,matthew50@example.com,Malawi,2022-03-17,Premium,1310.96
6143,Brandon Perry,vcosta@example.com,Sierra Leone,2026-07-07,Standard,540.69
6144,Benjamin Donovan,rhowe@example.com,Turkey,2025-03-11,Standard,519.35
6145,Robert Clayton,joseph56@example.com,Belize,2025-02-28,Basic,308.71
6146,Leslie Chavez,debrajones@example.com,Hungary,2025-05-12,Premium,1068.27
6147,Dennis Nguyen,lauren12@example.net,Cambodia,2022-04-24,Basic,126.84
6148,Valerie Marsh,anita31@example.org,Austria,2026-05-31,Standard,621.55
6149,Danielle Spencer,andrewknight@example.org,Palau,2026-03-24,Basic,280.64
6150,Andrew Love,natalie76@example.com,United States Virgin Islands,2025-07-11,Standard,489.18
6151,Robert Moon,mharrell@example.net,Mexico,2022-05-29,Basic,230.77
6152,Michael West,,Netherlands Antilles,2026-05-04,Standard,410.50
6153,Katherine Murphy,betty62@example.com,Papua New Guinea,2025-10-04,Standard,175.64
6154,Albert Wilson,robinsonmartin@example.org,Austria,2022-03-15,Premium,1385.38
6155,David Forbes,ydaniel@example.com,Mozambique,2022-09-22,Basic,191.10
6156,John Murphy,bevans@example.org,Norfolk Island,2022-01-16,Standard,399.69
6157,Catherine Jones,renee57@example.org,Andorra,2026-01-23,Standard,569.52
6158,Francisco Perez,sanderstanya@example.net,Saint Pierre and Miquelon,2024-11-09,Basic,192.95
6159,Stacy Larsen,logan26@example.net,Finland,2025-08-09,Standard,258.56
6160,Walter Velasquez,kimberly93@example.net,Canada,2025-07-31,Standard,346.32
6161,Madison Hansen,gwalter@example.net,Marshall Islands,2021-09-07,Basic,256.57
6162,Mark Peterson,alyssamitchell@example.com,Saint Martin,2022-08-04,Standard,139.86
6163,Matthew Francis,qgarcia@example.org,Jersey,2025-10-04,Standard,207.48
6164,Cynthia Wallace,flittle@example.com,Romania,2022-04-23,Standard,105.92
6165,Shaun Hopkins,brian94@example.org,Turks and Caicos Islands,2026-05-03,Standard,393.18
6166,Whitney Guzman,jwells@example.net,Tanzania,2022-01-11,Standard,300.06
6167,Katie Willis,kelsey05@example.com,Chile,2026-01-09,Standard,721.31
6168,Peter Mills,parkerkatrina@example.com,Bosnia and Herzegovina,2022-11-30,Premium,295.12
6169,Shannon Solomon,kfreeman@example.com,Tanzania,2025-07-17,Standard,167.47
6170,Todd Bishop,denniswilson@example.net,Cook Islands,2023-11-23,Standard,104.62
6171,Amanda Brown,emily47@example.com,Portugal,2022-10-16,Standard,436.11
6172,Marcus Levine,thomas91@example.com,Bosnia and Herzegovina,2026-02-18,Basic,76.94
6173,Rita Lopez,dillon67@example.com,Fiji,2022-02-15,Basic,237.48
6174,Richard Ramirez,wmoss@example.com,Moldova,2023-05-01,Basic,119.46
6175,Michael Garcia,joel11@example.org,Iraq,2025-08-21,Standard,325.34
6176,Robert Ewing,lancewhitehead@example.org,Jersey,2024-03-22,Premium,193.42
6177,Joshua Edwards,joshuasingh@example.org,Greece,2022-01-19,Standard,156.19
6178,Bradley Martin,heatherglover@example.net,Papua New Guinea,2025-06-24,Standard,472.32
6179,Anthony Davis,brandonmiller@example.com,Sudan,2023-02-21,Standard,216.13
6180,Justin Carney,gcarroll@example.net,Trinidad and Tobago,2025-09-02,Standard,234.78
6181,Chelsea Mason,joannethompson@example.com,Spain,2025-01-29,Premium,1443.53
6182,Scott Woods,hicksanthony@example.com,Aruba,2024-07-15,Basic,233.28
6183,Mathew Cox,jessica64@example.org,Greenland,2022-12-26,Standard,588.61
6184,Meghan Brown,paulhumphrey@example.net,Ghana,2025-09-25,Premium,1260.17
6185,Jennifer Graham,sandrasmith@example.net,China,2024-06-21,Standard,518.68
6186,Richard Ayala,cortezalexandra@example.com,Anguilla,2024-02-27,Standard,79.29
6187,Michael Clark,kari45@example.org,Myanmar,2023-10-23,Basic,334.14
6188,Steve Dunn,wattsstephanie@example.net,Gibraltar,2023-07-24,Standard,352.97
6189,Kathryn Huber,joshua27@example.net,Cook Islands,2023-09-18,Standard,134.88
6190,James Montes,christine41@example.net,Turkey,2025-01-02,Standard,699.25
6191,William Greene,justin51@example.com,Dominica,2026-02-03,Standard,363.30
6192,Carol Shannon,copelandryan@example.net,Sierra Leone,2025-08-11,Standard,315.91
6193,Michael Thomas,smithdana@example.net,Latvia,2024-04-17,Standard,544.76
6194,John Sparks,conniehenderson@example.net,Germany,2022-08-17,Premium,328.58
6195,Brittany Cisneros,andersonamy@example.com,Nigeria,2021-09-19,Standard,89.42
6196,Erica Herrera,kimstein@example.net,Ukraine,2022-05-12,Standard,191.15
6197,Charles Torres,josephroach@example.com,Thailand,2021-11-25,Standard,572.80
6198,Joseph Newman,kingamy@example.net,Nepal,2022-12-20,Basic,110.51
6199,Carol Santiago,ginalee@example.org,Macao,2026-04-24,Standard,164.52
6200,Paul Downs,guzmanashley@example.org,Aruba,2024-02-26,Standard,521.62
6201,Jordan Gonzalez,allenjeremy@example.net,Ghana,2025-03-11,Standard,165.80
6202,Cassandra Maxwell,ebony44@example.com,Bulgaria,2022-05-20,Premium,1611.78
6203,Anthony Baker,xpham@example.com,Chad,2026-02-26,Standard,498.31
6204,Lisa Dalton,anthonyvasquez@example.net,Tokelau,2025-08-23,Basic,147.85
6205,Kelly Logan,olarsen@example.org,Saint Martin,2021-11-12,Standard,178.90
6206,Whitney Williams,rivaskimberly@example.org,Afghanistan,2024-10-22,Premium,1594.32
6207,David Graham,xwebb@example.net,Guinea-Bissau,2024-07-09,Standard,80.15
6208,John Davis,wendy83@example.com,Seychelles,2026-06-19,Standard,434.80
6209,Cathy Ferguson,kimberly05@example.com,Nepal,2025-04-09,Standard,677.71
6210,Judy Gill,stevenrodgers@example.net,British Indian Ocean Territory (Chagos Archipelago),2022-05-19,Premium,1378.96
6211,Amanda Jacobs,imoore@example.org,Turkmenistan,2024-06-26,Standard,178.77
6212,Brooke Baker,karenmurphy@example.org,Trinidad and Tobago,2023-11-11,Premium,536.08
6213,William Hernandez,alvarezjessica@example.org,Bahrain,2022-03-05,Basic,135.81
6214,Gary Steele,sstevens@example.com,Egypt,2023-06-16,Standard,449.62
6215,Jason Baldwin,jorge99@example.net,Mongolia,2026-07-21,Standard,716.23
6216,Katherine Martinez,ffreeman@example.net,Ukraine,2025-10-30,Basic,363.63
6217,Amy Smith,tiffanyjoyce@example.net,Thailand,2022-04-16,Basic,394.39
6218,Monica Good,castrojeffrey@example.org,Ukraine,2024-04-12,Basic,96.66
6219,Barbara Flores,kristy03@example.net,Niue,2022-08-01,Basic,231.83
6220,Crystal Hahn,leemike@example.org,Bosnia and Herzegovina,2025-09-30,Standard,718.69
6221,Noah Rodriguez,laura04@example.net,United Arab Emirates,2024-03-09,Standard,487.39
6222,Susan Gardner,kmiles@example.net,Kyrgyz Republic,2022-10-03,Basic,140.50
6223,Maria Anderson,nfox@example.net,Cambodia,2026-02-24,Standard,219.55
6224,Robert Bates,kclark@example.org,Norfolk Island,2021-10-22,Basic,317.85
6225,Donald Patterson,mhoffman@example.org,Seychelles,2022-09-22,Premium,814.16
6226,James Jones,amy70@example.com,Pakistan,2023-07-06,Standard,436.43
6227,Kimberly Russell,joseph49@example.org,British Indian Ocean Territory (Chagos Archipelago),2024-05-05,Basic,354.90
6228,Brian Baker,scottbonilla@example.com,Grenada,2026-01-20,Premium,1268.87
6229,Noah Braun,foxderek@example.net,Gabon,2022-06-28,Basic,122.71
6230,Carlos Davidson,zpennington@example.org,Libyan Arab Jamahiriya,2025-01-25,Basic,381.84
6231,Brooke Mcdaniel,tonymoyer@example.net,Cameroon,2022-10-27,Premium,929.93
6232,Meredith Walker,chandlerpatrick@example.org,Mauritius,2022-05-28,Basic,249.04
6233,Peter Norton,canderson@example.com,Bouvet Island (Bouvetoya),2024-11-17,Basic,88.68
6234,Denise Johnson,jacquelineturner@example.com,Uruguay,2025-04-08,Standard,438.84
6235,Jessica Mosley,austinlaura@example.org,Eritrea,2025-01-24,Standard,160.34
6236,Jessica Garrett,sdavis@example.com,Saudi Arabia,2026-07-02,Basic,223.03
6237,Lisa Cunningham,mcastillo@example.com,Seychelles,2021-09-16,Standard,671.98
6238,Ronald Smith,milleralexander@example.org,Liberia,2025-11-11,Standard,447.79
6239,David Wiley,jessicaharris@example.net,El Salvador,2021-12-19,Standard,437.86
6240,Meghan Williams,jacobbrown@example.net,Benin,2024-09-25,Standard,299.15
6241,Michael Martin,deborah54@example.net,Puerto Rico,2023-05-13,Premium,455.84
6242,Patricia Barr,scottmcintyre@example.net,Netherlands Antilles,2025-10-18,Standard,648.92
6243,Robert Velasquez,enielsen@example.com,Georgia,2021-09-24,Standard,616.94
6244,Kristin Cole,david06@example.org,Cuba,2023-12-23,Standard,504.47
6245,Kim Martin,jbennett@example.org,Ghana,2026-07-01,Standard,496.77
6246,Stephanie Crane,stephensapril@example.com,Mongolia,2021-10-04,Premium,1310.45
6247,Jonathan Jones,benderrachel@example.org,Germany,2025-08-08,Standard,572.98
6248,Rachel Rodriguez,cmendoza@example.org,United Kingdom,2023-07-23,Standard,186.13
6249,Frederick Monroe,franklinjames@example.com,Bulgaria,2025-08-07,Standard,646.88
6250,Sharon Roberts,zchambers@example.net,Colombia,2026-01-11,Premium,1380.63
6251,Alyssa Kline,michaelterry@example.org,Aruba,2022-12-09,Basic,319.11
6252,Justin Jones,vincentsantos@example.org,French Guiana,2024-01-08,Standard,657.45
6253,Mary Jordan,bpalmer@example.org,Bhutan,2024-01-24,Basic,70.11
6254,Deborah Gilbert,nancyalvarez@example.org,Croatia,2024-01-18,Standard,575.98
6255,Melanie Bautista,alyssa41@example.net,Nepal,2025-04-18,Standard,129.72
6256,Lucas Kidd Jr.,lisa19@example.org,Afghanistan,2024-02-27,Standard,399.53
6257,Dr. Nicole Bell,christopher94@example.org,Holy See (Vatican City State),2026-04-18,Basic,198.03
6258,Nicole Reed,heatherbrown@example.org,Australia,2025-10-16,Basic,273.12
6259,Christopher Chavez,vmartin@example.com,Solomon Islands,2025-04-04,Premium,1168.58
6260,Amber Blankenship,christina12@example.org,Lebanon,2022-06-16,Basic,49.30
6261,Dustin Maxwell,sarah03@example.net,American Samoa,2023-11-17,Premium,731.51
6262,Casey King,charrison@example.org,Dominica,2024-09-15,Standard,152.73
6263,John Lee,moyerluis@example.org,Ireland,2022-08-15,Basic,272.42
6264,Jeffery Sullivan,thowell@example.org,New Caledonia,2025-01-31,Basic,133.89
6265,Tina Stevens,kcortez@example.net,Saint Kitts and Nevis,2022-03-03,Premium,1455.11
6266,Joseph Robinson,mitchellelizabeth@example.com,Gabon,2022-11-13,Standard,464.06
6267,Catherine Miller,patrick05@example.net,Mali,2023-01-06,Standard,406.52
6268,William Nelson,lindseymedina@example.com,Rwanda,2023-08-15,Basic,67.58
6269,Brandy Watkins,raven17@example.com,Turkey,2026-04-22,Standard,590.18
6270,Jennifer Perry,saramoss@example.com,Mauritania,2022-11-17,Standard,607.11
6271,Karen Guerrero,jeremy17@example.com,New Caledonia,2022-07-27,Standard,391.49
6272,Javier Kane,weavermadison@example.com,Indonesia,2022-08-14,Standard,390.44
6273,Nicole King,lgarcia@example.com,Grenada,2021-11-11,Premium,251.94
6274,Lisa Tucker,william53@example.com,Nauru,2024-08-14,Standard,672.91
6275,Joshua Dixon,simmonsrobert@example.net,Aruba,2024-09-24,Standard,504.75
6276,Brian Dunn,tmitchell@example.net,Lebanon,2022-08-01,Premium,1315.14
6277,John Chavez,kelly74@example.com,Uzbekistan,2025-01-08,Standard,176.22
6278,Andrew Carrillo,joan88@example.net,Comoros,2023-03-05,Standard,157.99
6279,Shannon Campbell,sarahnash@example.net,Haiti,2023-02-26,Standard,613.45
6280,Andrea Holloway,ecox@example.com,Austria,2026-03-08,Standard,743.70
6281,Hailey Raymond,fernandezlynn@example.org,Korea,2026-07-20,Standard,108.07
6282,Allison Grant,raymond16@example.net,Senegal,2025-06-19,Standard,189.91
6283,Tammy Williams,kwalters@example.org,Tokelau,2022-06-01,Standard,567.48
6284,Mr. Robert Clark,jessicawalker@example.net,Benin,2022-12-06,Standard,101.58
6285,Christopher Rosales,sarah28@example.net,China,2025-05-04,Standard,349.54
6286,Renee Jordan,jared79@example.com,United States Virgin Islands,2025-02-06,Standard,481.42
6287,Keith Smith,smithandrew@example.org,San Marino,2023-09-14,Standard,385.52
6288,Brandon Castro,thogan@example.net,Nigeria,2026-03-17,Standard,749.15
6289,Andrea Dudley,stephanieneal@example.com,Guatemala,2021-08-18,Basic,320.30
6290,Lisa Phillips,michaelchang@example.org,Burkina Faso,2025-09-05,Basic,348.22
6291,Heidi Harris,stephenhatfield@example.org,Liberia,2021-12-23,Standard,159.89
6292,Sharon Mcgee,bennettkeith@example.net,Sao Tome and Principe,2025-07-19,Premium,1438.14
6293,Alexander Wilkins,gallagherthomas@example.net,Aruba,2022-03-11,Basic,351.49
6294,Thomas Carter,osmith@example.com,Monaco,2026-03-01,Standard,431.79
6295,Bruce Paul,bryantkatherine@example.org,Bhutan,2026-04-04,Basic,369.48
6296,Courtney Vincent,josephjimenez@example.org,Bosnia and Herzegovina,2025-10-19,Basic,134.18
6297,Mark Franco,shaungarcia@example.org,Hong Kong,2023-01-05,Basic,386.37
6298,Jennifer Cruz,samanthalopez@example.net,Korea,2024-12-25,Standard,444.55
6299,Tiffany Anderson,zjohnson@example.net,French Guiana,2025-02-03,Standard,669.31
6300,Paula Gutierrez,michael50@example.org,Cambodia,2021-12-11,Standard,205.85
6301,Rebekah Lamb,sandra99@example.com,Bulgaria,2023-03-22,Basic,107.57
6302,Gabrielle Diaz,millerashley@example.com,Faroe Islands,2024-06-17,Standard,344.80
6303,George Mccarty PhD,michael99@example.org,Eritrea,2023-03-06,Standard,529.27
6304,Andrea Taylor,williamwade@example.org,Norfolk Island,2023-11-15,Premium,805.13
6305,Patrick Jordan,sherri12@example.org,Spain,2026-01-02,Standard,565.04
6306,Jason Washington,fgomez@example.org,Ukraine,2021-11-30,Standard,510.50
6307,Jeffrey Evans,erica56@example.net,Maldives,2023-07-14,Standard,282.56
6308,Christopher Brown,lindsay41@example.com,Benin,2021-09-13,Standard,88.98
6309,Janet Lewis,christinewolfe@example.net,Isle of Man,2025-05-20,Basic,312.33
6310,Julie Smith,hking@example.net,Lithuania,2022-04-27,Premium,1312.54
6311,Peter Richmond,staceychen@example.net,Papua New Guinea,2026-01-17,Basic,195.12
6312,Angela Walter,brianmarshall@example.org,Armenia,2023-02-22,Premium,1688.22
6313,Adam Avery,panderson@example.org,Guyana,2023-04-30,Standard,386.83
6314,Julia Blair,angelamoore@example.com,Serbia,2025-08-07,Premium,789.54
6315,Gail Coleman,kevinclark@example.org,United Arab Emirates,2025-05-06,Basic,267.39
6316,Stephanie Hall,jonespaula@example.com,Equatorial Guinea,2023-09-25,Standard,713.65
6317,Richard Johnson,bauertiffany@example.net,French Polynesia,2026-02-09,Standard,271.16
6318,Ethan Martin,brendagarcia@example.org,Suriname,2026-02-14,Basic,107.17
6319,Alicia Campos,jefferycox@example.org,Myanmar,2024-04-23,Basic,299.60
6320,Laurie Lang,blake96@example.net,Angola,2021-11-20,Standard,441.84
6321,Karen Frye,elizabeth65@example.com,Mali,2024-12-19,Standard,204.38
6322,Gregory Atkinson,wprice@example.com,Grenada,2023-06-12,Basic,302.53
6323,Randy Carter,bonniesnyder@example.com,Angola,2022-01-16,Standard,392.14
6324,Robert Anderson,tsummers@example.net,Fiji,2022-04-20,Standard,609.66
6325,Ryan Davis,wbrown@example.org,Comoros,2024-02-28,Basic,224.67
6326,Donald Kelley,barkerhunter@example.org,Saint Martin,2026-03-11,Basic,230.93
6327,Evan Ibarra,hdean@example.org,El Salvador,2021-11-12,Basic,48.10
6328,Kelly Dawson,nicholaswebster@example.org,Uruguay,2024-01-24,Standard,148.55
6329,Christina Simon,crystaldurham@example.com,Pakistan,2023-10-09,Standard,545.75
6330,Raymond Best,tiffany58@example.org,Korea,2026-01-10,Standard,635.53
6331,Henry Bradshaw,ngates@example.net,Bangladesh,2023-05-04,Standard,564.71
6332,Kristen Burns,bowmanjennifer@example.net,Vanuatu,2023-03-20,Premium,1135.90
6333,Ashley Adams,dana29@example.net,Timor-Leste,2025-03-02,Standard,529.73
6334,John Wilson,stevensandrew@example.com,Belgium,2022-02-09,Standard,270.54
6335,Theresa Gomez,williamssarah@example.net,Niue,2024-05-03,Standard,745.36
6336,Jennifer Fischer,fblackwell@example.com,Moldova,2024-04-02,Standard,213.13
6337,John Gross,lbass@example.com,United Kingdom,2021-08-26,Standard,729.57
6338,Cody Perry,darlenekelly@example.com,Chile,2024-11-08,Basic,109.96
6339,Antonio Williams,stricklandrichard@example.com,Israel,2024-08-30,Standard,471.31
6340,David Gallagher,ywalter@example.org,Saint Pierre and Miquelon,2026-04-22,Basic,83.98
6341,Robert Evans,umiller@example.org,Puerto Rico,2022-04-08,Basic,330.41
6342,Jonathan Garcia,iharrington@example.com,Zambia,2023-11-15,Basic,72.42
6343,Brenda Mays,lisaroman@example.org,Tokelau,2023-02-09,Basic,203.71
6344,Pamela Fields,robert43@example.org,Kenya,2022-04-20,Standard,668.05
6345,Nancy Lucas,mary63@example.org,Somalia,2021-12-19,Premium,251.12
6346,Pamela Cross,pearsonashley@example.com,Martinique,2026-04-24,Basic,126.79
6347,Alejandro Flores,michael31@example.net,Botswana,2022-09-22,Premium,1244.08
6348,Ian Barrera,haleybarbara@example.com,Congo,2022-11-22,Standard,165.93
6349,Hunter Bradford,randolphjoshua@example.org,Korea,2026-02-08,Standard,749.62
6350,Paul Webb,oholt@example.net,Faroe Islands,2022-07-28,Premium,815.47
6351,Ashley Davis,rebecca39@example.com,Micronesia,2024-11-11,Premium,296.02
6352,Sandra Norman,qduran@example.net,Turks and Caicos Islands,2023-05-07,Premium,1356.32
6353,Destiny Nichols MD,evancortez@example.com,Poland,2021-08-22,Basic,218.80
6354,William Henderson,isawyer@example.com,Christmas Island,2023-11-09,Basic,396.91
6355,Nicholas Roth,rachel51@example.net,Spain,2024-07-22,Premium,1688.17
6356,John Davidson,oconnoralan@example.net,Congo,2021-09-08,Basic,320.41
6357,Donald Gonzalez,rgarcia@example.net,Maldives,2022-11-23,Basic,228.81
6358,Shaun Osborn,jacob37@example.org,Guadeloupe,2022-09-01,Premium,1610.63
6359,Samuel Martinez,valerie68@example.net,Malawi,2025-10-23,Standard,92.93
6360,Nicole Valenzuela,evancook@example.org,Guadeloupe,2021-09-28,Basic,250.99
6361,Catherine Villa,debra90@example.org,Denmark,2024-03-15,Standard,355.14
6362,Brian Reilly PhD,allison77@example.net,Grenada,2022-04-25,Standard,640.38
6363,Bradley Vega,tiffanysolomon@example.org,Saint Martin,2023-02-20,Standard,83.86
6364,Cindy Arellano,tammycooke@example.org,Czech Republic,2025-01-01,Standard,300.35
6365,Margaret Tran,samantha35@example.org,South Africa,2021-11-19,Standard,410.71
6366,Matthew Jenkins,richardperry@example.com,Northern Mariana Islands,2025-05-23,Basic,336.29
6367,Gerald Brooks,christina99@example.com,Mauritius,2025-02-01,Standard,723.25
6368,Michael Franco,candacejimenez@example.org,Liechtenstein,2025-11-18,Basic,370.00
6369,Shelby Moore,christopherholland@example.net,Palestinian Territory,2023-08-01,Basic,284.84
6370,Jason Hall,jack80@example.net,Belgium,2022-02-05,Standard,486.58
6371,Brian Dixon,catherine77@example.org,Saudi Arabia,2023-05-24,Standard,672.97
6372,Miss Ashley Glass,nicole65@example.net,Faroe Islands,2026-07-21,Premium,1125.81
6373,Brendan White,oolson@example.net,Saint Helena,2022-12-24,Basic,353.50
6374,Alicia Kelly,sharon62@example.net,Cuba,2022-09-19,Standard,463.14
6375,Erika Singleton,cookamanda@example.org,Romania,2026-05-18,Premium,635.28
6376,Anthony Carson,tony05@example.net,Japan,2023-11-07,Standard,432.67
6377,Dr. Meagan Reynolds,joshuaherman@example.net,Cuba,2022-10-06,Standard,92.80
6378,Deanna Collins,ylindsey@example.net,Saint Martin,2025-04-21,Premium,1745.17
6379,Kevin Watson,melaniegarcia@example.com,Norway,2024-08-03,Standard,625.09
6380,Tina Molina,christiestone@example.org,Belize,2025-06-01,Standard,220.52
6381,James Hopkins,qwest@example.com,Slovakia (Slovak Republic),2025-09-17,Standard,174.82
6382,Jessica Fox,agonzalez@example.com,Bahrain,2024-04-09,Standard,260.64
6383,Jennifer King,alvaradotracie@example.com,Sao Tome and Principe,2024-08-17,Standard,126.80
6384,Maureen Gordon,tparks@example.org,Guam,2022-10-03,Standard,99.63
6385,Megan Adams,belljoseph@example.net,Bahrain,2024-07-12,Basic,303.06
6386,Laurie Evans,diane11@example.com,France,2022-06-16,Premium,1019.37
6387,Carlos Shannon,anthony51@example.org,Syrian Arab Republic,2022-06-12,Basic,55.43
6388,Sarah Bradford,debrajohnson@example.org,Australia,2025-04-30,Standard,89.35
6389,Michael Walker,hawkinstina@example.org,Antarctica (the territory South of 60 deg S),2023-03-03,Basic,125.55
6390,Tanya Scott,flowersdavid@example.org,Mauritius,2024-09-29,Basic,194.32
6391,Matthew Andrews,zsantana@example.org,Bolivia,2024-11-15,Basic,307.75
6392,Benjamin Spencer,dramos@example.com,Vanuatu,2024-12-29,Standard,139.79
6393,Kenneth Petersen,ngeorge@example.com,Fiji,2024-12-19,Basic,193.55
6394,Jasmine Hernandez,jeffreyward@example.net,Fiji,2025-08-27,Basic,377.98
6395,Karina Gould,medinalauren@example.com,Serbia,2026-05-15,Basic,354.94
6396,Diane Ewing,hernandezjuan@example.com,Antigua and Barbuda,2023-05-13,Premium,1568.78
6397,Christina Porter,jthomas@example.org,Grenada,2022-04-23,Standard,343.54
6398,Victor Clark,rodriguezmeghan@example.net,South Africa,2026-01-13,Standard,627.27
6399,Michael Harrison,nmartin@example.net,Fiji,2024-02-06,Basic,179.06
6400,Eric Vasquez,rodgersbrian@example.com,Equatorial Guinea,2023-09-03,Standard,124.06
6401,Kenneth Ramirez,traceyconner@example.net,Guinea,2023-08-21,Basic,116.63
6402,Jeffrey Henderson,angela67@example.com,Malta,2024-08-18,Basic,316.33
6403,Chad Montgomery,lauren93@example.org,Denmark,2024-10-26,Standard,304.86
6404,Shelly Duncan,daviddennis@example.org,Slovenia,2024-04-27,Premium,851.92
6405,Nancy Joyce,jennifer42@example.net,Comoros,2025-12-09,Standard,369.46
6406,Joanna Warren,shannonmcdonald@example.net,Jersey,2023-03-23,Premium,1161.55
6407,Alison Mitchell,spatton@example.org,Armenia,2022-11-14,Standard,590.06
6408,Eric Gray,sprice@example.com,San Marino,2025-05-19,Standard,171.25
6409,William Arnold,clarkchristine@example.net,Sudan,2022-04-25,Standard,429.03
6410,Scott Whitehead,collinhall@example.net,San Marino,2026-06-22,Standard,581.02
6411,Robin Mckee,dawn79@example.net,Saint Pierre and Miquelon,2022-09-08,Premium,556.31
6412,Suzanne Davis,jamesingram@example.net,Montenegro,2025-09-03,Basic,41.79
6413,Natalie Soto,carla12@example.net,Bulgaria,2024-07-24,Standard,377.02
6414,Beverly Moore,jonesjason@example.org,Samoa,2023-01-16,Standard,276.45
6415,Sonya Reeves,brandon74@example.net,Northern Mariana Islands,2022-01-02,Standard,525.30
6416,Vicki Munoz,jamesbird@example.net,Jamaica,2025-05-10,Standard,678.26
6417,Kimberly Hernandez,fhoffman@example.org,Mexico,2021-09-06,Premium,247.64
6418,Michael Ayers,mariahardin@example.net,Korea,2025-05-08,Standard,327.65
6419,Christina Warner,evanssheri@example.com,Luxembourg,2024-12-23,Basic,59.22
6420,Dylan Diaz,qmiller@example.net,Ghana,2024-04-17,Standard,379.79
6421,Maria Smith,doris29@example.org,Chad,2026-04-08,Standard,483.84
6422,Marc Paul,jennifer89@example.org,Norway,2024-11-10,Premium,754.98
6423,Terry Williams,sellerstimothy@example.org,Cameroon,2025-04-01,Standard,552.59
6424,Steven Atkinson,vevans@example.com,Maldives,2022-10-19,Basic,142.88
6425,Mario Juarez,david88@example.org,Gambia,2025-06-03,Standard,85.65
6426,Christian Wright,dillon94@example.org,Sri Lanka,2024-02-04,Basic,397.08
6427,Dennis Goodman,moorebrandy@example.net,Paraguay,2024-10-24,Standard,186.78
6428,Larry Brooks,harperclayton@example.com,Norway,2022-10-24,Basic,294.22
6429,Patricia Padilla,sarahallen@example.com,United Arab Emirates,2022-01-24,Standard,497.52
6430,Sharon Bird,drew05@example.net,Poland,2023-07-25,Basic,246.18
6431,Thomas Farmer,sfranco@example.com,Ukraine,2021-12-11,Standard,601.85
6432,Rebecca Mcdonald,iflowers@example.net,Israel,2022-01-18,Standard,448.07
6433,Jeffrey Ferguson,annabutler@example.net,Trinidad and Tobago,2021-09-17,Standard,480.21
6434,Kevin Richardson,brownclayton@example.com,Bahrain,2021-11-05,Basic,284.18
6435,Nicholas Hernandez,jasonhughes@example.org,Brazil,2024-01-03,Basic,204.23
6436,Sarah Nguyen,floresedwin@example.net,Malaysia,2021-09-28,Basic,146.40
6437,Lee Butler,hollowayjoshua@example.net,Anguilla,2023-06-25,Standard,322.17
6438,Eric Schneider,dominique17@example.net,United States Virgin Islands,2021-09-07,Standard,717.56
6439,Robert Malone,bclark@example.net,Switzerland,2023-10-24,Standard,297.99
6440,Jessica Mcfarland,kwalker@example.net,Mali,2025-12-23,Premium,208.51
6441,David Shelton,andrea02@example.net,Uzbekistan,2021-12-25,Standard,283.98
6442,Paul Smith,johnlewis@example.net,Burundi,2022-08-09,Standard,733.03
6443,Shannon Kim,fcollins@example.net,Sudan,2025-10-10,Standard,193.21
6444,Steven English,garycarney@example.org,Estonia,2022-02-02,Standard,199.84
6445,Danny Combs,lindseytorres@example.org,Saint Barthelemy,2025-05-17,Basic,334.97
6446,Laura Pittman,elizabeth74@example.net,Italy,2024-09-29,Standard,170.37
6447,Christina Hall,lisa30@example.net,Papua New Guinea,2025-10-29,Basic,185.52
6448,Kimberly Miller,wardwilliam@example.com,Dominica,2023-05-01,Standard,707.83
6449,Jessica Guzman,stephanie80@example.net,San Marino,2024-08-05,Standard,547.28
6450,Lisa Hanna,kim73@example.org,Croatia,2021-12-12,Basic,210.27
6451,Sandra Wiggins,wfigueroa@example.com,Iraq,2025-06-29,Standard,154.46
6452,Matthew Foley,alecschmidt@example.com,Comoros,2024-05-01,Basic,390.04
6453,Jon Montoya,shannonwood@example.org,Togo,2022-07-14,Premium,871.13
6454,Diana Nguyen,feliciajohns@example.net,Bolivia,2022-11-20,Basic,151.42
6455,Christopher Wilson,billy79@example.net,Vanuatu,2022-09-28,Basic,300.78
6456,Jerry Wallace,solisdenise@example.net,Bahamas,2022-02-10,Standard,223.77
6457,Neil Oconnor,dickersonscott@example.org,Georgia,2025-10-10,Standard,481.62
6458,Jessica Thompson,michael39@example.com,Tonga,2026-04-01,Standard,239.67
6459,Johnny Murphy,lgarcia@example.net,Cayman Islands,2022-11-21,Basic,89.87
6460,Steven Lambert,tayloraudrey@example.com,Taiwan,2025-02-26,Basic,312.52
6461,Angela Perez,fowlerjackson@example.net,Lebanon,2026-05-19,Basic,393.14
6462,William Moreno,pwatson@example.com,Romania,2024-03-13,Basic,363.01
6463,Chad Perez,fullersharon@example.org,Russian Federation,2025-10-13,Basic,359.42
6464,Emily Rodriguez,brenda88@example.com,Barbados,2023-07-21,Premium,399.37
6465,Steven Ramirez,travis92@example.com,Norway,2024-09-20,Standard,486.75
6466,Sara Manning,christinegarrison@example.org,Albania,2023-05-06,Standard,445.75
6467,Sara Owen,qsmith@example.com,Trinidad and Tobago,2025-03-12,Basic,93.01
6468,Crystal Roberts,cindy81@example.com,United Kingdom,2024-06-13,Standard,317.14
6469,Sandra Vazquez,ocarter@example.org,Peru,2024-01-28,Standard,368.05
6470,Ashley Baker,thomasandrew@example.org,Australia,2024-05-03,Standard,603.93
6471,Rebecca Walker,jonesdawn@example.org,Liechtenstein,2023-05-03,Standard,330.35
6472,Julie Sparks,charlesbutler@example.org,El Salvador,2024-02-22,Standard,124.14
6473,Theresa Young,cookkevin@example.com,Venezuela,2025-05-18,Basic,45.38
6474,Valerie Stafford,mcguiredylan@example.org,Micronesia,2022-05-04,Standard,362.52
6475,Kristin Glass,hallstephen@example.org,Mozambique,2026-01-14,Standard,537.83
6476,Kimberly Mejia,jperez@example.com,British Virgin Islands,2023-02-24,Premium,474.70
6477,Greg Thomas,ryan86@example.org,Senegal,2026-03-05,Standard,460.77
6478,Patricia Daniels,brianbernard@example.org,Cook Islands,2024-03-28,Basic,310.15
6479,Nicole Olson,chelsea32@example.com,Puerto Rico,2023-01-28,Standard,204.63
6480,Harold Dunn,josecastro@example.org,Chad,2022-10-16,Standard,440.49
6481,Barbara Romero,deborah80@example.com,San Marino,2025-01-08,Standard,612.49
6482,David Black,thomasfreeman@example.com,United Kingdom,2024-07-03,Standard,418.60
6483,Deanna Ramirez,fergusonshirley@example.net,Singapore,2026-02-15,Standard,102.38
6484,Miranda Serrano,kennethjohnson@example.org,Turks and Caicos Islands,2021-12-20,Premium,1685.78
6485,Jason Hall,jorge33@example.com,Bahamas,2022-06-16,Standard,226.02
6486,Erica Fischer,olee@example.net,British Indian Ocean Territory (Chagos Archipelago),2026-02-13,Premium,1517.23
6487,Shawn Gomez,jbeck@example.org,San Marino,2023-11-12,Standard,338.70
6488,Chad Walton,christinepatterson@example.com,Burkina Faso,2024-04-10,Basic,62.54
6489,Brian Green,huntmegan@example.org,Seychelles,2026-07-06,Premium,1488.09
6490,Matthew Hill,lbailey@example.net,Sao Tome and Principe,2024-08-19,Basic,221.40
6491,Alicia Jordan MD,thomasnorris@example.org,Israel,2023-01-21,Premium,1227.60
6492,Jacqueline Gould,fsanchez@example.org,Pakistan,2025-12-07,Basic,160.54
6493,Erin Harris,scottkelsey@example.net,Uzbekistan,2026-01-22,Basic,347.60
6494,David Williams,uhoward@example.com,Finland,2023-12-31,Premium,279.30
6495,Lindsey Foster,jperez@example.org,Iran,2021-09-10,Standard,488.15
6496,Angel Buck,xballard@example.org,Niger,2022-09-03,Standard,272.80
6497,Lauren Adams,michaeloliver@example.com,Trinidad and Tobago,2023-07-24,Standard,654.04
6498,Natalie Carter,aanderson@example.com,Tanzania,2022-01-07,Standard,380.87
6499,Lindsey Day,sarahnavarro@example.org,Benin,2022-08-27,Basic,350.64
6500,Brandon Hughes,jacobthomas@example.net,Saint Pierre and Miquelon,2024-10-29,Standard,663.49
6501,Suzanne Travis,bmclaughlin@example.com,Guam,2022-09-28,Basic,271.15
6502,Tyler Simon,dchapman@example.net,Bolivia,2025-02-03,Standard,108.95
6503,James Conner,john60@example.com,Cyprus,2021-10-21,Standard,505.31
6504,Ms. Tiffany Thompson,daniellecolon@example.net,Mozambique,2025-12-28,Standard,679.61
6505,John Harris,michelle39@example.org,Belarus,2022-02-26,Standard,479.21
6506,Kristen Molina,pthomas@example.net,Malta,2024-01-01,Standard,114.27
6507,Patrick Wilson,gomezgina@example.net,Nigeria,2023-12-04,Basic,358.76
6508,Richard Jenkins,linda00@example.net,French Polynesia,2023-11-09,Basic,314.67
6509,Joyce Wade,brendafarrell@example.com,Singapore,2026-08-02,Standard,162.77
6510,Annette Wyatt,rebeccapark@example.net,Western Sahara,2021-10-25,Premium,205.65
6511,Stephen Anderson,yfernandez@example.org,Oman,2025-08-24,Basic,308.51
6512,Patrick Chavez,yhall@example.com,Denmark,2025-12-06,Standard,497.14
6513,David Smith,award@example.com,Algeria,2024-11-13,Standard,334.52
6514,Michael Ashley,kimberlyberry@example.org,Bahrain,2023-11-29,Premium,428.53
6515,Rebecca Brewer,cochranpatricia@example.com,Nepal,2021-09-02,Standard,481.21
6516,Samuel Mora DDS,hmartinez@example.org,Holy See (Vatican City State),2023-09-07,Basic,134.88
6517,Jeffery Williams,andreasmith@example.net,Anguilla,2022-05-03,Standard,428.69
6518,Cassie Turner,shamilton@example.com,Greece,2022-01-27,Standard,120.33
6519,Heather Reynolds,zhaney@example.com,Luxembourg,2025-09-07,Standard,211.80
6520,Daniel Burnett,jamesduncan@example.org,Peru,2025-04-06,Standard,707.64
6521,Marcus Joseph,kimwu@example.org,Korea,2023-08-22,Basic,153.11
6522,Justin West,gary35@example.net,Micronesia,2026-05-22,Basic,101.65
6523,Meghan Frazier,ujohnson@example.com,Lao People's Democratic Republic,2022-05-20,Standard,723.68
6524,Brandi Adams,zwatts@example.org,Namibia,2026-05-14,Premium,1032.88
6525,Kirk King,cortiz@example.com,Djibouti,2026-01-05,Premium,191.76
6526,Tony Johnson,loweryashley@example.com,Iran,2023-07-12,Basic,363.68
6527,Amy Moore,wongjohn@example.net,Jersey,2023-02-25,Standard,143.62
6528,Jorge Taylor,luis20@example.net,Georgia,2022-02-13,Standard,75.31
6529,Valerie Pena MD,hernandeznicole@example.org,Chile,2023-06-02,Premium,1356.78
6530,Miss Allison King MD,ashleypowell@example.com,Guernsey,2022-05-29,Standard,421.47
6531,Anne Frank,robert98@example.org,Italy,2023-02-16,Standard,164.34
6532,Erica Poole,rickdixon@example.net,Sudan,2024-01-09,Standard,462.07
6533,Katherine Brown,jennifergarcia@example.net,Congo,2025-11-21,Standard,156.85
6534,Edwin Cain,shelley99@example.com,Korea,2021-10-22,Standard,125.18
6535,Robin Smith,arnolddavid@example.com,Barbados,2021-11-29,Standard,275.29
6536,Anthony Davis,walkerrobert@example.com,Mauritius,2026-05-25,Standard,108.20
6537,Tyler Mckinney,irobertson@example.org,Comoros,2024-08-09,Basic,351.24
6538,Robert Flynn,cwilliamson@example.com,Comoros,2026-06-03,Standard,170.07
6539,Kathryn Jones,jason42@example.net,Korea,2024-10-26,Standard,419.43
6540,Keith Barrera,gharris@example.org,Tonga,2021-10-06,Basic,74.03
6541,Dawn Finley,,Israel,2025-04-04,Standard,746.58
6542,Lisa Edwards,david04@example.org,Western Sahara,2022-08-21,Standard,213.30
6543,Adrian English,ydiaz@example.org,Qatar,2026-02-25,Standard,143.59
6544,Daniel Hoffman,gilbertkenneth@example.org,Ukraine,2022-01-29,Standard,148.09
6545,Jessica Campbell,fedwards@example.org,Chile,2025-02-14,Premium,904.55
6546,Mark Rodriguez,mjones@example.org,Christmas Island,2023-01-05,Basic,280.22
6547,Nicholas Ellis,johnnywells@example.net,Reunion,2023-08-10,Standard,200.99
6548,Donald Perez,jasminewilliams@example.com,United States of America,2023-07-13,Premium,429.33
6549,Mrs. Joann Burns,brian97@example.com,Estonia,2022-03-13,Premium,949.23
6550,Catherine Lee DDS,brockmartha@example.org,United States Minor Outlying Islands,2026-07-31,Basic,233.05
6551,Nicole Anderson,bradleyhernandez@example.org,Serbia,2022-09-26,Standard,499.08
6552,Amanda Contreras,robinsonwhitney@example.com,Andorra,2024-02-04,Standard,703.15
6553,Cheryl Ortiz,rlopez@example.com,British Virgin Islands,2022-04-21,Standard,461.45
6554,Bruce Alexander,amandarogers@example.net,Hungary,2024-02-10,Standard,635.08
6555,Barbara Strong,brewereric@example.net,Jamaica,2022-08-05,Basic,287.24
6556,Elizabeth House,xosborne@example.net,India,2026-07-01,Standard,586.57
6557,Brandi Larsen,nicolegarcia@example.net,Swaziland,2024-08-06,Basic,123.39
6558,Bob Gates,patrick67@example.net,Micronesia,2025-01-14,Basic,127.49
6559,Nicole Clark,wilsonsophia@example.org,New Caledonia,2022-05-08,Premium,986.60
6560,Sarah Jones,gary38@example.net,Paraguay,2023-03-27,Standard,747.24
6561,Jerry Ross,kelly50@example.net,Gibraltar,2023-03-25,Standard,303.47
6562,Stacey Burke,hughesbrent@example.org,Mozambique,2025-07-14,Standard,378.51
6563,Joseph Choi,christy84@example.com,Tanzania,2021-08-14,Basic,217.42
6564,Richard Riley,duncanmichael@example.com,Australia,2023-05-05,Basic,236.06
6565,Ashley Knight,lopezaaron@example.com,Lao People's Democratic Republic,2024-02-09,Standard,346.88
6566,Tyler Shaw,riveraandrew@example.net,Cyprus,2022-08-24,Basic,82.84
6567,Rebecca Marshall,reedanne@example.net,Burkina Faso,2023-05-19,Standard,116.24
6568,Ashley Osborne,gmatthews@example.org,Cambodia,2023-06-25,Basic,218.73
6569,Brenda Howard,kaylee04@example.org,Jamaica,2022-06-23,Basic,226.58
6570,Chad Anderson,davismary@example.com,Gabon,2024-11-14,Basic,349.64
6571,Thomas Goodwin,thomaskenneth@example.com,Qatar,2021-12-23,Premium,1379.14
6572,Andrea Collier,beardtroy@example.org,Tuvalu,2024-01-09,Standard,171.95
6573,Sarah Burns,shepardcynthia@example.com,Wallis and Futuna,2022-02-02,Standard,190.38
6574,Travis Long,flee@example.org,Azerbaijan,2023-02-25,Standard,310.78
6575,Christopher Leonard,albert40@example.org,Cayman Islands,2021-12-27,Standard,133.18
6576,Tina Mccarty,rachelavila@example.org,Iran,2021-12-16,Standard,664.58
6577,Roger Miller,kingchristopher@example.org,Marshall Islands,2026-07-01,Standard,599.67
6578,Jessica Bryant,patrick69@example.net,Sierra Leone,2024-12-18,Standard,376.92
6579,Daniel Lutz,carrollalexandra@example.org,Ireland,2024-02-25,Premium,592.23
6580,Bradley Aguilar,wattsthomas@example.org,Bangladesh,2025-05-24,Standard,569.43
6581,Timothy Harrison,bowersjanice@example.com,Qatar,2025-09-21,Standard,594.81
6582,Beverly Lloyd,omedina@example.org,Gambia,2026-06-17,Standard,737.65
6583,Diana Cook,romerozachary@example.org,Dominica,2022-04-27,Premium,1069.39
6584,Craig Jenkins,uyork@example.com,Saint Barthelemy,2024-12-20,Basic,311.79
6585,Katherine Avery,travisscott@example.net,Rwanda,2025-03-10,Basic,240.71
6586,Marie Wright,kevinsmith@example.com,Barbados,2024-03-13,Standard,535.26
6587,Maria Powell,randy27@example.com,Uzbekistan,2023-06-20,Standard,495.82
6588,Mikayla Russell,elizabeth26@example.org,United States of America,2025-11-22,Standard,603.76
6589,Kevin Gonzalez,courtneyboyd@example.org,Cape Verde,2025-06-09,Basic,383.11
6590,Amber Flores,mjackson@example.com,Faroe Islands,2023-12-28,Premium,1621.77
6591,Nicholas Brown,josephroberts@example.net,Philippines,2023-09-11,Basic,327.42
6592,Jay Pitts,scottkenneth@example.org,Turkey,2025-03-17,Basic,289.05
6593,Eric Yoder,abonilla@example.com,Singapore,2025-03-16,Standard,643.19
6594,Daniel Warner,stevenwoods@example.com,South Africa,2025-03-22,Standard,560.45
6595,Katherine Luna,kevinmcgee@example.com,Chile,2024-01-10,Basic,130.28
6596,Michael Thompson,xbowman@example.org,Burkina Faso,2025-05-20,Basic,273.41
6597,Jessica Garcia,mary99@example.net,Kyrgyz Republic,2023-11-09,Standard,483.78
6598,Sarah Hopkins,aguilarheather@example.org,Ireland,2025-02-23,Basic,259.50
6599,Ryan Reed,cummingskelly@example.org,Monaco,2023-09-28,Standard,119.56
6600,Chelsea Morris,rgordon@example.net,Barbados,2021-10-06,Premium,721.18
6601,Desiree Jones,zreed@example.net,Congo,2024-10-04,Standard,417.59
6602,Rachel Nichols,estafford@example.org,Anguilla,2023-04-18,Basic,310.42
6603,Rick Shaw,wmason@example.com,Kyrgyz Republic,2025-06-11,Premium,1206.36
6604,Jason Perkins,samanthadyer@example.org,Panama,2022-10-23,Premium,1629.75
6605,John Johnson,kayla81@example.org,Sudan,2023-12-22,Standard,442.18
6606,Theresa Norris,markhuffman@example.com,Pakistan,2026-04-09,Standard,397.38
6607,William Collins,jrobinson@example.com,Taiwan,2024-08-17,Standard,731.17
6608,Dylan Trevino,melissa04@example.com,Solomon Islands,2022-01-19,Standard,705.39
6609,Alison Ross,laneashley@example.net,Eritrea,2022-09-01,Standard,331.80
6610,Marissa Miller,frankarroyo@example.com,Azerbaijan,2022-06-15,Premium,1142.09
6611,Joshua Myers,martinamber@example.net,Wallis and Futuna,2025-02-11,Basic,278.93
6612,Sarah Scott,bbarr@example.net,Namibia,2024-12-03,Standard,487.04
6613,Miguel Arnold,vickie83@example.com,Spain,2022-01-17,Standard,440.83
6614,Emily Grant,stacyprice@example.net,Thailand,2025-06-24,Basic,246.85
6615,Craig Owens,russellbender@example.net,San Marino,2025-06-30,Standard,410.63
6616,Rebecca Hamilton,rodriguezmark@example.com,Iran,2024-06-04,Basic,341.34
6617,Jason Smith,dparker@example.com,Kazakhstan,2024-03-03,Premium,987.88
6618,Jennifer Farmer,ruizamy@example.net,Zambia,2024-09-22,Standard,746.08
6619,Sharon Mitchell,cperez@example.com,Uruguay,2024-04-26,Premium,1188.21
6620,Jesus Jimenez,shirleyorr@example.org,American Samoa,2022-03-04,Standard,428.96
6621,Lisa Weber,randall52@example.org,Lebanon,2023-01-27,Standard,200.71
6622,James Peters,james86@example.net,French Polynesia,2025-09-30,Standard,235.30
6623,Melissa Johnson,randrade@example.org,Sweden,2023-02-17,Premium,599.19
6624,Kenneth Lutz,egonzalez@example.com,North Macedonia,2023-09-25,Premium,1584.18
6625,Todd Fritz,alyssacooper@example.com,Belize,2022-07-21,Standard,746.27
6626,William Burton,kristasalas@example.com,Cuba,2024-08-02,Standard,493.19
6627,Michael Frank,kimberly73@example.net,Korea,2023-07-31,Standard,459.21
6628,Michael Richardson,fphillips@example.org,Martinique,2025-07-25,Premium,371.60
6629,Timothy Kelly,josephcarpenter@example.org,North Macedonia,2024-06-26,Standard,440.69
6630,Jessica Mccoy,daniel75@example.com,Zambia,2022-09-14,Basic,163.35
6631,Samantha Brown,hernandezaustin@example.org,Turks and Caicos Islands,2023-07-12,Standard,244.56
6632,Catherine Mendez,kmclean@example.com,Solomon Islands,2026-07-25,Basic,181.54
6633,Sandra Allen,lisathompson@example.org,Liechtenstein,2022-08-11,Standard,207.37
6634,Rebecca Thompson,robertporter@example.org,Saudi Arabia,2022-03-30,Standard,625.28
6635,Jeffrey Hawkins,dmoore@example.org,Heard Island and McDonald Islands,2026-06-10,Standard,505.85
6636,Margaret Ramsey,ashaffer@example.org,Cayman Islands,2024-09-15,Standard,164.84
6637,Christine Lowe,gina41@example.com,Falkland Islands (Malvinas),2023-07-19,Standard,463.84
6638,Mr. Andrew Reynolds,kreed@example.net,Greenland,2026-02-19,Standard,339.19
6639,David Brooks,zferguson@example.com,Niger,2022-07-11,Basic,351.87
6640,Cameron Stevenson,smithpaul@example.com,Saint Helena,2025-01-03,Standard,723.32
6641,Maria Torres,phillipsderek@example.org,Belize,2024-02-25,Basic,376.43
6642,Christine Mitchell,aarongray@example.net,Venezuela,2024-05-11,Standard,185.98
6643,Carrie Glass,ramirezjennifer@example.com,Malta,2026-08-02,Premium,1246.83
6644,Alyssa Stanley,lloydcheryl@example.org,British Virgin Islands,2022-01-06,Standard,434.80
6645,Brian Young,perry58@example.org,Turkmenistan,2023-08-07,Standard,742.83
6646,Lee Smith,russellrobert@example.net,Suriname,2025-01-12,Standard,691.92
6647,Jennifer Russell,garymoyer@example.org,Mayotte,2023-06-30,Standard,188.18
6648,Alexander Garcia,fletchermichael@example.net,Vanuatu,2023-07-08,Standard,347.46
6649,Kenneth Washington,patriciamoreno@example.org,Puerto Rico,2022-12-11,Standard,661.13
6650,Michael Mullins,jordanwallace@example.org,Saint Vincent and the Grenadines,2023-12-15,Standard,432.58
6651,Elizabeth Clark,justin17@example.com,Honduras,2023-10-05,Basic,173.22
6652,Ronald Burke,christopherjackson@example.org,Myanmar,2026-04-18,Standard,744.21
6653,Alexandra Stark,fpatrick@example.org,Serbia,2022-08-02,Standard,452.96
6654,Jenna York,beltranstephen@example.com,Paraguay,2023-12-29,Standard,321.92
6655,Michael Hopkins,harveymegan@example.net,Croatia,2026-04-07,Basic,216.27
6656,Albert Peterson,fosterpatricia@example.org,Netherlands Antilles,2025-11-30,Standard,335.74
6657,Dana Nelson,milleranna@example.net,Bahamas,2025-06-22,Basic,156.78
6658,Darren Miller,wwiley@example.com,Liechtenstein,2026-03-24,Standard,585.29
6659,Brian Dixon,jessica38@example.com,British Virgin Islands,2021-11-19,Basic,143.43
6660,Latasha Trujillo,erikbaker@example.org,Portugal,2025-12-28,Standard,80.13
6661,Scott Johnson,freynolds@example.com,Montserrat,2024-10-05,Standard,495.65
6662,Brandy Liu,swilcox@example.net,Fiji,2025-09-16,Basic,361.79
6663,Juan Goodman,michaelbeard@example.net,Namibia,2022-03-17,Basic,66.82
6664,Robert Pope,wjackson@example.com,Saint Pierre and Miquelon,2021-11-30,Basic,369.00
6665,Jorge Brown,trandaniel@example.com,Wallis and Futuna,2024-03-06,Standard,186.25
6666,Tamara Gonzalez,susanhiggins@example.com,Tokelau,2022-08-05,Standard,637.29
6667,Mrs. Amy Macdonald,steven36@example.com,Montenegro,2025-06-12,Standard,234.31
6668,Emily Johnson,kristinemendoza@example.net,Samoa,2024-06-28,Basic,70.96
6669,Melissa Erickson,mosleypamela@example.org,Saint Lucia,2023-10-20,Standard,341.31
6670,Marie Perez,whiteryan@example.org,Hungary,2024-01-22,Premium,637.50
6671,Michael White,jbrown@example.net,French Guiana,2022-01-03,Premium,1478.47
6672,Jennifer Davis,alexanderclark@example.org,Andorra,2025-06-08,Standard,221.20
6673,Lauren Torres,danahood@example.org,Mauritania,2025-08-26,Standard,493.08
6674,Sarah Casey,veronicabyrd@example.net,Turkmenistan,2024-03-11,Standard,358.15
6675,Anthony Short,hvelasquez@example.com,Venezuela,2023-12-02,Basic,382.22
6676,Tommy Goodman,donald38@example.com,Paraguay,2023-08-11,Premium,1433.12
6677,Natalie Smith,vli@example.com,Nicaragua,2023-09-30,Standard,289.19
6678,Joe Bryant,obriensteven@example.com,Canada,2023-06-24,Premium,1152.71
6679,Patricia Williamson,lopezalexandra@example.com,Yemen,2021-12-14,Basic,93.89
6680,Miguel Burton,john51@example.net,Guinea-Bissau,2022-11-16,Basic,328.86
6681,Megan Harris,blake58@example.net,Madagascar,2026-05-20,Standard,594.59
6682,Suzanne Smith,cynthiagarcia@example.org,Afghanistan,2026-01-27,Premium,1397.73
6683,Denise Nguyen,morganmary@example.net,Nepal,2023-10-12,Standard,333.48
6684,Jennifer Smith,vbecker@example.com,Luxembourg,2025-12-07,Standard,748.38
6685,Erin Bautista,garnerlaura@example.net,Czech Republic,2023-06-16,Standard,428.51
6686,John Miller,smithsamantha@example.org,South Africa,2023-10-01,Standard,483.42
6687,Lawrence Carroll,sscott@example.com,Mozambique,2025-06-15,Basic,312.80
6688,Jason Schwartz,erica16@example.com,Nicaragua,2022-03-09,Premium,743.55
6689,Katherine Chen,matthew96@example.com,Switzerland,2024-06-29,Standard,422.12
6690,Paul James,zbrown@example.net,American Samoa,2022-03-09,Standard,592.72
6691,Rachael Rubio,frank52@example.com,Togo,2023-08-29,Standard,675.88
6692,Julie Greene,reyesrobin@example.net,Spain,2023-02-04,Basic,240.67
6693,Dr. Melissa Johnson DDS,james89@example.net,Costa Rica,2022-06-03,Basic,319.31
6694,Daniel Estrada,ruth13@example.org,Czech Republic,2021-12-16,Standard,719.99
6695,Jennifer Harper,james32@example.com,Israel,2024-06-12,Basic,250.08
6696,Caleb Williamson,dianecrawford@example.com,Liberia,2025-08-06,Standard,584.15
6697,Elizabeth Bradshaw,gchase@example.net,Mexico,2025-01-03,Standard,263.69
6698,Ryan Mclaughlin,sstewart@example.com,Guyana,2025-04-13,Basic,89.76
6699,Shannon Martin,andrew34@example.com,Jersey,2026-04-17,Basic,223.68
6700,Patrick Benson,aaron68@example.net,Nauru,2025-04-02,Basic,361.54
6701,Daniel Robertson,aperkins@example.net,Yemen,2024-05-18,Standard,501.72
6702,Matthew Houston,pthompson@example.org,Montenegro,2024-05-01,Basic,191.91
6703,Alan Martin,patricktammy@example.net,Oman,2023-04-27,Standard,660.09
6704,Carly Harris,aestrada@example.net,Australia,2021-12-29,Basic,342.97
6705,Andrea Rodriguez,sherritate@example.com,Philippines,2022-12-19,Standard,413.87
6706,Jason Cook,caseymichael@example.org,Malaysia,2025-09-16,Standard,489.71
6707,Mathew Odonnell,michaelyoung@example.org,Malaysia,2025-07-16,Premium,305.69
6708,Joe Carter,michael33@example.com,Ireland,2025-09-28,Standard,740.14
6709,Abigail Li,jeffreythomas@example.net,Solomon Islands,2022-01-28,Premium,1643.80
6710,Mary Cooke,wilsonangela@example.net,Montserrat,2021-12-16,Premium,237.06
6711,Michael Jones,shawnbishop@example.com,United Arab Emirates,2024-10-26,Standard,282.12
6712,Joe Camacho,tcontreras@example.com,Honduras,2022-04-25,Standard,470.77
6713,Claire Garza,tray@example.com,Iraq,2026-05-12,Basic,66.19
6714,Molly Gonzalez,rlindsey@example.com,Madagascar,2022-05-23,Standard,508.79
6715,Jamie Harris,oclark@example.org,Armenia,2022-09-22,Basic,396.83
6716,Jesus James,jburnett@example.org,Finland,2026-08-08,Premium,688.42
6717,David Brewer,holdenregina@example.net,Malta,2025-08-26,Standard,215.63
6718,Leslie Smith,rodriguezderek@example.com,Burkina Faso,2021-11-14,Standard,399.36
6719,Kathryn Nichols,connor65@example.com,Sweden,2023-09-13,Standard,502.56
6720,Andrew Johnson,katie37@example.org,Serbia,2026-03-29,Standard,573.25
6721,Angela Young,michellebell@example.com,Japan,2025-04-25,Standard,266.64
6722,Michael Wilkerson,stephen66@example.org,Azerbaijan,2024-09-01,Standard,425.87
6723,Terry Parsons,johnstonrobin@example.org,Oman,2022-05-20,Standard,335.43
6724,Darrell Peters,,Spain,2023-08-15,Standard,558.80
6725,Juan Hughes,kgarner@example.com,Kyrgyz Republic,2023-06-01,Premium,1691.88
6726,Shawn Jones,kellywilliams@example.org,Saudi Arabia,2025-02-06,Standard,707.24
6727,Logan Khan,fullermichael@example.com,Jersey,2022-06-09,Standard,681.74
6728,Debra Johnson,juliestevens@example.org,Armenia,2024-07-28,Basic,298.97
6729,Christopher Johnson,kennethhancock@example.org,Peru,2024-08-10,Standard,353.96
6730,Julie Luna,hclark@example.net,Saint Barthelemy,2022-10-23,Basic,86.71
6731,Daniel Robbins,peterjones@example.com,Lao People's Democratic Republic,2022-11-19,Basic,394.52
6732,Theodore Vargas II,rebecca25@example.net,Ghana,2025-12-15,Basic,370.93
6733,Erica Doyle,david41@example.com,Egypt,2023-09-20,Standard,716.05
6734,David Snyder,joe88@example.com,Moldova,2025-05-25,Premium,519.04
6735,Jessica Baker,hebertkenneth@example.net,Cape Verde,2023-06-05,Basic,294.72
6736,Melissa Bradley,priley@example.com,Greenland,2025-02-10,Basic,78.11
6737,Amber Nguyen,susan88@example.org,Trinidad and Tobago,2023-10-03,Premium,1492.23
6738,Kelly Cook,adam52@example.net,Iceland,2023-05-02,Premium,1130.36
6739,Dr. Thomas Wells,franklinmichael@example.com,Mexico,2022-10-16,Basic,272.25
6740,Henry Holloway,joshuaduarte@example.org,Kuwait,2023-06-05,Standard,496.25
6741,John Brown,gregory95@example.org,Dominican Republic,2024-10-05,Premium,1337.82
6742,David Stephens,austin11@example.org,Ethiopia,2023-05-05,Basic,227.05
6743,Kelly Burton,paul65@example.org,United States of America,2023-02-22,Standard,405.44
6744,Alicia Henderson,mbuck@example.com,Netherlands,2022-03-27,Standard,448.10
6745,Anthony Newton,mcole@example.net,Morocco,2021-10-23,Standard,434.45
6746,Mark Lee,lindalee@example.net,Niue,2026-07-23,Basic,185.45
6747,Michael Parks,petersdavid@example.org,Cuba,2024-04-29,Basic,279.46
6748,Timothy Rasmussen,beasleystacey@example.net,Luxembourg,2025-07-11,Standard,196.95
6749,Rachel Black,carnold@example.org,Puerto Rico,2026-03-29,Standard,388.38
6750,Teresa Hicks,sarah31@example.com,Gibraltar,2021-10-10,Standard,731.97
6751,Courtney Patel,tracykramer@example.net,San Marino,2021-11-01,Standard,254.30
6752,Debra Ward,wendyhall@example.com,Nigeria,2024-03-12,Premium,418.74
6753,Karen Sanchez,john53@example.com,Christmas Island,2026-07-06,Standard,97.07
6754,Alexandria Fuentes,kelli58@example.com,Montserrat,2023-09-05,Premium,317.12
6755,Amanda White,austinsmith@example.net,New Caledonia,2022-04-16,Basic,347.76
6756,Toni Atkins,brucetravis@example.net,Guinea,2023-03-25,Basic,177.67
6757,Hector Reed,petersensarah@example.com,Thailand,2024-12-29,Standard,237.74
6758,Seth Turner,imoody@example.com,Gambia,2022-09-30,Premium,258.63
6759,Philip Smith III,millerwalter@example.org,Norfolk Island,2026-01-19,Basic,298.58
6760,Jenna Hill,harrismarc@example.net,Lesotho,2022-11-27,Basic,272.35
6761,Kelly Howard,xadams@example.org,Liechtenstein,2023-04-22,Standard,383.59
6762,Jeremy Webster,smithkimberly@example.com,China,2026-07-28,Standard,373.96
6763,James Shannon,qgonzalez@example.org,Thailand,2023-02-24,Basic,118.22
6764,Angela Brown,glassgary@example.org,Angola,2026-03-08,Standard,468.22
6765,Casey Murray,priceraymond@example.org,Holy See (Vatican City State),2024-12-17,Standard,640.56
6766,Peter Stephens,kenneth12@example.net,Macao,2023-03-02,Premium,461.32
6767,Brandon Kaufman,wendytucker@example.net,Canada,2022-01-01,Standard,719.76
6768,Dawn Hopkins,toni78@example.net,Mongolia,2025-11-10,Basic,117.08
6769,Christina Castillo,ajones@example.net,French Polynesia,2025-05-30,Standard,190.55
6770,Kathy Curry,chenpatrick@example.org,Portugal,2024-04-08,Premium,847.68
6771,Jocelyn Wheeler,torresdeanna@example.com,Afghanistan,2024-07-25,Standard,651.36
6772,Phillip Gonzalez,morrisonadrienne@example.org,Cyprus,2025-11-20,Premium,652.54
6773,Michele Randall,kara70@example.com,Nicaragua,2023-11-04,Standard,172.11
6774,Diamond Browning,zkoch@example.net,French Polynesia,2023-07-12,Basic,157.04
6775,Mr. Samuel Bradley,coreysmith@example.com,Brunei Darussalam,2025-10-20,Standard,725.80
6776,Veronica Weber,bellkarla@example.com,Wallis and Futuna,2024-04-25,Basic,348.05
6777,Craig Salinas,gcruz@example.net,Micronesia,2026-07-05,Standard,291.14
6778,David Watson,wrightbrenda@example.net,Chad,2022-06-23,Basic,136.04
6779,Laura Flynn,shannon31@example.com,Iran,2024-05-05,Premium,1316.54
6780,Robert Wilkins,mariaramirez@example.org,Thailand,2024-01-07,Standard,576.97
6781,Brett Miller,stacygonzales@example.com,Zambia,2022-12-28,Standard,184.05
6782,Donald Guerra,michelle17@example.org,Saudi Arabia,2024-10-26,Standard,241.82
6783,Jason Wolfe,mary76@example.com,Kiribati,2024-04-07,Premium,698.88
6784,Jacqueline Elliott,ymyers@example.com,Grenada,2024-10-16,Basic,247.94
6785,Rachel Thomas,eking@example.org,Jordan,2021-11-16,Basic,219.32
6786,Sean Torres,kpruitt@example.org,Suriname,2024-12-27,Basic,81.93
6787,Victoria Vazquez,mark19@example.com,Romania,2025-08-23,Basic,257.30
6788,Douglas Roberts,kelleyalexis@example.com,Ethiopia,2025-11-22,Basic,249.62
6789,Frederick Walker,ortegacatherine@example.org,Andorra,2025-07-09,Premium,1074.39
6790,Paige Sanders,hortonbrittany@example.net,Nicaragua,2023-12-05,Standard,184.41
6791,Leslie Murphy,perezdaniel@example.com,Angola,2026-07-01,Standard,525.04
6792,Kelly Stone,cookrebekah@example.net,Myanmar,2026-04-08,Standard,587.83
6793,Ryan Jones,ryan09@example.net,United Arab Emirates,2023-10-06,Basic,298.76
6794,Ronald Nichols Jr.,bpierce@example.org,Moldova,2026-08-01,Standard,552.85
6795,Brianna Black,zsalazar@example.org,Bahrain,2025-12-18,Basic,89.78
6796,Thomas Mahoney,estradashelby@example.com,Malaysia,2025-07-16,Basic,380.49
6797,Ann Daniels,millererika@example.com,Tanzania,2024-04-15,Standard,163.20
6798,Jorge Brown,darryl49@example.com,Tonga,2023-09-02,Premium,1238.47
6799,Matthew Dominguez,sduncan@example.org,Burundi,2022-07-28,Basic,88.50
6800,Valerie Hodges MD,ginacastro@example.net,Palau,2025-07-05,Standard,567.21
6801,Luke Murray,lisareid@example.net,Svalbard & Jan Mayen Islands,2023-05-19,Basic,59.54
6802,Brian Payne,michael22@example.net,Faroe Islands,2026-01-14,Standard,100.42
6803,Carrie Stone,istokes@example.net,Philippines,2026-05-24,Premium,1373.57
6804,Joshua Barrera,dlong@example.com,Afghanistan,2024-06-25,Standard,622.31
6805,Sherri Mclaughlin,kthomas@example.org,Canada,2023-05-12,Standard,389.28
6806,Rachel Dawson,scottjackson@example.org,Saint Kitts and Nevis,2024-06-09,Standard,657.95
6807,Christina Baldwin,scotttaylor@example.org,Jersey,2023-08-07,Standard,536.43
6808,Donald Perkins,coxbarbara@example.org,Andorra,2022-10-25,Standard,562.38
6809,David Rowe,tonya08@example.net,Maldives,2022-08-19,Basic,280.25
6810,Kristina Taylor,zachary70@example.com,Western Sahara,2024-07-04,Standard,234.84
6811,Chase Evans,wcortez@example.org,United States of America,2024-07-14,Standard,698.90
6812,Terry Pitts,shannongilbert@example.org,Argentina,2022-12-17,Basic,372.12
6813,Brianna Jackson,veronicalane@example.net,Uruguay,2025-12-09,Basic,332.90
6814,Randall Pugh MD,hensleyleslie@example.org,Uganda,2025-05-02,Premium,202.31
6815,Victoria Campbell,williamsstephanie@example.net,Montserrat,2022-09-12,Basic,125.06
6816,Alex Lewis,qruiz@example.org,Argentina,2024-07-22,Standard,130.36
6817,Mrs. Patty Gross MD,leonzachary@example.org,Puerto Rico,2025-12-05,Standard,611.12
6818,Terry Brown,jacob71@example.com,Swaziland,2024-04-26,Standard,385.64
6819,Claudia Williams,julie45@example.org,Somalia,2025-12-07,Standard,663.48
6820,Tammy Walsh,jstone@example.org,Nepal,2026-05-31,Basic,353.92
6821,Juan Haynes,robert74@example.net,Turkmenistan,2022-05-24,Standard,701.76
6822,Richard Ross,frederick50@example.com,Ireland,2023-01-03,Premium,1401.84
6823,Timothy Davies,ycarter@example.com,Suriname,2025-09-14,Standard,188.05
6824,Rebecca Rocha,fgraham@example.org,Faroe Islands,2023-05-04,Basic,379.06
6825,Jeffrey Johnson,mooredana@example.net,Thailand,2026-07-28,Basic,279.04
6826,Ashley Vazquez,bryantgregory@example.org,Angola,2024-07-14,Premium,488.17
6827,Lisa Durham,rileywhite@example.com,Monaco,2022-12-20,Standard,660.80
6828,Albert Williams,chadcollins@example.org,Uruguay,2024-07-27,Standard,113.26
6829,Daniel Richards,adam56@example.net,Reunion,2023-07-26,Basic,368.20
6830,Kenneth Long,zimmermantravis@example.com,Somalia,2026-08-11,Standard,744.72
6831,Richard Lara,carloshensley@example.net,Liechtenstein,2021-10-18,Premium,1256.67
6832,Ellen Price,clarkjuan@example.com,Saint Martin,2023-05-20,Standard,485.87
6833,Marcus Estrada,kingstephanie@example.org,Fiji,2021-09-26,Premium,801.57
6834,Patricia Boyer,talvarado@example.net,Bulgaria,2025-09-28,Standard,568.93
6835,Anthony Holmes,melindacarter@example.com,Brazil,2025-11-12,Premium,422.91
6836,Derek Evans,butlerrachel@example.net,Paraguay,2024-06-16,Basic,372.64
6837,Carl Neal,fishernicole@example.org,South Africa,2021-10-02,Basic,187.64
6838,Susan Mccarthy,lynn41@example.com,Cyprus,2024-10-19,Basic,90.27
6839,Stephanie Klein,roy66@example.org,Netherlands,2024-01-07,Premium,1389.92
6840,Amanda Davis,cruzjohn@example.com,Guinea-Bissau,2024-10-18,Standard,153.26
6841,Karen Nelson,zstewart@example.com,Guinea-Bissau,2023-09-15,Standard,145.54
6842,Javier Bennett,kbrock@example.net,Bermuda,2022-09-17,Basic,55.07
6843,Ashley Stark,regina32@example.com,Slovakia (Slovak Republic),2022-04-28,Standard,96.54
6844,Xavier Scott,james24@example.net,France,2025-01-25,Premium,715.13
6845,Eric Davis,campbellwillie@example.com,Western Sahara,2024-09-19,Basic,230.50
6846,Felicia Shaw,robertojones@example.com,Iran,2024-07-08,Standard,242.85
6847,Maxwell Herrera,timothygomez@example.net,Kuwait,2024-06-30,Basic,308.84
6848,Frank Mooney,kathydavis@example.net,Australia,2024-02-07,Standard,273.19
6849,Steven Rivera,yolandanelson@example.com,Bouvet Island (Bouvetoya),2022-08-29,Standard,331.69
6850,Donald Martinez,gregory20@example.net,Philippines,2024-06-01,Standard,84.05
6851,April Lee,thomaskatherine@example.org,Guyana,2023-04-19,Standard,514.17
6852,Laura Bruce,ashley24@example.org,New Caledonia,2025-01-31,Standard,278.49
6853,James Morris,nicholaswilliams@example.net,Benin,2022-02-27,Standard,176.00
6854,Aaron Anderson,lambertedward@example.com,Cook Islands,2024-04-19,Basic,103.41
6855,Shawn Adams,harrisoneric@example.org,Palau,2023-09-15,Premium,210.77
6856,Ruben Benitez,baxtercory@example.com,Ukraine,2026-07-18,Standard,341.48
6857,Tiffany Gray,snydertimothy@example.org,British Virgin Islands,2023-06-27,Standard,697.30
6858,Pamela Scott,hancockmichael@example.net,Myanmar,2024-08-10,Basic,247.51
6859,Courtney Gonzalez,hernandezjames@example.org,Saint Helena,2026-02-06,Standard,165.88
6860,Craig Erickson,,Switzerland,2024-08-20,Standard,328.51
6861,Tammy Trujillo,christianperez@example.com,Zimbabwe,2025-11-30,Premium,1471.60
6862,James Jones,jennifer84@example.net,Moldova,2023-01-08,Standard,646.64
6863,Jacqueline Montgomery,bsolomon@example.com,French Polynesia,2024-03-11,Basic,165.99
6864,Sarah Lopez,jasonbenson@example.com,United States of America,2024-09-21,Standard,608.91
6865,Jeremy Rodriguez,nunezshane@example.com,Hungary,2023-06-14,Basic,304.95
6866,Tyler Green,williamhansen@example.com,Benin,2022-04-26,Premium,1640.85
6867,Melanie Saunders,vlynch@example.org,Lesotho,2025-09-03,Basic,244.79
6868,Oscar Brown,arielsosa@example.net,Marshall Islands,2023-03-08,Standard,600.97
6869,Danielle Simmons,sgoodman@example.net,Indonesia,2022-11-06,Standard,630.86
6870,Judy Parker,wilsonchristopher@example.org,France,2022-08-06,Basic,122.39
6871,Lisa Lindsey,paulaperez@example.com,Central African Republic,2026-02-09,Standard,170.77
6872,Ms. Nichole Hernandez,macknicole@example.com,Samoa,2024-09-26,Standard,706.24
6873,Alexis Brown,dcampbell@example.com,United States Virgin Islands,2021-09-15,Standard,439.26
6874,Blake Allen,kmills@example.net,Tanzania,2024-07-22,Standard,589.74
6875,Sean Campbell,jessenguyen@example.org,Iraq,2024-05-06,Premium,1507.99
6876,Peter Wright,elizabethvelasquez@example.net,Iceland,2021-09-29,Standard,125.59
6877,Shelby Gonzalez,jerryrodriguez@example.org,Myanmar,2023-02-03,Basic,96.22
6878,Natasha Mcdaniel,yramirez@example.com,Spain,2023-05-31,Premium,933.92
6879,Michelle Smith,elizabethbanks@example.net,Isle of Man,2024-02-19,Premium,368.90
6880,Heather White,sara12@example.net,Norway,2023-09-04,Standard,398.53
6881,Theodore Stone,,Saint Lucia,2023-05-09,Standard,262.60
6882,Mark Hanson,daniel36@example.com,Georgia,2025-01-03,Standard,493.11
6883,Kenneth Wilson,michelle01@example.com,Kiribati,2025-07-05,Standard,562.04
6884,Christopher Gonzalez,william82@example.net,Panama,2024-03-11,Premium,846.26
6885,Suzanne Jackson,odudley@example.net,Tanzania,2021-10-04,Standard,353.33
6886,Logan Davis,saracamacho@example.net,Mongolia,2023-06-23,Premium,1529.52
6887,Mark Craig,worr@example.net,United States Minor Outlying Islands,2023-02-26,Standard,712.98
6888,James Henderson,petermartinez@example.net,Cuba,2025-07-13,Premium,678.11
6889,Eric Williams,jameschavez@example.org,Palau,2025-01-20,Basic,97.10
6890,James Hicks,oconnorderrick@example.org,Togo,2026-07-14,Basic,267.42
6891,Phyllis Mcpherson,ndowns@example.net,Greenland,2022-01-10,Premium,1279.39
6892,Whitney Fleming,swalters@example.com,Holy See (Vatican City State),2022-05-12,Basic,51.66
6893,Jack Knight,jessecannon@example.net,Bahrain,2025-07-25,Premium,201.55
6894,Mary Hunt,kimberly52@example.org,Netherlands Antilles,2022-05-23,Standard,685.94
6895,Richard White,michael55@example.com,Burkina Faso,2022-05-27,Basic,243.19
6896,Edward Rowland,ymahoney@example.net,Bouvet Island (Bouvetoya),2022-07-17,Basic,202.53
6897,Melissa Vega,pwest@example.net,Haiti,2024-12-29,Standard,606.12
6898,Joy Anthony,jfrancis@example.org,Austria,2021-08-18,Standard,325.35
6899,Bradley Hester,tammy57@example.com,Comoros,2022-04-11,Standard,600.41
6900,Mariah Wilson,ereid@example.com,South Africa,2024-05-26,Standard,267.40
6901,Jonathan Velasquez,youngallen@example.com,India,2022-10-30,Basic,380.48
6902,Jessica Thornton,pauldixon@example.org,Pitcairn Islands,2023-11-23,Standard,643.07
6903,Deanna Mccarty,jeremy18@example.net,Micronesia,2023-08-24,Premium,1450.89
6904,Catherine Hunter,hmyers@example.com,Cayman Islands,2023-12-04,Standard,76.84
6905,Amy Sanchez,christopher58@example.net,China,2025-08-20,Premium,268.55
6906,Ryan Watson,lmiller@example.com,Paraguay,2025-05-11,Premium,1409.17
6907,Deanna Smith,munozbrandon@example.com,Yemen,2024-12-01,Premium,501.37
6908,Robert Holt,bowmanerin@example.org,South Georgia and the South Sandwich Islands,2023-01-19,Basic,305.21
6909,Brent Singleton,connie24@example.net,Antarctica (the territory South of 60 deg S),2025-07-27,Standard,230.15
6910,Kristin Frazier,briancox@example.org,Brazil,2022-10-04,Standard,261.41
6911,Jose Pearson,,Seychelles,2023-10-13,Basic,216.03
6912,Madison Combs,gomezdavid@example.org,Estonia,2023-04-02,Standard,103.77
6913,Sandra Pierce,zjohnson@example.com,Slovenia,2021-12-26,Premium,328.45
6914,Claire Hodge,dreyes@example.org,Palestinian Territory,2025-12-26,Basic,171.85
6915,Janet Smith,noblejennifer@example.org,Rwanda,2023-09-17,Premium,1108.58
6916,Brendan Fernandez,andreahill@example.net,Samoa,2022-02-05,Basic,78.95
6917,Douglas Gibson,hillrhonda@example.net,Tuvalu,2025-05-21,Standard,116.04
6918,Danny Gibson,michellehamilton@example.com,United Arab Emirates,2024-12-17,Premium,975.67
6919,Dylan Fletcher,wrightjorge@example.com,Turkey,2024-05-16,Standard,143.62
6920,Brenda Dennis,morgancruz@example.net,Qatar,2022-09-16,Premium,1297.38
6921,Carrie Allen,melissabarber@example.net,Ireland,2025-07-21,Standard,728.92
6922,Jennifer Baldwin,ncosta@example.com,Greece,2025-05-23,Basic,143.58
6923,Sarah Gonzales,natalieharvey@example.com,Montenegro,2024-12-10,Basic,383.40
6924,Keith White,brookeking@example.com,Svalbard & Jan Mayen Islands,2025-08-20,Standard,209.66
6925,Vanessa Scott,adampearson@example.net,Georgia,2023-04-04,Standard,152.09
6926,Kathryn King,mossgary@example.org,Azerbaijan,2024-01-06,Standard,86.76
6927,Ashley Ferrell,diana50@example.net,Peru,2026-04-08,Standard,310.53
6928,Alexis Jones,romerosean@example.net,Bangladesh,2021-10-08,Basic,283.49
6929,Steven Payne,nealkatelyn@example.com,Marshall Islands,2021-11-20,Standard,549.80
6930,Dustin Smith,joshua44@example.com,Togo,2025-12-31,Standard,409.92
6931,Sarah Anderson,fharrison@example.net,Bahrain,2024-06-05,Standard,453.85
6932,Angela Ibarra,carrollmichael@example.net,Philippines,2025-07-18,Standard,749.84
6933,Steven Fox,chadpeterson@example.org,French Southern Territories,2025-08-22,Basic,319.72
6934,Shawn Smith,smithzoe@example.net,San Marino,2024-03-20,Standard,180.69
6935,Kaitlyn Fisher,parkerstephen@example.com,Chad,2022-05-31,Basic,377.95
6936,Erika Bean,christiancampos@example.net,Djibouti,2023-05-22,Basic,341.80
6937,Andrea Williams,dharris@example.com,Tokelau,2026-03-27,Basic,197.25
6938,Andrea Leonard,youngsusan@example.com,Egypt,2022-01-20,Premium,731.34
6939,Christopher Whitaker,kimberlyterrell@example.com,Togo,2026-03-06,Premium,553.86
6940,Gary Stephens,nealmichael@example.org,Niue,2023-02-03,Premium,1519.66
6941,Matthew Simpson,epitts@example.org,Denmark,2024-07-20,Premium,265.69
6942,Robin Mayer,garciatanya@example.org,Bhutan,2025-05-25,Standard,354.99
6943,Amber Gray,nguyentiffany@example.net,Uruguay,2023-06-07,Premium,1695.00
6944,Matthew Mcdaniel,cmcknight@example.com,Cambodia,2023-06-16,Standard,91.83
6945,Susan Sullivan,pmendoza@example.org,Tajikistan,2023-06-24,Premium,358.46
6946,James Johnson,lglover@example.net,North Macedonia,2023-12-17,Standard,402.82
6947,Rebecca Combs,andreaward@example.org,Cape Verde,2022-03-11,Standard,691.90
6948,Natalie Velasquez,ywhite@example.net,Ukraine,2023-07-18,Premium,1354.71
6949,Melissa Woods,gary90@example.net,Sri Lanka,2022-12-10,Standard,234.27
6950,Frederick Parks,phillip06@example.net,Malta,2024-06-26,Basic,238.73
6951,Valerie Franklin,traceyjones@example.org,Paraguay,2025-10-02,Basic,242.65
6952,Chelsea Johnson,kenneth17@example.net,Greece,2026-08-04,Standard,552.57
6953,Michael Maxwell,wking@example.net,American Samoa,2023-01-11,Standard,462.56
6954,David Gates,gail41@example.com,Venezuela,2022-09-10,Standard,525.70
6955,Matthew Cortez,state@example.org,Libyan Arab Jamahiriya,2021-11-20,Basic,154.00
6956,Daniel Willis,tiffany74@example.org,Brazil,2022-04-11,Standard,247.48
6957,Jessica Russo,rsmith@example.net,Anguilla,2025-01-30,Standard,100.58
6958,Erika Watkins,goodwinjennifer@example.net,Mozambique,2022-02-04,Standard,511.44
6959,Mr. Jonathon Smith PhD,andrewfischer@example.net,Kenya,2025-12-20,Standard,410.41
6960,James George,ogalvan@example.com,Niger,2023-03-10,Basic,322.00
6961,Melissa Buchanan,davismark@example.org,Aruba,2024-04-04,Standard,407.66
6962,Erica Nelson,josephhannah@example.com,Bangladesh,2023-10-18,Standard,118.96
6963,Ryan Jackson Jr.,mbrown@example.com,Cambodia,2023-08-23,Standard,371.34
6964,Mr. John Wade,swagner@example.net,San Marino,2025-08-12,Premium,827.96
6965,Alexander Jones,pscott@example.com,Wallis and Futuna,2022-11-29,Standard,581.19
6966,Daniel Wade,haynesjanet@example.org,El Salvador,2024-05-20,Premium,1605.22
6967,Albert Johnson,,Norway,2026-03-20,Basic,93.44
6968,Mary Sanchez,adrianhawkins@example.org,Vietnam,2024-04-22,Standard,717.97
6969,Carmen Campbell,sandra61@example.org,Taiwan,2021-12-06,Standard,460.44
6970,Michael Pineda,armstrongjulia@example.org,Somalia,2023-06-29,Standard,635.87
6971,Christina Hernandez,bnguyen@example.com,Singapore,2022-03-06,Basic,197.28
6972,Michael Tran,tturner@example.org,Hungary,2024-11-04,Standard,540.00
6973,Austin Martin,hgolden@example.net,Philippines,2022-01-04,Standard,473.91
6974,Garrett Klein,moorelaura@example.net,Nigeria,2022-10-24,Standard,458.71
6975,Kimberly Clark,vegabenjamin@example.org,Pakistan,2022-05-30,Premium,1136.61
6976,Kathy Wallace,stacey37@example.net,Kyrgyz Republic,2023-06-14,Basic,64.12
6977,Natasha Frederick,dawn08@example.net,Togo,2023-02-25,Basic,135.08
6978,John Schmitt,chelsea40@example.org,Lithuania,2023-07-16,Basic,345.32
6979,Melissa Lee,shelleymichael@example.net,Tonga,2026-01-16,Basic,90.24
6980,Francisco Moore,mackenziemorris@example.net,Romania,2022-11-22,Standard,109.41
6981,Jordan Bolton,greenpatricia@example.com,Saint Pierre and Miquelon,2022-08-17,Standard,685.25
6982,Ethan Schroeder,youngjessica@example.net,Croatia,2021-08-31,Basic,78.05
6983,Robert Fuller,danielmartinez@example.net,Reunion,2022-11-01,Standard,642.69
6984,Daniel Galloway,sharrison@example.net,Austria,2024-03-03,Standard,520.00
6985,Belinda Lewis,jessica22@example.org,Suriname,2022-03-14,Standard,520.80
6986,Kevin Blackburn,elainewilliams@example.com,Myanmar,2024-06-18,Standard,648.49
6987,Christine Burke,lopezlinda@example.net,Belize,2024-10-06,Basic,236.47
6988,Teresa Cain,martinmichele@example.net,Cape Verde,2024-06-03,Basic,70.13
6989,Thomas Oconnor,gardnerjoseph@example.org,Serbia,2023-03-15,Standard,548.73
6990,Rhonda Knox MD,nicolewood@example.net,Monaco,2021-08-27,Standard,421.24
6991,Kelly Ayala,lhopkins@example.com,Macao,2021-10-17,Standard,745.31
6992,Johnny Williams,justin44@example.org,Vanuatu,2022-08-11,Standard,683.06
6993,Kenneth Bowen,rnelson@example.org,Portugal,2025-03-29,Basic,70.06
6994,Charlene Barton,gilmorebarbara@example.com,United States of America,2023-06-23,Standard,90.13
6995,Dr. Tanya House,angela80@example.org,Gabon,2023-12-07,Basic,221.31
6996,Krista Horn,mallorylee@example.net,New Caledonia,2025-05-21,Standard,270.59
6997,Marcus Kelly,hbutler@example.net,Yemen,2022-02-22,Standard,95.61
6998,David Nelson,paige45@example.org,Italy,2023-11-20,Basic,65.42
6999,Sarah Pearson,rebeccalee@example.com,Guatemala,2025-01-09,Standard,344.33
7000,Michael Jones,lhoward@example.com,Ireland,2025-08-22,Standard,436.20
7001,Doris Keller,qbrooks@example.com,Vietnam,2024-07-16,Standard,156.16
7002,Lisa Frost,thomas07@example.org,Hungary,2022-03-12,Basic,358.04
7003,Adrian Thompson,margaretmorgan@example.net,Israel,2021-09-02,Standard,572.78
7004,Kelly Dickerson,gregoryhodges@example.com,Angola,2024-08-04,Standard,738.43
7005,Daniel Smith,amanda48@example.net,Reunion,2025-03-06,Basic,174.57
7006,Phillip Patel,cmitchell@example.net,Germany,2023-10-27,Basic,234.08
7007,Beverly Curtis,rgeorge@example.org,North Macedonia,2021-10-17,Premium,215.47
7008,Mary Hahn,deborahwilliams@example.com,Guinea,2026-06-12,Standard,357.68
7009,Pamela Marshall,rodney43@example.org,French Southern Territories,2026-04-12,Standard,524.94
7010,Melanie Brown,matthew01@example.net,Peru,2025-09-21,Basic,104.74
7011,Robert Blackburn,michelle31@example.com,Saint Kitts and Nevis,2022-04-13,Standard,455.31
7012,Melissa Dean,gdominguez@example.net,Madagascar,2023-05-24,Standard,347.18
7013,Alicia Thomas,mckenziebrandon@example.com,Samoa,2024-03-20,Basic,280.47
7014,Seth James,jaredmiller@example.com,Reunion,2026-05-26,Basic,223.92
7015,Michelle Rangel,swells@example.net,Finland,2023-09-16,Standard,626.57
7016,Jacqueline Roberts,bradychristopher@example.net,Italy,2023-07-30,Standard,186.61
7017,Julie Ross,brandon88@example.org,Finland,2024-06-09,Standard,452.79
7018,Jessica Scott,underwoodhaley@example.org,Kyrgyz Republic,2022-01-04,Standard,387.77
7019,Steven Goodman,hamptonkaren@example.net,Faroe Islands,2024-03-29,Basic,248.29
7020,Kristina Taylor,rhale@example.org,South Africa,2024-08-05,Basic,374.88
7021,Jacob Gross,wwalsh@example.org,Ghana,2026-07-27,Standard,503.89
7022,David Owens,steven47@example.org,Kiribati,2022-12-07,Standard,472.47
7023,Jordan Mclean,liudebra@example.net,Mauritius,2021-09-28,Standard,154.59
7024,David Coleman,suttonjennifer@example.com,Guinea,2022-12-18,Basic,71.84
7025,Caitlin Robinson,briannavargas@example.com,Panama,2025-02-13,Standard,150.93
7026,Michael King,samantha88@example.com,Belize,2022-09-11,Standard,408.69
7027,Chris Richardson,rossdavid@example.net,Kuwait,2023-11-15,Standard,242.48
7028,Terri Cortez,benjamin04@example.org,Bangladesh,2025-08-22,Standard,530.08
7029,Rachel Carlson,hgarza@example.net,Grenada,2023-11-28,Basic,239.16
7030,Andrea Duncan,ysloan@example.net,Kenya,2024-06-22,Standard,562.93
7031,Kylie Lopez,paulespinoza@example.net,Timor-Leste,2026-02-10,Standard,600.85
7032,Linda Klein,ifitzgerald@example.net,Norfolk Island,2022-07-12,Standard,613.56
7033,Matthew Daniel,staceylyons@example.net,Barbados,2026-01-05,Basic,281.21
7034,Peter Powell,juanhunter@example.org,Belgium,2024-08-29,Standard,272.67
7035,Brittany Rasmussen,zgreen@example.com,France,2025-12-27,Premium,1127.48
7036,Jennifer Mcclure,duanenewman@example.net,Greenland,2021-09-22,Standard,506.77
7037,James Doyle,vincent80@example.com,Morocco,2023-04-09,Basic,175.47
7038,Christopher Johnson,jeffreyyates@example.org,Panama,2023-11-17,Standard,561.24
7039,Tracy Lin,james88@example.org,Solomon Islands,2022-03-24,Basic,194.55
7040,Julia Ellison,cathy88@example.com,Sweden,2021-10-09,Standard,420.40
7041,Laura Lawson,ostewart@example.net,Poland,2026-01-23,Standard,374.66
7042,John Skinner,thompsonedward@example.com,Burundi,2022-01-15,Standard,303.16
7043,Rebecca Frazier,riveraadam@example.org,Canada,2022-12-16,Standard,182.87
7044,Crystal Davidson,youngmegan@example.org,Kyrgyz Republic,2024-04-14,Basic,248.80
7045,Amy Medina,jensenrobert@example.org,Montserrat,2025-09-19,Standard,500.46
7046,Sarah Nguyen,gonzalesbrenda@example.org,Slovakia (Slovak Republic),2026-08-10,Standard,444.03
7047,Amanda Zimmerman,dominiquesolis@example.com,Ethiopia,2025-01-07,Premium,1699.07
7048,Barbara Williams,abridges@example.net,Heard Island and McDonald Islands,2023-03-15,Basic,320.32
7049,Amy Martinez,ricksmith@example.com,Falkland Islands (Malvinas),2026-07-01,Standard,345.09
7050,Brian Oneal,hunterroberts@example.org,Paraguay,2025-03-05,Standard,228.87
7051,Nicholas Watson,johnsonjohn@example.org,Turkey,2025-04-24,Premium,861.56
7052,Nicole Martinez,sarafernandez@example.net,Uganda,2022-03-19,Basic,182.27
7053,Mrs. Emily Jackson,reeveskimberly@example.net,Belize,2023-07-30,Standard,741.58
7054,Michael Miller,jeffrey21@example.org,Greenland,2024-08-31,Standard,481.31
7055,Elizabeth Bates,lisachase@example.net,Mauritius,2022-01-21,Premium,209.74
7056,Matthew Wright,mary94@example.net,Romania,2022-03-23,Basic,72.11
7057,Julie Obrien,washingtonjohn@example.net,Botswana,2024-08-02,Premium,1747.97
7058,Sarah Potter,baileylaurie@example.org,Saint Martin,2022-03-08,Premium,1586.29
7059,Jeremy Williams,daniel04@example.net,United Arab Emirates,2025-09-06,Basic,129.38
7060,Robin Russell,omar20@example.net,Anguilla,2024-09-10,Standard,741.32
7061,Christopher Simpson,jwang@example.net,Portugal,2024-12-15,Standard,185.19
7062,Lisa Anderson,brettlutz@example.com,Honduras,2023-05-14,Basic,113.65
7063,Julie Moran,ewallace@example.org,Kyrgyz Republic,2025-09-13,Standard,232.04
7064,Lisa Lara,davisandrew@example.net,Korea,2022-04-07,Standard,350.15
7065,Danielle Burgess,kelsey97@example.org,Kuwait,2024-12-13,Premium,468.86
7066,Justin Delacruz,bmaynard@example.org,Morocco,2022-07-12,Standard,694.89
7067,Amy Chambers,lorithomas@example.net,Guatemala,2023-01-21,Standard,419.95
7068,Charles Christensen,yshields@example.net,Palestinian Territory,2022-11-22,Standard,601.34
7069,Ariel Hogan,gabrielsalinas@example.com,Maldives,2022-03-10,Basic,367.60
7070,Jennifer Roberts,jasminedunn@example.com,United Arab Emirates,2023-12-25,Standard,720.40
7071,Matthew Hamilton,ebyrd@example.org,Mozambique,2022-03-26,Basic,218.41
7072,Jose Edwards,jeffreybest@example.com,Czech Republic,2022-07-28,Standard,490.99
7073,Daniel Carr,robertchavez@example.net,Pakistan,2022-08-07,Standard,513.94
7074,William Thompson,gordongrace@example.org,Norway,2023-06-06,Basic,290.93
7075,Lucas Smith,jonathanwilliams@example.net,Sri Lanka,2023-05-28,Standard,606.70
7076,Luis Diaz,sburgess@example.org,Singapore,2024-08-22,Standard,645.46
7077,Andrew Hinton,karen49@example.net,Tuvalu,2025-08-02,Standard,574.73
7078,Alicia Watson,michael91@example.org,Saudi Arabia,2024-03-30,Basic,375.29
7079,Brent Chavez,sarah94@example.com,United States of America,2022-04-09,Premium,987.36
7080,Cynthia Hanson,elizabeth74@example.org,Kazakhstan,2026-05-14,Basic,254.04
7081,Stefanie Petersen,afigueroa@example.com,Nicaragua,2025-11-26,Standard,443.97
7082,Glenda Bradley,teresa86@example.net,Finland,2021-12-12,Premium,1027.14
7083,Joshua Decker,smithjennifer@example.com,Saint Helena,2025-10-18,Basic,41.03
7084,Hannah Martin,pittswilliam@example.net,Turkey,2023-01-09,Standard,637.50
7085,William Nixon,ygood@example.com,Switzerland,2026-02-07,Premium,602.61
7086,Daniel Fuller,aarondonovan@example.com,Swaziland,2025-01-03,Standard,354.25
7087,Francisco Farrell,millerrandy@example.com,American Samoa,2023-11-27,Basic,77.65
7088,Holly Lucero,jennifer94@example.org,Estonia,2026-04-10,Standard,295.35
7089,Susan Bright,christine28@example.org,Saint Helena,2025-01-04,Standard,341.30
7090,Robin Richardson,qberg@example.net,Bolivia,2024-11-23,Standard,253.89
7091,Robert Henderson,robert65@example.com,Iran,2023-03-01,Standard,522.64
7092,David Howard,hwilson@example.org,Azerbaijan,2023-09-22,Standard,692.72
7093,Julia Price,christinacosta@example.com,Uganda,2024-07-15,Standard,467.69
7094,Christian Collins,rodneylowery@example.net,United States of America,2023-03-11,Standard,445.95
7095,Cody Rose,sgeorge@example.com,Kiribati,2024-10-07,Standard,417.04
7096,Norman Walker,robertshepard@example.org,Austria,2026-05-23,Standard,539.87
7097,Terri Woods,richardsonjustin@example.com,Argentina,2022-08-21,Basic,157.84
7098,Sara Chan,pattersonjodi@example.net,Panama,2023-06-05,Standard,735.75
7099,Nathan Fernandez,burtonphilip@example.net,Tanzania,2023-03-04,Basic,57.75
7100,Richard Snyder,sheppardelizabeth@example.com,Togo,2023-11-15,Premium,387.26
7101,Jeffrey Copeland,melissawalter@example.org,Panama,2022-06-16,Standard,196.89
7102,Joshua Jordan,douglasgarcia@example.net,Niue,2022-04-27,Basic,321.18
7103,Jason Adkins,tina67@example.org,New Caledonia,2021-11-22,Basic,128.70
7104,Patty Williams,fleach@example.net,Lithuania,2025-05-27,Basic,360.10
7105,Mary Gutierrez,qjenkins@example.com,Qatar,2023-10-11,Premium,353.59
7106,Robert Fritz,afuller@example.com,Antarctica (the territory South of 60 deg S),2026-02-07,Standard,360.18
7107,Brian Reeves,lisascott@example.net,Romania,2022-11-21,Basic,121.74
7108,Monica Thompson,brooke17@example.com,Faroe Islands,2024-04-20,Standard,583.08
7109,Jenny Turner,johnsoncaitlin@example.com,Uruguay,2024-11-02,Standard,341.55
7110,Andrea Hoffman,apriljuarez@example.com,American Samoa,2022-09-19,Standard,242.77
7111,Brian Long,amontes@example.com,Congo,2025-09-26,Basic,273.14
7112,Sandy Williams,christopher83@example.net,Philippines,2023-07-17,Premium,1087.35
7113,James White,robert91@example.org,Armenia,2025-10-29,Standard,479.66
7114,Joshua Kent,hbaxter@example.com,Croatia,2024-05-22,Standard,80.18
7115,Alyssa Green,kayla16@example.org,Indonesia,2023-08-23,Premium,1208.30
7116,Megan Harris,sandersmark@example.net,Guernsey,2022-08-01,Standard,619.72
7117,Anita Lamb,robertszachary@example.org,Malaysia,2024-06-03,Standard,730.61
7118,Ryan Mendoza,wendy98@example.net,Rwanda,2024-01-14,Standard,106.70
7119,Wendy Casey,jacksonkathryn@example.org,Macao,2023-11-30,Basic,399.51
7120,Kimberly George,stephenbarker@example.com,Paraguay,2023-01-07,Standard,259.93
7121,Deborah Adams,petersonjessica@example.org,Pakistan,2021-12-03,Basic,350.16
7122,Paul Morris,laura78@example.org,Switzerland,2023-02-02,Standard,366.15
7123,Jennifer Perez,brandonrodriguez@example.net,United States Virgin Islands,2022-01-12,Standard,295.64
7124,Jeffrey Richards,natashamcpherson@example.org,Congo,2025-05-20,Standard,184.23
7125,Shane Davenport,ppierce@example.com,Montserrat,2025-06-07,Basic,375.30
7126,Andrew Daniel,leonmark@example.org,Tajikistan,2025-02-20,Standard,659.00
7127,Bryan Allison,chelseaharris@example.com,Iraq,2022-07-14,Standard,374.09
7128,Deborah Lee,tony92@example.org,Cyprus,2024-10-24,Standard,94.70
7129,James Lopez,ymiranda@example.net,Panama,2024-03-02,Standard,718.27
7130,William Wood,lauren53@example.org,Peru,2025-10-29,Basic,387.31
7131,Mark Miles,xjohnson@example.net,Morocco,2023-07-17,Standard,416.83
7132,Jessica Torres,dawnmorris@example.net,Seychelles,2022-09-28,Standard,361.98
7133,Matthew Vasquez,russellemily@example.com,Turkey,2024-11-12,Standard,603.01
7134,Christine Price,fshelton@example.org,Sao Tome and Principe,2025-02-04,Standard,347.99
7135,David Martin,whiteandrew@example.com,Luxembourg,2022-05-30,Standard,163.29
7136,Jessica Murillo,danielsrobert@example.org,Congo,2023-04-30,Standard,595.04
7137,Paul Montes,rosswilliam@example.net,Guam,2025-04-07,Standard,270.20
7138,Denise Carter,lisa11@example.net,Jersey,2024-03-28,Premium,1171.38
7139,Courtney Moore,wileykristine@example.net,Honduras,2024-02-03,Standard,309.24
7140,Jesse Lee,paul76@example.net,Iran,2024-04-08,Basic,43.30
7141,Amy Johnson,aclark@example.org,United Arab Emirates,2024-02-20,Basic,193.18
7142,Johnny Boone,jesse50@example.net,Maldives,2025-11-16,Basic,82.63
7143,Jerry Campbell,kimberly42@example.net,Ecuador,2023-06-13,Standard,197.20
7144,Tiffany Fuller,connorperkins@example.org,Togo,2024-05-01,Basic,202.69
7145,Douglas Hartman,julie98@example.org,Albania,2025-12-31,Basic,212.21
7146,Sandra Carson,ingramtaylor@example.net,Wallis and Futuna,2022-09-18,Standard,284.67
7147,Mary Acosta,katie76@example.org,Zimbabwe,2021-10-03,Premium,672.71
7148,Darlene Mendoza,carriejenkins@example.com,French Guiana,2025-04-18,Premium,218.70
7149,Sherry Richards,crystal38@example.net,Algeria,2026-03-10,Premium,617.47
7150,Timothy Jenkins,scott16@example.com,Macao,2021-10-25,Basic,73.23
7151,Paula Chung,coopergina@example.net,Georgia,2022-11-12,Basic,346.64
7152,Laurie Wood,sherylcarpenter@example.com,Mayotte,2021-08-24,Basic,130.43
7153,Gabriel Thompson,connorjoseph@example.com,Mali,2026-01-21,Basic,270.19
7154,Joseph Aguirre,leah18@example.com,Tanzania,2022-01-10,Basic,42.20
7155,Jonathan Green,rmccullough@example.com,Serbia,2023-03-05,Basic,233.27
7156,Megan Wilson,richard32@example.com,United Kingdom,2022-07-03,Premium,1102.38
7157,Daniel Bradshaw,sheilapeterson@example.net,Pitcairn Islands,2024-10-20,Basic,213.23
7158,Norman Rogers II,aarnold@example.com,Kuwait,2026-02-14,Standard,452.21
7159,Richard Robinson,michellerodriguez@example.net,Saint Barthelemy,2022-06-12,Standard,128.41
7160,Jeffrey Howard,timothy98@example.com,United Arab Emirates,2022-12-10,Standard,670.67
7161,Kimberly Bailey,shunt@example.org,Liberia,2025-04-28,Standard,703.24
7162,Rachel Hardin,,Bouvet Island (Bouvetoya),2021-10-01,Basic,375.15
7163,Alexandra Martin,hannahhicks@example.com,Kiribati,2025-02-25,Standard,166.06
7164,Thomas Buchanan,davidlee@example.com,Uzbekistan,2023-03-11,Basic,325.31
7165,Michelle Garcia,kanderson@example.com,Uruguay,2025-05-03,Basic,269.89
7166,Sarah Griffin,gordonchad@example.com,Paraguay,2026-02-24,Standard,174.41
7167,John Wilson,darrenstewart@example.org,Malta,2021-11-12,Premium,434.28
7168,Brenda Fitzgerald,zdixon@example.org,Bermuda,2024-03-16,Standard,244.58
7169,Kylie Hansen,kendra40@example.org,Jordan,2024-10-26,Basic,358.42
7170,Mary Eaton,marvinpeters@example.net,Mauritius,2025-05-06,Standard,365.31
7171,Mark Lewis,bruce85@example.net,French Guiana,2022-05-29,Standard,567.41
7172,Levi Cox,sandra28@example.com,Iceland,2026-03-30,Basic,231.62
7173,Jessica Stewart,hortiz@example.org,Georgia,2026-06-18,Standard,311.49
7174,Mrs. Leslie Anderson MD,mercerwendy@example.org,Samoa,2026-01-19,Basic,100.77
7175,Cole Thompson MD,mary81@example.net,North Macedonia,2023-02-09,Basic,381.28
7176,Kenneth Brown,andrewphillips@example.com,Djibouti,2023-05-25,Standard,161.34
7177,Laura Anderson,thomas86@example.com,Romania,2022-12-29,Standard,543.93
7178,Nicole Elliott,eddie87@example.org,Argentina,2022-03-19,Standard,293.90
7179,Christopher Mitchell,edwin12@example.org,Guinea,2023-08-22,Standard,612.92
7180,Daniel Perry,marycisneros@example.net,United States Virgin Islands,2021-10-20,Basic,136.61
7181,Gregory Richardson,okeith@example.com,Slovenia,2024-02-03,Premium,1662.70
7182,Jessica Williams,jonesbrent@example.com,Saint Barthelemy,2026-01-04,Standard,515.65
7183,Dr. David Romero,tonyarowe@example.com,Moldova,2022-11-20,Standard,390.38
7184,Brandon Garcia,kirbyhaley@example.net,Guernsey,2025-11-18,Basic,353.15
7185,Jennifer Rodriguez,robbinsthomas@example.net,Belgium,2024-02-13,Basic,67.61
7186,Gary Robles DDS,andrea18@example.net,United Kingdom,2023-10-05,Premium,479.84
7187,Daniel Holmes,gordonsteven@example.net,Haiti,2023-12-31,Basic,394.50
7188,James Calderon,kathleensmith@example.org,Switzerland,2021-09-15,Standard,437.66
7189,Michelle Jones,bradley56@example.net,Guadeloupe,2025-08-18,Basic,303.15
7190,Anthony Santana,onealsarah@example.org,Vanuatu,2026-07-13,Standard,709.56
7191,Daniel Miller,kristystevens@example.com,China,2022-09-12,Basic,393.98
7192,Katie Griffin,ptaylor@example.org,Saint Kitts and Nevis,2025-12-14,Standard,683.29
7193,Aaron Davis,phillipsmith@example.com,Turks and Caicos Islands,2023-08-25,Standard,214.24
7194,Susan Moore,richardchapman@example.org,Iceland,2022-04-13,Standard,510.42
7195,Dr. Crystal Thomas,kingwilliam@example.com,Jordan,2022-10-04,Standard,187.29
7196,Kevin Long,virginiarodriguez@example.net,Andorra,2022-08-16,Standard,204.35
7197,Melissa Daniels,michaeljones@example.net,Guernsey,2026-03-31,Basic,234.00
7198,Jeffrey Jimenez,sean88@example.org,French Southern Territories,2023-04-09,Standard,628.26
7199,Belinda Meyer,cummingsjason@example.org,Solomon Islands,2024-01-27,Basic,167.31
7200,Carlos Stone,christinepadilla@example.com,Ghana,2023-02-22,Premium,1030.07
7201,Sierra Kennedy,sandra44@example.org,South Georgia and the South Sandwich Islands,2026-03-31,Basic,64.22
7202,Katelyn Bell,ndowns@example.org,Sudan,2023-12-31,Basic,386.43
7203,Brooke Davidson,ehancock@example.net,Kuwait,2024-03-08,Basic,131.77
7204,Paul Singh,aherman@example.com,Syrian Arab Republic,2025-06-29,Basic,109.97
7205,William Peterson,donald53@example.com,Croatia,2023-11-20,Standard,746.17
7206,James Blankenship,james24@example.com,Falkland Islands (Malvinas),2024-06-17,Basic,157.00
7207,Trevor Martin,nicholasvargas@example.org,French Guiana,2024-11-10,Standard,635.08
7208,Dana Harper,browncole@example.org,Guatemala,2025-03-16,Standard,678.31
7209,Cynthia Collins,taylortodd@example.org,Malawi,2026-03-24,Standard,229.92
7210,Jordan Mueller,bjohnson@example.net,Eritrea,2021-10-15,Standard,99.14
7211,Scott Adams,jwhitaker@example.org,Japan,2025-10-18,Basic,292.00
7212,Jamie Martinez,vjones@example.net,United States Virgin Islands,2024-06-21,Standard,145.09
7213,Dana Gardner,phillipskevin@example.com,New Caledonia,2023-01-14,Premium,1549.32
7214,Andrew Singh,kristen59@example.com,Netherlands,2021-09-04,Standard,415.98
7215,Dana Rivera,stevensmith@example.com,Belarus,2021-09-13,Standard,120.20
7216,Anthony Townsend,washingtondaniel@example.net,Niue,2023-06-06,Standard,742.51
7217,Justin Davis,qcowan@example.org,Moldova,2024-09-08,Standard,246.72
7218,Kara Alexander,charlesbecker@example.org,Guyana,2025-04-20,Standard,317.64
7219,Tony Adkins,vevans@example.org,Portugal,2024-10-26,Standard,111.10
7220,Kelly Young,crasmussen@example.net,Korea,2022-11-15,Standard,628.13
7221,Robert Kelley,kaylamcdaniel@example.net,Vanuatu,2024-01-26,Basic,287.84
7222,Timothy Matthews,,Congo,2021-11-14,Standard,493.19
7223,Michael Reed,apoole@example.net,Bhutan,2023-07-06,Standard,604.39
7224,Darlene Paul,maryjohnson@example.net,Costa Rica,2026-04-10,Premium,1185.81
7225,Jason Morales,fisherronnie@example.org,Nicaragua,2026-06-24,Standard,689.49
7226,Richard Vargas,jennifer02@example.net,Reunion,2024-12-12,Basic,155.38
7227,Linda Harris,thompsonlarry@example.net,Tunisia,2024-11-19,Standard,158.25
7228,Shawn Hansen,charlesrodriguez@example.org,Chile,2025-05-01,Standard,723.23
7229,Richard Miller,lford@example.net,Oman,2022-07-15,Standard,247.43
7230,Craig Young,ischmidt@example.org,Andorra,2023-03-29,Standard,335.55
7231,Ryan Taylor,williamscynthia@example.net,Northern Mariana Islands,2022-02-23,Standard,466.01
7232,Steven Lowery,hlewis@example.net,Palestinian Territory,2021-12-01,Basic,229.97
7233,Lori Jackson,josephgonzalez@example.net,Somalia,2025-09-06,Basic,358.53
7234,Cameron Holloway,jonesscott@example.net,Faroe Islands,2023-04-11,Basic,255.59
7235,Amber Bailey,johnsonsamantha@example.org,Bangladesh,2024-08-26,Standard,740.07
7236,Audrey Gordon,courtney11@example.com,Angola,2024-12-07,Standard,549.58
7237,Christopher Martin,brian11@example.org,United Kingdom,2024-02-18,Basic,77.68
7238,Tasha Brown,randallpham@example.org,Mongolia,2021-11-20,Basic,285.17
7239,Mr. Jeffrey Lawrence,cassie37@example.org,Netherlands Antilles,2022-01-29,Standard,231.97
7240,Brian Martinez,gpadilla@example.org,Solomon Islands,2024-02-02,Basic,350.27
7241,Amy Knight,lauraphillips@example.net,Dominican Republic,2023-04-23,Basic,234.56
7242,Rose Mcdonald,susanmcgee@example.com,Uzbekistan,2025-12-13,Basic,295.77
7243,Lisa Brown,kathyvega@example.net,Panama,2025-03-21,Standard,164.24
7244,Adam Ayala,englishandrea@example.com,Saint Martin,2023-09-21,Standard,450.80
7245,Jamie Randall,dukeselena@example.net,Heard Island and McDonald Islands,2024-04-01,Standard,378.43
7246,Juan Garcia,michael71@example.com,Angola,2023-10-29,Standard,235.83
7247,John Shea,dblankenship@example.org,Azerbaijan,2025-11-13,Basic,94.34
7248,Ashley Johnson,kimberlyjohnson@example.org,Lebanon,2022-08-24,Premium,1192.56
7249,Hannah Hoffman,michelejones@example.net,Switzerland,2026-05-29,Standard,95.31
7250,Alexandra Owens,bwu@example.net,Afghanistan,2021-12-03,Basic,96.56
7251,Danielle Klein,leonard74@example.net,Bolivia,2022-11-27,Basic,115.63
7252,Cynthia Garza,robert92@example.com,Iran,2022-06-26,Standard,660.18
7253,Linda Cooper,kleinjeremy@example.org,Comoros,2023-01-04,Basic,296.21
7254,Lisa Torres,floresmatthew@example.org,Montserrat,2025-04-26,Standard,218.16
7255,Caitlin Murray,xdavis@example.net,Niger,2024-08-20,Premium,245.53
7256,Jennifer Lowery,fjohnson@example.org,Bosnia and Herzegovina,2022-03-12,Premium,466.55
7257,Victoria Bowers,emason@example.net,Latvia,2024-11-26,Standard,76.43
7258,Mary Warren,ashleyallen@example.net,Azerbaijan,2026-03-24,Premium,997.18
7259,John Fuentes,brandon09@example.net,Albania,2025-11-23,Standard,331.10
7260,Madeline Johnson,ricky66@example.org,Grenada,2026-01-12,Premium,221.94
7261,Jennifer Bradley,lisafigueroa@example.net,Cayman Islands,2025-12-03,Basic,254.87
7262,Nicole Gibson,qlittle@example.org,Kenya,2024-11-27,Basic,371.04
7263,Brian Johnson,lynn61@example.com,Kiribati,2026-08-10,Standard,557.53
7264,Jonathan Schultz,antoniosingleton@example.com,United Arab Emirates,2022-09-25,Premium,1037.69
7265,Paige Wilson,markcharles@example.net,Japan,2023-01-09,Basic,108.17
7266,Joseph Yang,brandon31@example.org,Slovakia (Slovak Republic),2023-11-11,Standard,137.73
7267,Patricia Carter,mary15@example.com,Guinea-Bissau,2021-11-14,Premium,1316.10
7268,Annette Burch,smithjonathan@example.net,Cyprus,2026-01-26,Basic,144.17
7269,Joshua Serrano,thomasdrew@example.org,United States Minor Outlying Islands,2023-03-17,Standard,239.68
7270,Timothy Thompson,rhopkins@example.com,Poland,2023-12-22,Basic,252.27
7271,Robert Edwards,wgarcia@example.net,Jersey,2026-01-15,Basic,323.02
7272,Joan Richardson,grahamcaitlin@example.org,Jamaica,2023-04-30,Standard,603.55
7273,Joan Love,bridget23@example.org,Norfolk Island,2023-05-07,Basic,238.12
7274,Shawn Barajas,drakewilliam@example.org,Denmark,2023-04-06,Premium,670.91
7275,Terrence Brown,heatherortiz@example.net,Bouvet Island (Bouvetoya),2024-01-13,Standard,738.15
7276,Jonathon Hunter,lindaflowers@example.org,Italy,2021-12-13,Standard,531.49
7277,Angela Crane,haley75@example.net,Estonia,2024-06-25,Premium,180.75
7278,Rebekah Mendoza,marymcclain@example.com,Zambia,2021-11-26,Basic,398.05
7279,Christina Velazquez,kurt40@example.org,Turks and Caicos Islands,2024-03-14,Standard,582.33
7280,William Edwards,brownstephen@example.org,Liechtenstein,2023-03-08,Basic,41.26
7281,Nicholas Wright,mperkins@example.net,Madagascar,2021-12-15,Basic,140.42
7282,Joseph Martin,mcdonaldjessica@example.net,Saint Martin,2025-01-14,Standard,575.98
7283,Dylan Wallace,martineztamara@example.net,Myanmar,2022-07-04,Standard,638.01
7284,Maria Anderson,nrussell@example.net,Cyprus,2023-03-01,Standard,684.48
7285,Kara Becker,daviscurtis@example.net,Nigeria,2024-04-12,Premium,856.74
7286,Dean Gonzalez,sloankaren@example.org,Mayotte,2026-05-03,Basic,180.38
7287,Gabriela White,awilson@example.com,Marshall Islands,2022-11-29,Standard,124.83
7288,Sean Graham,qdiaz@example.org,Finland,2022-07-13,Basic,181.48
7289,Taylor Miller,tlee@example.com,Israel,2024-02-03,Standard,660.57
7290,Rodney Park,cathy76@example.net,Uganda,2023-02-12,Basic,293.47
7291,John Camacho,davidwright@example.org,Qatar,2026-07-04,Basic,379.33
7292,Kevin Gray,leahpitts@example.org,Chile,2025-07-20,Basic,40.57
7293,Laura Hamilton,guysmith@example.org,Sierra Leone,2026-03-22,Standard,293.65
7294,Travis Johnson,jacobgutierrez@example.net,France,2025-09-16,Standard,627.11
7295,Charles Castro,ralvarez@example.com,Liechtenstein,2022-07-20,Basic,136.79
7296,Evelyn Wilson,stephanie54@example.net,Senegal,2026-04-23,Standard,103.32
7297,Karen Esparza,ewilliams@example.net,China,2026-02-10,Standard,322.92
7298,Jonathan Tucker,lholden@example.com,Faroe Islands,2023-03-01,Standard,206.39
7299,Kristina Aguilar,shelbythompson@example.com,Armenia,2026-02-16,Standard,211.55
7300,Kevin Barrett,tanya47@example.org,Chad,2021-11-10,Standard,330.10
7301,William Davis,herreraoscar@example.net,Cocos (Keeling) Islands,2022-12-18,Basic,243.26
7302,Mark Wells,emyers@example.com,Congo,2022-04-01,Standard,337.18
7303,Lacey Walker,piercejacqueline@example.com,New Caledonia,2024-06-25,Standard,85.41
7304,Joseph Pugh,william46@example.com,Pitcairn Islands,2026-03-09,Standard,367.58
7305,Andrea Rice,randalljessica@example.com,Korea,2021-11-03,Standard,680.95
7306,Brian Henderson,amberbaker@example.org,Malawi,2021-12-23,Standard,393.92
7307,Jennifer Jimenez,conradscott@example.org,Monaco,2023-06-22,Basic,277.75
7308,Breanna Brown,kristophercooper@example.com,France,2024-09-02,Standard,489.70
7309,Wanda Mendez,alvarezterri@example.com,Bahamas,2025-02-07,Standard,325.42
7310,Jesse Cox,brittany35@example.com,Mexico,2022-03-10,Standard,196.91
7311,Tyler Mcmahon,joneslaura@example.com,Dominican Republic,2022-07-31,Standard,127.34
7312,Kathleen House,maryjackson@example.org,United States of America,2022-05-20,Standard,329.51
7313,Michael Gross,riossusan@example.com,Uganda,2024-11-16,Standard,234.80
7314,Richard King,paulherrera@example.net,Norfolk Island,2022-11-16,Premium,311.99
7315,Danny Tucker,kruegercrystal@example.org,Ghana,2023-07-01,Standard,548.54
7316,Leslie Hill,justinolson@example.org,Cayman Islands,2026-02-16,Basic,203.64
7317,John Mason,darlenerobinson@example.net,Dominica,2022-05-28,Basic,227.91
7318,Raymond Glass,henryhernandez@example.com,Greenland,2023-06-28,Standard,664.06
7319,Dr. Zachary Gomez II,emily17@example.org,Anguilla,2024-09-23,Standard,279.34
7320,Rebecca Dominguez,higginsautumn@example.org,France,2025-04-09,Premium,1521.28
7321,Brenda Rodriguez,carolzavala@example.com,Sudan,2024-08-16,Basic,392.94
7322,Chad Horton,edwardhodges@example.org,Namibia,2024-01-24,Standard,705.80
7323,Joshua Roth,cherylrussell@example.com,Martinique,2023-06-14,Basic,322.23
7324,Todd Cooper,justin42@example.net,United Kingdom,2024-11-04,Standard,419.59
7325,Katherine Patterson,frankhall@example.com,Martinique,2022-09-05,Basic,82.40
7326,Mr. William West,travispeterson@example.org,Nepal,2022-08-04,Standard,271.28
7327,Ashley Kerr,hrivera@example.org,Tokelau,2026-03-15,Premium,1353.03
7328,Todd Neal,wwallace@example.com,Antigua and Barbuda,2023-05-21,Standard,334.94
7329,Sean Davis,pearsonjeffrey@example.org,Somalia,2026-02-16,Standard,125.37
7330,James Barton,matthew13@example.com,Serbia,2024-05-14,Standard,613.13
7331,Raymond Mann,jessicamiller@example.org,Kazakhstan,2022-07-29,Standard,172.64
7332,Allison Stanley,davidmiller@example.com,Denmark,2026-06-07,Premium,1297.61
7333,Carrie Martinez,champton@example.com,Mauritania,2023-08-01,Standard,168.00
7334,Virginia Dominguez,afisher@example.com,Andorra,2024-09-26,Standard,184.84
7335,Renee Stephens,mlang@example.net,New Zealand,2024-02-29,Standard,397.33
7336,Troy Castro,johnstoncolleen@example.com,Montserrat,2025-07-09,Standard,125.25
7337,Wayne Anderson,bonnie38@example.org,Ghana,2021-09-06,Premium,1288.73
7338,Brianna Ramos,davidball@example.net,French Guiana,2025-11-08,Basic,358.20
7339,Cheryl Mcdaniel,brianhowe@example.org,Saint Kitts and Nevis,2026-04-22,Basic,171.92
7340,James Morris,jamesyoung@example.net,Zambia,2023-07-29,Basic,77.88
7341,Lisa Petersen,rjames@example.org,Barbados,2023-04-23,Standard,534.69
7342,Janice Poole PhD,sandra59@example.org,Congo,2024-09-21,Standard,637.57
7343,Tammy Larson,smithspencer@example.org,Colombia,2022-05-31,Premium,860.31
7344,Adam Rice,michele39@example.org,Cook Islands,2025-01-31,Standard,76.95
7345,Joe Wilson,rasmussenjason@example.net,Marshall Islands,2024-11-03,Standard,160.27
7346,Ashlee Martin,collinsnatalie@example.com,Central African Republic,2024-02-16,Basic,218.90
7347,Brianna Rojas,reynoldskathryn@example.org,Panama,2026-06-18,Premium,1079.87
7348,Brittany Mcneil,jenniferjackson@example.org,Tanzania,2025-05-07,Basic,57.92
7349,Amanda Rasmussen,smithrobert@example.org,Thailand,2025-05-05,Standard,223.20
7350,Jose Elliott DDS,sharon20@example.net,Kazakhstan,2024-12-23,Basic,163.18
7351,Sandra Sullivan,plambert@example.org,Antigua and Barbuda,2021-11-12,Standard,110.67
7352,Felicia Jones,donald36@example.com,Samoa,2025-08-27,Standard,633.41
7353,Bobby Oneal,lrowe@example.net,Philippines,2023-05-06,Standard,658.55
7354,Mr. Christian Perez,theresaellis@example.com,Armenia,2024-07-09,Basic,221.12
7355,Eric Andrade,xavier17@example.net,France,2025-05-07,Basic,259.97
7356,Cindy Perry,sanderssamuel@example.net,Lebanon,2026-05-06,Basic,358.77
7357,Michelle Walker,housejames@example.org,Canada,2025-10-26,Standard,114.43
7358,Karen Gardner,richardgreene@example.com,Sweden,2021-10-10,Standard,515.07
7359,Rachel Mendez,smithashley@example.com,Moldova,2024-03-18,Basic,226.02
7360,Michael Randolph,ericadickerson@example.com,Marshall Islands,2023-10-05,Standard,251.73
7361,William Thomas,jeremycarter@example.org,Cambodia,2023-09-14,Standard,135.81
7362,Bryan Fields,wbowers@example.com,Korea,2023-09-20,Basic,66.10
7363,Jennifer Chen,michaelmartinez@example.com,Dominica,2023-02-14,Basic,235.21
7364,Joshua Young,helenbradley@example.org,Romania,2022-02-11,Basic,318.07
7365,Deborah Reynolds,cannonedward@example.com,Papua New Guinea,2025-12-08,Premium,278.81
7366,Dorothy Hansen,sotocurtis@example.com,Panama,2026-05-18,Basic,379.47
7367,Jessica Hernandez,zfrye@example.net,Honduras,2026-03-21,Standard,583.31
7368,Mrs. Melissa Bryant,bturner@example.net,Cayman Islands,2026-03-19,Premium,357.97
7369,Michael Fowler,whitestephanie@example.com,Tajikistan,2026-04-27,Standard,75.69
7370,Jennifer Hester,victoria82@example.com,Rwanda,2023-01-25,Standard,388.08
7371,James Phillips,kbarnett@example.org,Australia,2022-02-27,Basic,393.18
7372,James Wright DVM,tarafigueroa@example.net,Belarus,2022-10-14,Standard,287.61
7373,Dennis Wiley,fryrobert@example.com,Denmark,2026-05-22,Standard,579.58
7374,Austin Vasquez,hooperlisa@example.com,Burkina Faso,2023-07-03,Premium,746.30
7375,Kenneth Lee Jr.,thomasjulie@example.org,Argentina,2022-12-15,Basic,350.39
7376,Thomas Tucker,bowendana@example.org,United States Minor Outlying Islands,2022-01-21,Standard,629.05
7377,Cory Sanchez,bryan99@example.com,Heard Island and McDonald Islands,2023-04-22,Premium,244.06
7378,Jessica Martin,grantbrent@example.org,Barbados,2024-08-04,Standard,621.52
7379,Donald Daniels,uprice@example.com,Faroe Islands,2025-02-21,Standard,534.33
7380,Mark Pope,ortegatheresa@example.net,Italy,2023-03-24,Premium,937.09
7381,Bradley Forbes,molly47@example.org,Liberia,2021-10-19,Basic,338.79
7382,Matthew Hartman,coxjoe@example.com,Kazakhstan,2026-04-29,Standard,667.15
7383,Katherine Brown,smithalyssa@example.com,United States Minor Outlying Islands,2023-05-05,Standard,285.77
7384,Kyle Shaffer,qross@example.org,Malaysia,2025-12-04,Basic,291.69
7385,Cory Nguyen,sonya33@example.com,Aruba,2026-06-07,Standard,510.96
7386,Daniel Rowland,andersonleah@example.net,Luxembourg,2021-10-09,Basic,227.89
7387,David Foster,allenryan@example.net,Norway,2023-10-28,Standard,449.85
7388,Miguel Smith,bschneider@example.org,Guadeloupe,2023-04-16,Standard,653.79
7389,Nancy Silva,ashley34@example.com,New Zealand,2025-02-28,Standard,476.75
7390,Matthew Miller,lopezanita@example.net,Qatar,2024-06-02,Standard,393.75
7391,Matthew Taylor,matthew57@example.com,Turkmenistan,2025-07-04,Premium,1492.22
7392,Debbie Cooper,boydstephanie@example.org,Jordan,2023-07-14,Premium,1158.44
7393,David Smith,mckinneyoscar@example.org,United States Minor Outlying Islands,2023-09-11,Basic,373.25
7394,David Hurst,johngonzalez@example.com,South Africa,2025-08-05,Basic,112.79
7395,Debra Robinson,joyhughes@example.com,Ethiopia,2025-09-08,Standard,438.43
7396,Anna Turner,robert15@example.org,North Macedonia,2024-02-19,Standard,595.10
7397,Erin Peck,wardsteven@example.net,Sao Tome and Principe,2021-09-14,Basic,52.79
7398,Dr. David Davis,hendersonelizabeth@example.net,Bolivia,2022-04-23,Standard,178.77
7399,Antonio Johnson,stephaniebaker@example.net,Myanmar,2026-01-28,Basic,279.04
7400,Erik Williams,mfreeman@example.com,Suriname,2023-04-05,Standard,537.11
7401,Renee Rowe,whitedaniel@example.net,Samoa,2023-11-13,Premium,1580.53
7402,Raymond Benson,laura70@example.net,Georgia,2025-01-22,Standard,670.11
7403,Allen Powell,tjones@example.com,Isle of Man,2022-04-14,Basic,169.58
7404,Kevin Brown,carl28@example.net,Norfolk Island,2021-10-04,Standard,590.66
7405,Brian Brock,harold28@example.net,French Guiana,2024-02-09,Basic,161.46
7406,John Cooper,clarksusan@example.org,New Caledonia,2022-12-25,Basic,191.44
7407,Alison Hill,vhall@example.net,Mexico,2026-06-03,Premium,1532.72
7408,Natasha Banks,iblevins@example.net,Bermuda,2023-11-05,Basic,196.75
7409,Brian Rodriguez,chelseaspence@example.com,Mali,2024-02-15,Basic,201.21
7410,Doris Silva,stephanieschultz@example.net,Vanuatu,2022-06-15,Standard,222.84
7411,Patricia Clark,vickiturner@example.com,Jamaica,2021-10-01,Basic,130.49
7412,Michelle Moore,sherry21@example.net,Panama,2022-10-17,Standard,440.81
7413,Carla Martin,davidjones@example.org,Thailand,2022-09-26,Standard,279.96
7414,Shane Collins,asoto@example.com,Tunisia,2024-09-24,Standard,615.14
7415,Laura Ferguson,christianatkins@example.org,Andorra,2023-07-04,Standard,737.44
7416,Roger Aguilar,john28@example.com,Guatemala,2025-10-27,Basic,388.86
7417,Carlos Harper,amandahorton@example.net,Faroe Islands,2022-08-15,Standard,692.63
7418,Eduardo Hurst,sydney87@example.com,Syrian Arab Republic,2023-01-07,Standard,298.32
7419,Aaron Smith,brettmullins@example.net,Monaco,2026-01-01,Premium,1460.68
7420,Richard Walsh,dylanduncan@example.com,Azerbaijan,2022-01-04,Basic,293.69
7421,Ryan Galvan,parsonsamber@example.org,Vietnam,2026-01-08,Standard,378.07
7422,Christopher Stone,oware@example.net,Norway,2025-03-21,Standard,129.04
7423,Chris Gordon,jordanrebecca@example.com,Norway,2021-11-22,Basic,97.40
7424,Isaiah Wood,theresa00@example.org,Jordan,2025-01-10,Standard,567.20
7425,Jason Gibson PhD,rstewart@example.net,Timor-Leste,2024-06-11,Premium,228.57
7426,Shawn Shelton,edavis@example.net,Ireland,2024-07-25,Basic,364.83
7427,Douglas Klein,denisewilson@example.com,Morocco,2022-07-07,Standard,103.69
7428,Amber Johnson,erica49@example.org,Cayman Islands,2026-02-20,Standard,283.89
7429,Robert Arnold,gmorales@example.com,Swaziland,2023-09-02,Premium,1734.43
7430,Joseph Ford,brianbridges@example.com,Djibouti,2023-10-30,Premium,542.87
7431,Jessica Morris,mvance@example.com,Zambia,2023-04-09,Basic,398.84
7432,Andrew Baker,amyburnett@example.org,Kyrgyz Republic,2023-07-15,Standard,417.57
7433,Michael Roy DVM,deborahhernandez@example.com,Chile,2023-05-03,Standard,480.69
7434,Michelle Sanders,maxbenson@example.org,Cayman Islands,2025-06-22,Standard,171.07
7435,Angela Noble,obrienteresa@example.org,China,2024-09-26,Basic,293.50
7436,Catherine Luna,alexandra61@example.org,Poland,2022-01-11,Standard,337.62
7437,Stephen Odonnell,gibsonmindy@example.org,Azerbaijan,2026-01-30,Standard,194.57
7438,Anthony Jennings,maureen93@example.net,Lebanon,2024-08-26,Standard,349.13
7439,Tamara Perez,marco54@example.com,Mayotte,2026-04-04,Standard,695.58
7440,Janet Wilcox,smithmichelle@example.org,India,2022-08-06,Standard,695.94
7441,Melanie Roberson,crandolph@example.net,Bangladesh,2023-04-09,Standard,709.84
7442,Sandra Mckinney,isimpson@example.org,Croatia,2025-06-20,Standard,748.79
7443,Jennifer Roberts,randy55@example.com,Guernsey,2026-01-28,Basic,280.07
7444,Steve Peck,jcline@example.net,Romania,2023-10-31,Standard,683.25
7445,Catherine Flores,hillcaitlin@example.org,Christmas Island,2026-08-11,Basic,364.04
7446,Manuel Shelton,james97@example.net,El Salvador,2022-12-28,Standard,724.34
7447,Austin Mora,andrea66@example.net,Tokelau,2025-11-24,Premium,1529.39
7448,Rose Wallace,michaelrivera@example.org,Tunisia,2024-04-05,Basic,291.87
7449,Misty Olsen,anthony23@example.org,Mali,2025-04-15,Premium,678.22
7450,Michelle Taylor,tonya10@example.org,Taiwan,2026-01-16,Standard,657.41
7451,Edwin Parker,emilylawrence@example.org,Turkey,2024-06-15,Basic,366.34
7452,Jeremy Webb,claire19@example.org,Vanuatu,2024-02-28,Standard,613.61
7453,Keith Meyers,smithjennifer@example.net,Taiwan,2025-03-02,Standard,472.04
7454,Robert Eaton,jonesrobert@example.net,Czech Republic,2025-08-02,Standard,676.15
7455,Maria Saunders,mperry@example.com,Faroe Islands,2025-05-05,Standard,370.69
7456,Lawrence Sloan,xthomas@example.net,Ukraine,2024-01-16,Premium,1489.74
7457,Angel Willis,timothyfloyd@example.net,Spain,2021-11-21,Premium,872.63
7458,Marie Herring,iroberts@example.com,Zambia,2022-11-08,Standard,162.17
7459,Jeremy Hughes,william73@example.org,Benin,2022-01-15,Standard,108.42
7460,Dylan Salazar,sleon@example.com,Czech Republic,2022-03-19,Standard,576.64
7461,Joshua Marks,sarah13@example.com,Macao,2022-07-17,Standard,509.64
7462,Vanessa Hardy,ericksontina@example.org,Timor-Leste,2024-03-14,Basic,279.91
7463,Michael Powers,arthur24@example.net,Venezuela,2025-12-13,Basic,57.33
7464,Mike Palmer,fgarcia@example.net,Uruguay,2021-09-21,Basic,143.62
7465,Kristin Flores,tracyhorton@example.org,Guinea-Bissau,2025-04-15,Standard,220.96
7466,Frank Smith,tanyacoleman@example.org,Colombia,2021-10-15,Standard,561.92
7467,Seth Sanders,kimfranco@example.org,Iceland,2022-06-22,Standard,680.65
7468,Anna Wilkinson,fhart@example.org,Somalia,2022-01-08,Premium,611.96
7469,Daryl Fisher,yateskim@example.net,Iraq,2023-11-25,Premium,224.51
7470,Jeffrey Blanchard,mbuchanan@example.com,Malta,2021-12-12,Standard,105.78
7471,James Davis,caleb82@example.com,Panama,2025-01-22,Standard,731.31
7472,Amanda Wallace,veronicabartlett@example.org,Korea,2021-12-23,Standard,123.61
7473,Brenda Cain,mejialauren@example.net,Andorra,2024-08-24,Standard,489.07
7474,Christian Robinson,qwells@example.net,Niger,2022-05-12,Premium,523.68
7475,Brianna Freeman,cmoss@example.net,Tanzania,2023-01-05,Standard,669.34
7476,Joshua Buckley,andersonricky@example.org,Saint Pierre and Miquelon,2023-07-02,Standard,192.63
7477,Sherri Harrison,nelsonchristine@example.net,Korea,2024-01-13,Standard,308.62
7478,Melissa Fox,katherinekent@example.com,Moldova,2025-08-09,Basic,367.35
7479,Brianna Howard,jasonriggs@example.net,Mongolia,2021-12-30,Standard,304.82
7480,Nathaniel Lane MD,rescobar@example.org,British Indian Ocean Territory (Chagos Archipelago),2023-03-12,Premium,785.98
7481,Nicholas Mann,cummingsallison@example.org,Lesotho,2024-01-19,Premium,816.90
7482,Thomas Lee,tiffanypatterson@example.net,Niue,2023-12-13,Standard,709.88
7483,Brooke Webster,wanda26@example.net,Israel,2025-06-21,Premium,205.27
7484,Alexis Baker,loripeterson@example.org,Libyan Arab Jamahiriya,2024-12-27,Standard,711.46
7485,Cynthia Johnson,uthomas@example.com,Iran,2023-10-17,Basic,237.10
7486,Dr. Michael Boyd,davidsonpatrick@example.org,Denmark,2022-01-04,Premium,784.30
7487,James Buck,ramseychloe@example.com,Cambodia,2024-09-09,Standard,252.37
7488,Dale Luna,lsmith@example.org,Belarus,2024-11-24,Basic,362.36
7489,Alexis Spencer,hensoncourtney@example.net,Syrian Arab Republic,2025-05-04,Basic,220.34
7490,Tonya May,evelynthomas@example.org,Denmark,2023-12-27,Standard,159.58
7491,Zachary Combs,jason26@example.org,Cayman Islands,2024-01-09,Basic,118.41
7492,James Miles,justinbrown@example.net,Maldives,2022-08-20,Standard,647.59
7493,George Curry,jennifer87@example.net,Austria,2025-08-07,Standard,546.75
7494,Albert Little,williamsmark@example.com,Armenia,2025-04-26,Basic,350.28
7495,Todd Rodriguez,usimpson@example.net,Bulgaria,2023-01-18,Premium,793.39
7496,Joshua Miles,stewartmelissa@example.net,Heard Island and McDonald Islands,2026-07-23,Standard,587.16
7497,Gary Bonilla,kevin63@example.net,Cocos (Keeling) Islands,2022-02-03,Basic,160.30
7498,Barbara Long,melaniebaldwin@example.org,Togo,2023-01-10,Premium,428.07
7499,Jacob Garner,garzacharles@example.com,Australia,2021-11-12,Standard,82.46
7500,Charles Simmons,regina67@example.net,Niger,2022-05-25,Standard,740.12
7501,Eric Chase,wukristin@example.net,Bahrain,2025-11-10,Standard,162.76
7502,Nancy Medina,uward@example.net,Vanuatu,2024-05-28,Standard,267.96
7503,Jason Hernandez,holtmelanie@example.org,Svalbard & Jan Mayen Islands,2025-01-05,Standard,246.97
7504,Nicole Mendoza,jacksonglenn@example.net,Lebanon,2023-10-04,Standard,498.72
7505,David Parker,ipratt@example.com,Mongolia,2023-02-04,Standard,461.56
7506,Steven Williams,fernandezwilliam@example.com,Burundi,2025-03-06,Basic,118.78
7507,Rebekah Hall,cynthia14@example.org,Lao People's Democratic Republic,2021-10-08,Standard,298.45
7508,Bradley Miller,sarahbrown@example.com,Solomon Islands,2024-11-22,Premium,198.99
7509,Crystal Rogers,jenniferroberts@example.org,Tokelau,2023-09-25,Basic,245.67
7510,Christopher Sandoval,uhoffman@example.com,Isle of Man,2025-07-11,Standard,677.33
7511,Amanda Cline,ericksonzachary@example.com,South Africa,2023-02-17,Basic,56.70
7512,Billy Wilson,anthonyhoward@example.org,Slovenia,2023-06-29,Standard,505.11
7513,Samuel Wood,jennifer77@example.net,Tuvalu,2022-01-25,Basic,240.08
7514,Steven Collins,derek88@example.com,Ireland,2023-01-24,Standard,245.96
7515,Todd Smith,zimmermanjohnny@example.net,Puerto Rico,2023-03-20,Premium,1571.08
7516,George Mcdowell,marie64@example.org,Tonga,2022-08-15,Premium,779.84
7517,Ralph Rodriguez,garyjones@example.com,Moldova,2024-04-12,Standard,611.34
7518,Jennifer Gordon,charlenerichardson@example.net,Guam,2025-05-23,Standard,79.38
7519,Michele Paul,zmurphy@example.org,Togo,2023-09-03,Basic,160.42
7520,Pamela Johnson,reeddonald@example.net,French Guiana,2023-01-12,Basic,368.35
7521,Sherry Lloyd,pagerachel@example.org,Romania,2022-01-29,Standard,666.61
7522,Ruben Faulkner,christinasanchez@example.net,Greece,2025-04-03,Standard,608.22
7523,Marcia Davis,ydavis@example.org,Algeria,2026-02-16,Standard,293.21
7524,Jon Burton,davidhernandez@example.org,Niger,2023-09-17,Standard,200.60
7525,Kayla Hughes,steeletyler@example.net,Greece,2023-11-07,Standard,572.44
7526,Ivan Stafford,staylor@example.org,Morocco,2025-01-12,Basic,152.21
7527,Eric Ortiz DVM,doylemary@example.com,Malawi,2025-08-04,Standard,230.89
7528,Melissa Gamble,rileydavid@example.net,Mexico,2026-03-26,Basic,190.87
7529,Erik Montgomery,howardandrew@example.org,Swaziland,2022-04-03,Basic,104.51
7530,Sara Duran,jessicapeterson@example.org,Azerbaijan,2022-10-11,Premium,1268.39
7531,David Hicks,allenaaron@example.org,Falkland Islands (Malvinas),2023-08-31,Standard,313.76
7532,Jennifer Weber,jspencer@example.com,Saint Martin,2021-08-21,Standard,247.69
7533,Ann Romero,smithdiana@example.net,Nicaragua,2025-04-13,Basic,360.37
7534,Christopher Carrillo MD,darrell70@example.org,Eritrea,2022-08-17,Standard,160.11
7535,Kenneth Gonzales,beckbrian@example.net,Niue,2026-05-14,Basic,81.23
7536,Traci Williams,denisemaynard@example.net,South Africa,2023-02-25,Basic,343.07
7537,Diana Garrett,travis06@example.org,Iran,2026-02-10,Standard,582.56
7538,Christine Hanson,williamgriffith@example.com,Vietnam,2024-07-10,Premium,472.75
7539,Tammy King,maddoxlindsay@example.org,Guinea-Bissau,2023-09-15,Basic,100.57
7540,Marie Gomez,reynoldsmegan@example.org,Romania,2022-10-01,Standard,485.40
7541,Haley Brown,xhudson@example.org,Falkland Islands (Malvinas),2024-03-03,Standard,120.58
7542,Seth Thompson,matthewfarmer@example.org,United States Virgin Islands,2024-09-26,Basic,228.80
7543,Kevin Walters,joshuaschroeder@example.org,Lebanon,2023-12-25,Premium,1077.24
7544,Michael Patterson,tallen@example.com,South Africa,2023-01-25,Standard,77.89
7545,Austin Peterson,mirandalaura@example.net,Uzbekistan,2024-09-28,Standard,138.76
7546,Nichole Mcclure,lsmith@example.com,Armenia,2023-12-18,Premium,351.50
7547,Lisa Cox,claytonsalinas@example.net,Thailand,2024-06-15,Standard,436.48
7548,Joshua Mays,tayloralbert@example.com,Trinidad and Tobago,2023-05-23,Standard,446.66
7549,Elizabeth Wright,derrickgutierrez@example.net,Singapore,2023-06-07,Basic,357.06
7550,Troy Rodriguez,parsonsyolanda@example.com,Estonia,2022-04-10,Standard,388.03
7551,Thomas Collins,brian27@example.net,Faroe Islands,2022-02-15,Basic,100.29
7552,David Moore,ashley27@example.org,United Arab Emirates,2024-09-24,Standard,332.66
7553,Alexandra Turner,lambertkelly@example.net,Hungary,2022-06-06,Standard,553.46
7554,Michelle Romero,tonyawalsh@example.com,Gibraltar,2022-07-29,Basic,318.33
7555,Christopher Armstrong,bullockryan@example.org,Togo,2022-12-17,Basic,212.35
7556,Michael Miranda,rojasangela@example.org,Saint Pierre and Miquelon,2023-09-23,Basic,291.77
7557,Amanda Harrison,tapiaheather@example.net,Tokelau,2022-12-07,Basic,64.18
7558,Stephanie Owens,jonathon00@example.org,Ghana,2022-11-18,Basic,259.12
7559,Maria Mccann,davidmarquez@example.com,French Southern Territories,2024-07-12,Standard,688.32
7560,Christopher Martin,kimberly50@example.org,Macao,2024-07-03,Standard,191.36
7561,John Valdez,isaac32@example.com,Cook Islands,2025-04-03,Standard,298.90
7562,Edward White,eblake@example.com,France,2024-05-09,Basic,351.84
7563,Gregory Mitchell,jessica62@example.com,Armenia,2023-03-24,Standard,746.91
7564,Travis Barry,amber59@example.net,Bolivia,2025-04-14,Premium,1312.75
7565,Kendra Chang,robinsonjoseph@example.com,Poland,2026-04-12,Standard,75.82
7566,Luis Bailey,walkerbrian@example.net,Svalbard & Jan Mayen Islands,2022-08-26,Standard,219.28
7567,Tamara Lam,wyattkayla@example.org,Uganda,2026-03-16,Standard,161.04
7568,Tonya Snow,ftaylor@example.net,Korea,2022-08-25,Basic,392.58
7569,Margaret Hernandez,jefferydavis@example.com,Greece,2026-04-10,Premium,1664.19
7570,Jonathan Smith,leachjustin@example.net,Mayotte,2024-05-10,Premium,314.67
7571,Karen Yoder,jonathan40@example.com,Slovenia,2022-11-04,Standard,741.50
7572,Kristi Brown,vortiz@example.net,Zimbabwe,2024-11-21,Standard,568.52
7573,Daniel Wright,pmoore@example.org,Vietnam,2024-09-07,Basic,349.69
7574,Donald Jordan,joseph46@example.com,Qatar,2026-04-10,Basic,63.77
7575,Shannon Smith,alexandra85@example.org,Lao People's Democratic Republic,2026-02-14,Basic,384.36
7576,Joel Miller,donnaharvey@example.org,Trinidad and Tobago,2024-01-07,Standard,554.61
7577,Jason Anderson,jasonanderson@example.net,New Zealand,2024-11-13,Basic,282.33
7578,Jesse Stafford,matthewjohnson@example.org,Bangladesh,2022-04-16,Basic,304.52
7579,Samuel Mitchell,hdiaz@example.net,Central African Republic,2022-04-07,Premium,1173.62
7580,Michael Hunt,nicolesimpson@example.com,Madagascar,2023-12-19,Basic,139.72
7581,Tara Harris,murillojesse@example.com,United States Minor Outlying Islands,2024-01-04,Basic,93.74
7582,Jessica Odonnell,nancypreston@example.org,Kenya,2024-06-10,Basic,87.01
7583,John Thomas,harrisscott@example.org,Russian Federation,2026-04-21,Standard,317.44
7584,Laura Cohen,margaret12@example.org,Guadeloupe,2024-01-11,Basic,290.36
7585,Christopher Bowman,,Uzbekistan,2024-04-28,Premium,762.37
7586,Jeffrey Bennett,erica64@example.com,Barbados,2022-12-20,Standard,681.50
7587,Rebecca Alexander,matthew94@example.org,Macao,2024-04-17,Basic,221.20
7588,Peter Smith,willisjames@example.org,Kazakhstan,2024-08-09,Standard,673.28
7589,Nathaniel Cannon,alvarezmichael@example.com,Bulgaria,2025-09-08,Standard,342.21
7590,Crystal Sanford,kathrynbender@example.com,Burundi,2026-03-11,Premium,1725.37
7591,Alexander Dillon,stephenshaley@example.com,Uzbekistan,2022-08-13,Premium,1301.51
7592,Sheila Williams,thomasholmes@example.org,Zimbabwe,2022-08-10,Standard,706.06
7593,Brandi Moody,nancy83@example.net,Iraq,2022-08-27,Standard,385.23
7594,Sean Martinez,alicia67@example.com,Czech Republic,2026-05-31,Standard,469.58
7595,Edgar Cohen,johntaylor@example.net,Poland,2024-11-09,Standard,226.37
7596,Jessica Pruitt,hamiltonmelissa@example.net,Nauru,2023-01-30,Basic,286.16
7597,Vanessa Brown,craigpeter@example.net,Norway,2025-01-22,Standard,743.70
7598,William Miller,blackwelljoshua@example.net,Ireland,2023-11-08,Premium,1250.15
7599,Alan King,isingh@example.com,French Polynesia,2023-07-23,Basic,392.18
7600,Steven Reese,jacksonstephen@example.net,Equatorial Guinea,2024-09-17,Premium,645.20
7601,Gabriel Dillon,jeffreygreene@example.com,Saint Barthelemy,2022-05-03,Basic,54.72
7602,Mario Mitchell,boydkathleen@example.com,Israel,2025-11-06,Basic,249.53
7603,Steven Patel,danieljimenez@example.net,Australia,2021-10-14,Basic,118.54
7604,Thomas Frazier,vparrish@example.net,Myanmar,2024-12-05,Basic,50.50
7605,Logan Howard,gonzaleztracy@example.com,Haiti,2022-05-07,Standard,726.62
7606,Madison Gonzalez,daniellehuber@example.com,Oman,2025-12-09,Standard,261.24
7607,Juan Perkins,margaretmoore@example.org,South Georgia and the South Sandwich Islands,2025-03-30,Standard,339.52
7608,Christine Crawford,courtneyjones@example.net,Ireland,2025-07-19,Standard,129.78
7609,Lawrence Maxwell,ibishop@example.net,Panama,2022-03-24,Basic,378.00
7610,Chelsea Harrington,cohentiffany@example.org,Austria,2024-04-23,Standard,84.44
7611,Cathy Webster,richard11@example.com,United Kingdom,2021-09-20,Premium,814.23
7612,Brandon Clark,holderlinda@example.com,Azerbaijan,2022-06-01,Basic,388.78
7613,Andrea Mcclain,jacksonhannah@example.net,Namibia,2022-11-11,Standard,729.56
7614,Donald Watson,dorischang@example.org,Paraguay,2024-11-30,Standard,718.98
7615,Melanie Black,hthompson@example.net,Falkland Islands (Malvinas),2026-05-19,Basic,54.61
7616,Jack Reynolds,eguerra@example.com,Canada,2021-12-13,Standard,340.95
7617,Bryan Robinson,brian21@example.com,Colombia,2022-01-09,Standard,459.97
7618,Matthew Martinez,nancy06@example.com,Gibraltar,2023-04-20,Basic,170.34
7619,Abigail Vega,katherine24@example.com,Guinea-Bissau,2022-03-27,Premium,1090.41
7620,Kyle Olsen,john70@example.net,Canada,2022-09-13,Basic,321.96
7621,Kaitlin Patrick,lindawhite@example.org,Chile,2025-05-18,Standard,99.42
7622,Michelle Proctor,mfranco@example.net,Montenegro,2025-09-17,Basic,180.95
7623,Edward Thomas,crawforddavid@example.net,Ghana,2024-02-12,Standard,281.66
7624,Meghan Martinez,sandra52@example.com,Monaco,2024-06-29,Basic,298.22
7625,Aaron Walton,jdavis@example.net,Anguilla,2023-02-27,Standard,307.06
7626,Sandra Garcia,paigejones@example.org,Hungary,2022-03-23,Standard,483.05
7627,Melissa Smith,williamskristin@example.net,Montserrat,2025-07-02,Standard,203.10
7628,Derek Barnes,bgonzales@example.org,Finland,2024-06-20,Basic,178.72
7629,Jeffrey Hall,heathertorres@example.org,Haiti,2023-06-06,Standard,637.97
7630,Allen Peterson,valerie71@example.com,Kenya,2022-02-23,Premium,1700.64
7631,Edgar Johnston,jking@example.org,Rwanda,2022-12-03,Standard,605.44
7632,James Rodriguez,nguyenamanda@example.net,Italy,2021-08-15,Standard,695.75
7633,Michele Brewer,paulking@example.org,Netherlands Antilles,2022-05-12,Basic,378.70
7634,Robert Hunt,andrew52@example.org,Korea,2025-06-13,Standard,291.38
7635,Amber Hopkins,nallen@example.net,Niue,2022-07-11,Standard,143.45
7636,Annette Keller,osaunders@example.net,Bahamas,2022-07-24,Standard,421.44
7637,Laura Strickland,landrykim@example.net,Heard Island and McDonald Islands,2024-11-01,Basic,54.14
7638,Amanda Allen,jeremy90@example.net,Mexico,2023-05-21,Basic,381.69
7639,Daniel Foster,vzimmerman@example.net,Mexico,2025-09-10,Standard,538.89
7640,Brandon Rivera,sandra27@example.org,Niger,2026-06-01,Premium,1155.87
7641,Holly Alvarez,austinhodge@example.org,Saint Helena,2023-03-21,Standard,506.64
7642,Richard Patrick,spencerryan@example.org,Germany,2026-03-07,Basic,366.68
7643,Danielle Gardner,garciataylor@example.com,Korea,2025-02-03,Basic,276.89
7644,Richard Adams,jessica15@example.org,Norfolk Island,2021-08-15,Standard,331.68
7645,Brittany Snyder,ballardjames@example.com,Iran,2022-07-04,Standard,452.80
7646,Jennifer Lara,tylergreen@example.com,Korea,2026-04-09,Basic,359.45
7647,Lauren Hines,xruiz@example.org,Korea,2021-12-08,Basic,386.47
7648,Kevin Shannon,dean55@example.com,Puerto Rico,2024-10-10,Standard,386.13
7649,Tara Russell,rodriguezmary@example.org,Argentina,2025-12-18,Basic,360.03
7650,Frank Stewart,brandonbeck@example.org,Liberia,2025-08-09,Standard,321.15
7651,Mark Larson,qmoore@example.com,Togo,2021-08-29,Standard,240.73
7652,Heather Robbins,michaelvaldez@example.org,France,2022-06-13,Basic,381.77
7653,Danielle Winters,johnhernandez@example.net,American Samoa,2022-02-05,Premium,1261.00
7654,Andrew Harris,norrisstephanie@example.net,Jersey,2024-03-22,Premium,1287.59
7655,Dana Clark,kayla34@example.net,Grenada,2026-04-27,Standard,526.21
7656,Mr. Casey Hansen Jr.,katherinebaker@example.org,Trinidad and Tobago,2023-06-15,Standard,93.89
7657,Julie Smith,bradleylisa@example.net,Pakistan,2023-12-02,Basic,136.15
7658,Patrick Murphy,brett62@example.org,Tajikistan,2022-11-05,Basic,320.21
7659,Michael Coffey,sherrytran@example.net,Mayotte,2022-10-14,Standard,540.63
7660,Christine Frazier,qharris@example.org,Greece,2025-05-04,Standard,412.08
7661,Ronnie Dunn,ashley81@example.com,Zimbabwe,2024-03-14,Basic,184.50
7662,Tony Cook,matthew74@example.com,Gabon,2022-04-12,Basic,299.40
7663,Catherine Gonzalez MD,peterford@example.com,Sri Lanka,2024-03-26,Basic,299.83
7664,Ruben Moreno,schmittsara@example.net,Ukraine,2026-06-22,Basic,369.83
7665,Charles Carter,scott33@example.net,Palestinian Territory,2023-11-21,Standard,209.57
7666,Laura Allen,spearskimberly@example.org,Brazil,2022-10-31,Basic,197.17
7667,William Jordan,hendricksbrittany@example.net,Ukraine,2022-02-07,Standard,744.01
7668,Karl Smith MD,brobinson@example.net,Austria,2025-04-09,Standard,335.99
7669,Benjamin Perez MD,rebeccarichardson@example.net,Finland,2021-12-21,Basic,319.69
7670,Danielle Anderson,wilsonmakayla@example.net,Malawi,2023-09-30,Standard,619.65
7671,Nichole Peters,egrimes@example.org,Nicaragua,2025-08-03,Standard,686.51
7672,Paul Morris,vgrant@example.net,Zimbabwe,2024-12-01,Premium,453.91
7673,Michael Clark,gknight@example.net,Barbados,2024-09-28,Standard,89.94
7674,Hannah Blair,albert34@example.com,Tajikistan,2023-01-16,Standard,80.35
7675,Rodney Bryan,bobfernandez@example.org,Latvia,2025-03-28,Standard,641.17
7676,Rachel Hall,richard13@example.net,Papua New Guinea,2021-09-29,Standard,709.43
7677,Michael Price,melissa53@example.net,Czech Republic,2024-09-08,Standard,624.97
7678,Nicholas Watkins,alexanderandrea@example.org,Palau,2025-03-08,Standard,344.39
7679,Brett Lopez,shaunolson@example.net,Central African Republic,2025-04-07,Premium,1413.78
7680,Christina Gill,drodriguez@example.org,Hong Kong,2024-06-03,Standard,332.37
7681,William Flowers,alicia78@example.org,Antarctica (the territory South of 60 deg S),2025-07-03,Standard,376.51
7682,Mathew Flores,leecase@example.net,Croatia,2023-06-12,Premium,1628.15
7683,Paul Donovan,nicolepearson@example.net,Guadeloupe,2023-12-24,Premium,1545.43
7684,Anna Nixon,andrew57@example.net,Montenegro,2024-01-19,Standard,236.73
7685,Connie Keith,franciscopage@example.net,Belize,2022-03-01,Basic,251.86
7686,Elizabeth Bell,sullivankathryn@example.org,Algeria,2022-07-05,Premium,461.01
7687,Adriana Henderson,pgibbs@example.org,Comoros,2022-05-24,Premium,1456.48
7688,Roy May,earlramirez@example.org,Eritrea,2022-05-24,Premium,1226.62
7689,Wendy Mason,brandon13@example.com,Liberia,2022-04-20,Standard,442.51
7690,Justin Young,mathisallison@example.net,Portugal,2024-05-13,Standard,610.03
7691,Jessica Thomas,ernestobrien@example.com,Panama,2023-06-28,Standard,355.43
7692,Alejandro Chapman,anthonyburns@example.net,Guam,2026-03-17,Premium,1398.38
7693,Ian Wilson,wwu@example.com,Burkina Faso,2021-09-04,Basic,116.86
7694,Carolyn Riley,qjensen@example.net,Croatia,2022-06-26,Basic,203.01
7695,Alan Baker,ashaw@example.org,Kiribati,2023-05-17,Standard,519.01
7696,John Ramirez,antonio16@example.net,Sri Lanka,2025-01-31,Standard,145.37
7697,Barbara Ellis,upatterson@example.org,Paraguay,2026-07-25,Basic,365.32
7698,Kristin Wilson,smithashlee@example.net,Pakistan,2026-04-21,Premium,1191.85
7699,Julia Brown,scott59@example.com,French Polynesia,2025-12-25,Basic,218.45
7700,Andrew Fernandez,nicole37@example.org,Bangladesh,2026-03-13,Standard,315.48
7701,Alyssa Roy,meyerkenneth@example.org,Namibia,2025-06-19,Standard,704.05
7702,Michael Barnes,burnettandrea@example.org,Timor-Leste,2024-05-13,Premium,1324.58
7703,Christopher Diaz,shall@example.org,Netherlands,2026-01-08,Standard,693.40
7704,Dr. Charles Bell,williamcooper@example.com,Lebanon,2023-02-24,Standard,289.88
7705,Christopher Newman,susan75@example.com,Dominica,2025-07-23,Standard,625.56
7706,Heidi Graham,heather41@example.org,Somalia,2024-06-27,Standard,573.91
7707,Steven Bowman,monica32@example.net,Libyan Arab Jamahiriya,2024-06-15,Standard,675.20
7708,April English,sharimartinez@example.org,Dominica,2025-01-02,Standard,385.94
7709,Matthew Sandoval,cynthiasantos@example.org,Malta,2024-02-14,Standard,534.19
7710,Molly Pope,wendymclaughlin@example.org,Azerbaijan,2024-10-15,Basic,219.30
7711,Jay Hodges,fischeralexandria@example.org,Turkey,2021-09-25,Premium,480.54
7712,Paige Browning,pwells@example.com,Guadeloupe,2022-07-21,Basic,353.09
7713,Joshua Lee,zruiz@example.net,French Polynesia,2022-05-04,Basic,283.61
7714,George Hays,kmartin@example.net,Saint Helena,2024-12-08,Standard,352.37
7715,Nathaniel Padilla,randydavis@example.net,French Polynesia,2026-05-22,Standard,575.83
7716,Daniel Kerr,fmorrison@example.net,Belize,2024-03-23,Premium,1600.28
7717,Kimberly Blankenship,luis27@example.com,Northern Mariana Islands,2022-08-10,Standard,164.14
7718,Stacy King,rangelglen@example.org,Cyprus,2025-11-04,Standard,535.33
7719,Kristina Mitchell,jonesnicole@example.org,Liechtenstein,2023-12-21,Standard,206.61
7720,Tracy Wheeler,santiagostephanie@example.net,United States of America,2026-06-15,Premium,613.89
7721,Lauren Trujillo,cjoseph@example.org,Jamaica,2024-04-02,Premium,1478.18
7722,Brittany Santos,burkecharles@example.org,Mauritius,2023-05-11,Basic,266.55
7723,Adam Todd,justin70@example.org,Ukraine,2024-05-22,Standard,177.94
7724,Kathleen Webb,timothy90@example.com,New Zealand,2022-07-11,Standard,437.48
7725,Jacob Young,jwright@example.org,Anguilla,2025-01-28,Premium,1649.28
7726,Jennifer House,warnersteven@example.com,United States Virgin Islands,2023-08-24,Standard,425.42
7727,Dana Gilmore,lauren52@example.net,Pakistan,2022-02-13,Basic,53.09
7728,Brenda Walker,sarah39@example.com,Western Sahara,2025-01-04,Basic,214.18
7729,Cody King DDS,lawrencestephanie@example.org,South Georgia and the South Sandwich Islands,2022-11-18,Standard,567.40
7730,Randall Hampton,twalker@example.com,French Southern Territories,2024-06-01,Premium,468.44
7731,Brian Smith,wendy58@example.net,Iceland,2021-08-31,Standard,646.51
7732,Mallory Henry,andreahinton@example.com,Norway,2025-05-22,Standard,362.16
7733,Joshua Johnson,vlee@example.net,Portugal,2025-05-04,Standard,228.03
7734,Caleb Marshall,ahunt@example.com,Gibraltar,2025-11-05,Standard,609.44
7735,Eric Anderson,chasemercado@example.net,French Polynesia,2025-07-25,Basic,118.34
7736,Adam Griffin,veronica96@example.com,Saudi Arabia,2023-11-21,Standard,619.13
7737,Melissa Evans,heather77@example.net,Hong Kong,2025-05-07,Standard,408.70
7738,Michael Carroll,cnunez@example.net,United Arab Emirates,2026-06-15,Standard,98.68
7739,Vincent Smith,susan97@example.com,Singapore,2023-08-31,Premium,770.48
7740,Maria Hartman,kingmichael@example.org,Indonesia,2025-07-22,Standard,553.70
7741,Linda Bailey,currycassandra@example.net,Venezuela,2022-03-27,Standard,338.77
7742,Jake Cooper,christinataylor@example.net,Moldova,2022-03-27,Basic,49.64
7743,Charles Maldonado,ingramjoseph@example.com,Latvia,2026-03-18,Standard,463.54
7744,Cristian Young,kristin02@example.net,Yemen,2023-12-07,Standard,402.13
7745,Matthew Moore,rharris@example.org,Estonia,2026-03-08,Standard,161.28
7746,Patrick Johnson,uwarren@example.org,French Southern Territories,2025-09-14,Standard,490.37
7747,Ryan Jones,cruzstacy@example.org,Tunisia,2023-09-14,Basic,349.53
7748,Michael Gibson,sara76@example.org,Brazil,2023-04-14,Standard,688.94
7749,Diane Frye,gtate@example.com,Algeria,2021-08-17,Premium,412.47
7750,Ronald Kelly,christopherbaker@example.net,Ukraine,2024-01-03,Standard,624.91
7751,Karen Gray,austinpaul@example.com,French Guiana,2023-05-19,Standard,490.77
7752,Curtis Perez,williamsscott@example.net,Sweden,2023-02-14,Basic,257.22
7753,William Miller,mwallace@example.net,Heard Island and McDonald Islands,2022-11-05,Standard,268.95
7754,Deborah Nelson,christopher75@example.com,Suriname,2025-10-10,Basic,288.83
7755,Alexis Ellis,brianlynch@example.net,Congo,2023-04-08,Basic,321.42
7756,Andrea Smith,wbenitez@example.com,Georgia,2026-04-13,Standard,313.98
7757,Seth Brown,thomas87@example.org,Svalbard & Jan Mayen Islands,2026-06-16,Premium,841.58
7758,Rachel Stone DVM,rjohnson@example.org,Vanuatu,2026-08-02,Premium,726.26
7759,Craig Barnes,davisalyssa@example.org,Bosnia and Herzegovina,2023-06-21,Premium,800.43
7760,Timothy Walters,bvillegas@example.org,Sri Lanka,2025-03-31,Basic,238.44
7761,Andrew Patel,kristiecisneros@example.com,Belize,2024-08-14,Standard,420.23
7762,Sean Collins,patrickjose@example.com,Finland,2023-07-23,Standard,411.04
7763,Ian Riley,garydennis@example.net,Congo,2024-06-20,Basic,315.22
7764,Dr. Stephen Cooper,jakebrooks@example.net,Ethiopia,2022-03-05,Basic,338.72
7765,John Hubbard,iyoung@example.net,Myanmar,2026-03-25,Standard,101.04
7766,James Saunders,robert79@example.com,Turks and Caicos Islands,2025-01-30,Premium,371.37
7767,Julie Carlson,patrick80@example.net,Western Sahara,2024-03-15,Standard,314.10
7768,Linda Fritz,hbailey@example.com,Timor-Leste,2026-02-04,Basic,336.51
7769,Miss Elizabeth Alvarez,,British Virgin Islands,2021-11-13,Standard,677.74
7770,Marie Wagner,dorisbrock@example.com,British Virgin Islands,2025-04-26,Standard,453.15
7771,Robert Williams,marcroberson@example.com,North Macedonia,2023-12-30,Basic,294.19
7772,Alison Patel,dennis27@example.org,Zimbabwe,2026-03-19,Basic,217.48
7773,Catherine Sanders,grahamheather@example.org,Indonesia,2022-05-04,Basic,266.90
7774,Dr. Angela Santiago PhD,monicabonilla@example.org,Niger,2026-05-17,Basic,314.34
7775,Theresa Lynch,rhonda06@example.net,Montserrat,2024-08-29,Standard,249.33
7776,Danielle Moss,phenry@example.com,Qatar,2023-04-25,Standard,210.21
7777,Tristan Williams,elewis@example.org,Sierra Leone,2022-06-18,Standard,252.29
7778,Brenda Marshall,danielallen@example.org,Liechtenstein,2023-02-02,Premium,1717.99
7779,Anna Wheeler,whitneycarroll@example.net,Korea,2022-10-29,Basic,393.57
7780,Dr. Alexis Joseph,ssanchez@example.com,Myanmar,2022-07-16,Basic,90.99
7781,Janet Salinas,jtaylor@example.net,Saint Lucia,2024-07-30,Standard,555.65
7782,Jessica Macdonald,lweiss@example.org,Trinidad and Tobago,2025-11-04,Premium,342.16
7783,Matthew Henderson,warrenburton@example.org,China,2022-05-09,Standard,246.29
7784,Alyssa Lopez,dawnbrown@example.net,Saint Lucia,2025-12-11,Standard,453.14
7785,Robert Joyce,charlesjones@example.net,Ecuador,2025-01-24,Standard,574.88
7786,Brian Young,jamesdavis@example.net,Equatorial Guinea,2023-05-01,Standard,625.59
7787,Mary Nolan,fbell@example.net,Slovenia,2025-01-08,Basic,267.28
7788,David Moreno,ann72@example.com,Angola,2026-06-02,Standard,570.62
7789,Janet Dawson,donaldcamacho@example.org,Korea,2025-09-13,Standard,113.58
7790,Tonya Riley,danielparker@example.com,Georgia,2023-01-26,Standard,674.69
7791,Adam Miller,jeffreyorozco@example.net,Czech Republic,2025-10-23,Basic,161.51
7792,Melissa Li,nward@example.org,British Indian Ocean Territory (Chagos Archipelago),2022-06-26,Standard,108.28
7793,Kathy Pearson,danaevans@example.net,Trinidad and Tobago,2025-08-27,Standard,637.35
7794,Samuel Williams,hughessarah@example.net,Nauru,2021-12-14,Standard,562.39
7795,Christina Ortiz,jameslauren@example.com,Guatemala,2023-08-04,Basic,128.07
7796,Michael Vasquez,thomas67@example.org,Croatia,2023-02-17,Basic,81.31
7797,Jeffrey Payne,ecrawford@example.com,Uruguay,2026-07-22,Premium,799.99
7798,Jason Dunn,czimmerman@example.org,Sweden,2025-04-04,Basic,139.28
7799,Beth Medina,acostawilliam@example.net,Turkmenistan,2022-08-20,Basic,42.27
7800,Thomas Wagner,jenniferray@example.net,Samoa,2023-06-22,Standard,229.65
7801,Elizabeth Frazier,riverarichard@example.org,Korea,2022-09-25,Standard,280.80
7802,Ronald Foster,susan52@example.net,United Arab Emirates,2026-04-27,Premium,1059.65
7803,Michele Velazquez,john03@example.com,British Indian Ocean Territory (Chagos Archipelago),2021-08-28,Premium,1574.35
7804,Derrick Graham,petersenmartin@example.org,Wallis and Futuna,2021-09-22,Premium,1395.26
7805,Michelle Peterson,weberlaura@example.net,Latvia,2022-06-17,Standard,521.24
7806,Jason Cole,wleach@example.org,Thailand,2021-08-29,Standard,268.61
7807,Tammy Murillo,jimmysimpson@example.org,El Salvador,2025-08-03,Standard,460.36
7808,Brittany Nguyen DDS,christina74@example.com,Greece,2022-01-22,Basic,276.47
7809,Jessica Colon,vlewis@example.org,Solomon Islands,2023-08-05,Standard,286.84
7810,Cathy Castro,emily97@example.net,Switzerland,2026-05-26,Standard,396.40
7811,Michael Mcintyre,russellperez@example.net,Guinea-Bissau,2022-04-13,Standard,244.71
7812,Sherri Shaw,michelledavis@example.org,Panama,2025-12-23,Premium,449.49
7813,Vincent Bailey,smithdavid@example.net,Saudi Arabia,2025-01-25,Standard,120.42
7814,Amanda Martin,jberry@example.org,Mauritius,2024-01-02,Premium,1714.33
7815,Ethan Green,lsandoval@example.net,Zimbabwe,2023-10-31,Standard,127.31
7816,Nicole Santos,santossheila@example.com,Vanuatu,2024-04-02,Basic,282.36
7817,Samantha Robbins,hamiltonivan@example.com,Vietnam,2023-08-17,Standard,258.34
7818,Debra Barron,natashawiley@example.org,Uruguay,2026-07-08,Standard,527.60
7819,Valerie Torres,ricardo17@example.net,Saint Lucia,2025-05-28,Standard,328.78
7820,Kirk Richardson,rvelasquez@example.org,Kazakhstan,2025-07-06,Basic,252.74
7821,Travis Schneider,debra15@example.org,Hungary,2026-08-09,Standard,410.24
7822,Scott Mcdaniel,charlesclayton@example.org,Bhutan,2025-10-20,Basic,61.67
7823,Melissa Pratt,turnerbrandy@example.com,India,2025-10-15,Basic,332.03
7824,Anthony Tucker,ybrown@example.net,Pitcairn Islands,2025-12-30,Premium,440.75
7825,Shawn Carter,davidsonroger@example.org,Turkey,2021-11-14,Basic,280.00
7826,Tammy Arellano,stephanie51@example.net,Spain,2022-04-14,Premium,1540.33
7827,Wendy Harrington,christymcguire@example.net,Niger,2024-05-02,Standard,166.77
7828,Jay Ellison,lisa97@example.org,Paraguay,2022-12-17,Standard,176.03
7829,Rebecca Stewart,tyler85@example.net,Botswana,2025-05-19,Premium,492.81
7830,Christine Porter,jeffreyrichardson@example.net,Colombia,2025-07-05,Standard,558.61
7831,Joseph Shaw,sandersjohnny@example.net,Kazakhstan,2025-06-11,Basic,263.31
7832,Stephen Austin,karenfuller@example.org,Georgia,2024-11-05,Standard,457.41
7833,Joseph Kennedy,taylor97@example.com,Tajikistan,2024-10-10,Standard,99.53
7834,Franklin Ramirez,rodneyrios@example.org,Bosnia and Herzegovina,2022-09-12,Basic,210.84
7835,Adam Hernandez,lori94@example.com,Lao People's Democratic Republic,2024-10-01,Premium,846.52
7836,Jonathan Collins,elizabeth69@example.net,Myanmar,2024-04-14,Basic,123.28
7837,Emily Garcia,allison33@example.net,Cyprus,2023-08-08,Basic,394.63
7838,Christine Knight,eosborn@example.com,Western Sahara,2022-12-21,Standard,370.55
7839,Troy Singh,esimpson@example.net,Eritrea,2026-04-01,Standard,591.13
7840,Marcus Barajas,cmiller@example.net,Uganda,2025-11-25,Standard,303.91
7841,Eric Hull,dakota26@example.com,Swaziland,2021-10-03,Standard,433.03
7842,Danielle Cox,megantaylor@example.com,Iraq,2024-07-19,Standard,512.91
7843,Mr. Anthony Floyd,davidjordan@example.com,Suriname,2026-05-18,Standard,235.13
7844,Beverly Graham,dwilliamson@example.com,Montserrat,2024-06-09,Standard,215.40
7845,Lisa Reed,gabrielfletcher@example.net,South Africa,2022-02-10,Standard,460.87
7846,Heather Hartman,twilliams@example.com,Vanuatu,2026-07-11,Basic,289.47
7847,Kendra Hayden,garrettlisa@example.com,Palau,2022-04-05,Standard,481.77
7848,Nancy Holland,samanthavincent@example.org,Sierra Leone,2024-07-04,Standard,333.01
7849,Paul Berg,qmiller@example.org,San Marino,2025-07-30,Standard,95.84
7850,Tammy Carey,bsanchez@example.net,Montenegro,2023-08-23,Standard,564.43
7851,Susan Brooks,woodwardpatricia@example.com,Tonga,2024-02-25,Standard,301.04
7852,Diana Martin,taylorsteven@example.org,Bouvet Island (Bouvetoya),2025-05-24,Standard,172.69
7853,Elizabeth Mcdowell,ericaherrera@example.net,Seychelles,2022-12-08,Standard,470.61
7854,Michael Ruiz,dillon58@example.org,Faroe Islands,2021-09-26,Standard,90.88
7855,Ronnie Ramsey,careysarah@example.net,Heard Island and McDonald Islands,2022-09-07,Standard,620.10
7856,Edward Williams,andrea87@example.com,Comoros,2025-02-14,Standard,265.88
7857,Matthew Weber,hectorreid@example.com,Honduras,2025-09-26,Standard,614.69
7858,Laura Thomas,walshtimothy@example.org,Mexico,2022-07-19,Standard,79.65
7859,Sandra Wilson,brian34@example.net,Qatar,2024-01-05,Premium,395.94
7860,Mark Jensen,jasonramos@example.net,Djibouti,2023-05-26,Basic,207.14
7861,Diane Hill,chambersrobert@example.net,Tonga,2024-03-28,Standard,442.71
7862,Michael Snow,hannahgarcia@example.net,Saint Lucia,2022-02-09,Basic,218.71
7863,Miguel Frank,cpowers@example.com,Papua New Guinea,2024-03-20,Standard,377.28
7864,Danielle Sanchez,rebeccamartin@example.com,Algeria,2026-08-02,Standard,283.92
7865,Stacey Carpenter,fporter@example.org,Antigua and Barbuda,2024-04-10,Basic,191.12
7866,Christopher Glover,rebecca77@example.org,North Macedonia,2022-04-24,Standard,676.11
7867,Brandon Brown,molly36@example.net,Ecuador,2022-04-27,Standard,743.66
7868,Stephen Cooper,nicholas21@example.com,Saint Martin,2024-07-18,Standard,298.17
7869,Ann Thompson,amandadelgado@example.com,Philippines,2023-11-05,Premium,559.72
7870,Kevin Blair,lisa26@example.net,Peru,2023-03-17,Standard,223.90
7871,Joseph Lyons,pittmanadam@example.net,Croatia,2022-01-27,Standard,472.48
7872,Maria Garcia,hudsonrobert@example.org,Georgia,2026-03-27,Standard,258.87
7873,Troy Dunn,julia59@example.com,Slovenia,2022-09-26,Standard,200.87
7874,Kelly Ortiz,mthomas@example.net,Australia,2022-02-16,Standard,128.38
7875,Kristen Rosales,rlee@example.com,Syrian Arab Republic,2023-05-06,Basic,243.56
7876,Nancy Perez,rossrobert@example.org,Sao Tome and Principe,2023-03-21,Standard,459.28
7877,Sandra Meyer,gabrielle17@example.net,Latvia,2022-07-10,Standard,291.74
7878,Jessica Mcfarland,jeremyrhodes@example.net,Solomon Islands,2023-09-03,Premium,759.26
7879,Eric Butler,clopez@example.com,Ecuador,2021-09-27,Standard,80.37
7880,Nicholas Mccoy,pgriffin@example.com,Norfolk Island,2021-08-21,Standard,149.33
7881,Mark Cortez,steven66@example.net,Netherlands Antilles,2025-09-22,Standard,387.30
7882,Gregory Bennett,jyu@example.com,United Kingdom,2026-04-15,Standard,362.93
7883,Krista King,sreyes@example.org,Turkey,2021-10-03,Standard,127.90
7884,Jane Lopez,kathleen18@example.org,Comoros,2026-06-21,Standard,270.74
7885,Kelli Holloway PhD,crystal37@example.org,Bahamas,2026-02-15,Standard,648.71
7886,Emily Mills,hutchinsonanthony@example.com,Germany,2021-11-20,Basic,314.84
7887,Laura Rogers,eugenejones@example.net,Algeria,2023-09-05,Standard,310.36
7888,Ronald Rosales Jr.,alexandersims@example.com,Cook Islands,2025-01-23,Standard,518.78
7889,Renee Jordan DVM,david63@example.org,Jordan,2022-01-08,Standard,731.35
7890,Anna Young,peggy65@example.com,Central African Republic,2023-12-10,Basic,354.88
7891,Samantha Rodriguez,lindsaycraig@example.net,Argentina,2022-05-27,Basic,145.18
7892,Katherine Logan,richard86@example.com,Philippines,2024-01-13,Standard,553.60
7893,Jennifer Cannon,stonejose@example.com,Austria,2022-11-21,Basic,325.01
7894,Laura Miller,rubengonzalez@example.org,Cameroon,2024-03-16,Standard,156.89
7895,Mary Lawson,muellermarilyn@example.org,Serbia,2023-02-06,Standard,482.35
7896,Ronald Mcmillan,pburns@example.net,Saint Kitts and Nevis,2026-03-26,Standard,485.04
7897,Gregory Hanson,jason67@example.org,Ecuador,2025-12-23,Basic,380.11
7898,Tammy Castillo,phillipssheila@example.org,Nicaragua,2026-05-21,Standard,465.37
7899,Sabrina Cooper,alexanderglass@example.org,Croatia,2025-09-29,Standard,463.07
7900,Shelly Johnson,cartertonya@example.com,Uruguay,2022-03-04,Standard,351.69
7901,Tyler Fernandez,nataliewilliams@example.org,Saint Vincent and the Grenadines,2025-10-11,Premium,1370.54
7902,Jonathan Brown,mwilliams@example.com,Ethiopia,2023-05-03,Basic,291.86
7903,James Frank,ashleyturner@example.net,Belize,2024-06-20,Standard,226.56
7904,Gary Hunter,jenna27@example.com,Heard Island and McDonald Islands,2024-07-30,Standard,412.84
7905,Jodi Lopez,stevenhenson@example.org,Belize,2026-06-09,Premium,1313.65
7906,Matthew Ford,timothy96@example.org,Ecuador,2023-12-26,Basic,118.67
7907,Theresa Jones,luisdillon@example.org,Micronesia,2023-11-22,Standard,626.86
7908,Erik Rice,mcdonaldjames@example.net,Kazakhstan,2023-08-04,Standard,670.58
7909,Christopher Hernandez,pattersonnicole@example.com,Dominican Republic,2025-08-18,Standard,705.29
7910,Deanna Cooper,cynthiashepherd@example.com,Burkina Faso,2023-01-02,Premium,423.37
7911,Jessica Wolf,lmccoy@example.net,Samoa,2022-04-11,Basic,399.17
7912,Douglas Kaufman,wendysalazar@example.org,Liberia,2024-08-31,Basic,200.40
7913,Catherine Byrd,,Algeria,2023-07-06,Premium,448.01
7914,Scott Miller,matthew65@example.org,Belgium,2023-05-06,Basic,314.21
7915,Cynthia Diaz,solisamy@example.org,Peru,2026-05-28,Standard,278.42
7916,Amber Ross,kellymelinda@example.com,Lesotho,2024-11-26,Basic,165.19
7917,Brian Stuart,williamslaura@example.net,Saint Helena,2025-11-24,Standard,554.08
7918,Sylvia Strong,ucherry@example.net,Netherlands,2026-02-02,Standard,302.26
7919,Chad Potts II,smitherin@example.net,Uganda,2024-02-10,Basic,87.49
7920,Caroline Liu,cochranjames@example.org,Portugal,2024-11-30,Basic,53.43
7921,Ashley Rivera,bstephens@example.com,Sweden,2024-01-08,Premium,650.29
7922,Curtis Ruiz,smithjared@example.net,Korea,2025-12-30,Standard,647.57
7923,Mr. Cody Williams,sheena50@example.net,Turks and Caicos Islands,2022-02-26,Standard,118.26
7924,Terri Riley,delgadosarah@example.net,New Caledonia,2025-06-11,Basic,120.44
7925,Carlos Reed,nichole33@example.com,New Caledonia,2022-06-20,Premium,218.13
7926,Carrie Logan,ericagonzalez@example.org,Cambodia,2023-04-08,Basic,354.87
7927,Susan Sanchez,robinsoncristina@example.org,Burkina Faso,2022-04-24,Premium,1401.59
7928,Jay Riley PhD,qgould@example.com,Luxembourg,2026-02-11,Standard,658.05
7929,Alexandra Chen,martinezanthony@example.net,Kenya,2026-02-28,Standard,340.60
7930,Alexis Chandler,ybarnes@example.com,Marshall Islands,2023-02-20,Standard,552.21
7931,Timothy Roberts,jessicabell@example.com,Malaysia,2023-02-05,Standard,298.27
7932,Richard Shelton,gonzalezjudith@example.com,Trinidad and Tobago,2022-01-11,Standard,532.34
7933,John Cooley,fisherlawrence@example.org,Ecuador,2026-05-26,Standard,76.56
7934,Anne Dunlap,fosterlauren@example.net,Panama,2025-06-22,Basic,389.51
7935,Stephanie Roberts,erin73@example.com,Sudan,2025-12-18,Premium,1078.52
7936,Ryan Smith,ebony26@example.org,Chile,2023-10-25,Standard,121.43
7937,Tim Morales,sherrycole@example.net,Maldives,2023-12-07,Basic,238.92
7938,Larry Mcgee,matthewstracy@example.org,Tanzania,2026-02-02,Standard,544.64
7939,Cody Young,robert89@example.com,Norfolk Island,2023-07-06,Standard,224.37
7940,Heather Compton,blakescott@example.org,Turkey,2026-01-22,Premium,1646.91
7941,Steven Thomas,kenneth21@example.org,Mayotte,2023-01-28,Standard,107.44
7942,Carl Townsend,kathyhenson@example.net,Australia,2023-01-22,Standard,675.92
7943,Lisa Bennett,anthonyanderson@example.org,Pitcairn Islands,2021-08-15,Standard,349.99
7944,Jonathan May,jacksonkayla@example.com,Cape Verde,2021-11-11,Basic,306.71
7945,Carrie Howard,christopherarcher@example.org,Jordan,2025-02-22,Premium,566.64
7946,Mark Wilson,alisoncampbell@example.org,Lithuania,2025-11-14,Standard,272.61
7947,Darren Bell,fanderson@example.com,Dominica,2021-09-07,Standard,215.34
7948,Virginia Henry,sarahwalters@example.com,Burundi,2023-11-26,Premium,649.48
7949,Jeremiah Cruz,andrea13@example.net,Bhutan,2022-12-26,Standard,557.09
7950,Crystal Porter,tgilbert@example.org,South Africa,2023-02-28,Standard,575.48
7951,Edward Garcia,thale@example.org,New Zealand,2023-06-15,Standard,519.17
7952,Christina Mora,robertsonbrenda@example.org,Mauritania,2026-01-17,Basic,234.50
7953,Joshua Burton,robert38@example.org,Cocos (Keeling) Islands,2024-11-27,Premium,1044.67
7954,Brittany Hernandez,williamsjustin@example.org,Iraq,2022-12-12,Basic,381.83
7955,Sarah Ward,callahanmicheal@example.net,Togo,2023-08-22,Standard,552.80
7956,Karen Johnson,sarahholmes@example.org,Dominican Republic,2024-09-05,Premium,1530.06
7957,Molly Kelley,fred35@example.net,Estonia,2021-08-28,Standard,468.23
7958,Andrea Johnston,whiteheadandrea@example.org,Guam,2024-10-02,Premium,1570.64
7959,Michael Cruz,douglascohen@example.com,Sierra Leone,2022-07-13,Standard,511.48
7960,Jack Martinez,idouglas@example.org,Guadeloupe,2024-11-28,Basic,197.74
7961,Vanessa Anderson,stephanie84@example.com,Vanuatu,2024-08-03,Standard,389.43
7962,Andrew Gomez,sandra46@example.org,Korea,2022-09-24,Standard,100.34
7963,Anthony Mccarthy,sheryl70@example.com,Saint Kitts and Nevis,2025-02-03,Standard,290.01
7964,Lee Brown,paulhernandez@example.net,Korea,2026-03-14,Standard,437.18
7965,Nicholas Gaines,rodriguezroy@example.com,Malawi,2021-11-16,Basic,171.98
7966,Paula Thomas,emily86@example.net,Nigeria,2025-08-24,Premium,430.13
7967,Taylor Brown,mitchellkevin@example.net,Netherlands,2023-03-02,Standard,712.42
7968,Sandra Baker,whitewanda@example.org,Cambodia,2024-08-09,Standard,303.38
7969,Amy Cannon MD,kristenwilson@example.net,Cayman Islands,2025-04-28,Standard,302.32
7970,Samantha Watts,hjordan@example.org,Croatia,2025-08-09,Basic,372.02
7971,Jennifer Morris,xjenkins@example.net,French Guiana,2025-01-14,Standard,210.70
7972,Courtney Hawkins,matthew71@example.org,Sierra Leone,2024-03-22,Standard,178.49
7973,Melissa Campbell,morenoscott@example.com,Congo,2022-09-13,Basic,43.35
7974,Sara Green,ahernandez@example.com,Saint Helena,2022-09-02,Premium,695.05
7975,Nicole Rodriguez,qjones@example.net,Nicaragua,2022-09-21,Standard,147.77
7976,John Myers,halecrystal@example.org,Yemen,2024-12-22,Standard,81.72
7977,Ronald Johnson,crystal95@example.net,Nicaragua,2023-08-28,Premium,485.70
7978,Diana Davidson,joshuagreene@example.net,Botswana,2025-03-29,Standard,372.66
7979,Robert Mitchell,adamschristopher@example.com,Mali,2022-05-09,Basic,84.23
7980,Dawn Frank,kingkevin@example.net,Venezuela,2022-05-09,Basic,321.99
7981,Joseph Acosta,tiffanybailey@example.org,Congo,2022-11-13,Standard,625.65
7982,Heather Turner,jenniferdaniels@example.com,Mozambique,2023-01-11,Standard,363.14
7983,Heather Hensley,scottbarnes@example.com,Liberia,2024-11-06,Basic,259.48
7984,Denise Collier,ocarter@example.com,New Zealand,2022-02-23,Standard,624.34
7985,Maria Young,larrywhite@example.com,Bangladesh,2026-07-24,Standard,580.17
7986,Joyce Rasmussen,kathrynadkins@example.net,Bosnia and Herzegovina,2023-11-26,Standard,508.18
7987,Christopher Edwards,bsmith@example.org,Cayman Islands,2025-05-18,Standard,127.81
7988,Karen Pittman,rebecca27@example.org,Norway,2026-02-10,Basic,367.68
7989,Willie Bell,davislaura@example.net,Switzerland,2024-01-23,Basic,240.21
7990,Joseph Butler,michaeldelgado@example.com,Puerto Rico,2025-11-03,Standard,404.15
7991,David Peters,qnelson@example.com,North Macedonia,2024-12-07,Standard,221.33
7992,Diane Nguyen,aprilperez@example.net,Palestinian Territory,2025-03-22,Basic,382.27
7993,Lisa Hansen,ricesusan@example.com,Belarus,2025-08-31,Premium,375.11
7994,Michael Herman,xhall@example.com,Comoros,2026-06-22,Standard,120.97
7995,Travis Davis,gloriaburns@example.org,Jordan,2025-03-20,Basic,249.35
7996,Eric Stephenson,pennyduncan@example.net,Montenegro,2025-10-21,Basic,399.78
7997,Kenneth Lawson,smithbill@example.org,Czech Republic,2025-10-04,Basic,72.71
7998,Ashley Jones,jennifer29@example.com,Iran,2023-10-23,Basic,384.74
7999,Dawn Bradford,katherinemiles@example.com,Liberia,2023-10-25,Standard,164.37
8000,Mariah Carter,reyesjoyce@example.com,Angola,2021-10-30,Premium,762.95
8001,Justin Lewis,jcampbell@example.net,Tokelau,2024-12-01,Standard,668.10
8002,Eric Phillips,sanchezkathleen@example.net,Taiwan,2022-04-06,Standard,636.14
8003,Catherine Sanchez,,Costa Rica,2022-11-03,Standard,443.86
8004,Wanda Reyes,simpsonchristine@example.net,Mongolia,2021-11-01,Basic,385.04
8005,Christine Steele,smithjason@example.org,Germany,2026-05-01,Basic,211.46
8006,Robin Bell,hcasey@example.com,Albania,2024-12-20,Standard,409.25
8007,Katie Rodriguez,ecarlson@example.org,Togo,2022-09-27,Basic,189.01
8008,Brian Greene,williamsdaniel@example.com,Netherlands,2025-03-21,Standard,636.87
8009,Autumn Reyes,nicole98@example.net,Fiji,2023-12-05,Basic,105.84
8010,Joseph Davidson,qstark@example.com,Netherlands,2021-09-01,Standard,335.76
8011,Miss Alexis Simmons MD,aprilmoore@example.org,Pitcairn Islands,2025-11-07,Standard,228.49
8012,Michelle White,jason55@example.net,Luxembourg,2026-07-10,Basic,198.65
8013,Andrew Salazar,ahernandez@example.net,Iran,2023-05-31,Basic,208.90
8014,Raven Crawford,xbender@example.com,Mayotte,2026-03-07,Premium,971.62
8015,Barbara Nash,lisa83@example.net,Luxembourg,2022-04-08,Basic,104.76
8016,Jenna Coleman,christinasimmons@example.net,Mauritius,2026-08-05,Standard,102.07
8017,Eric Mcmahon,richardbond@example.net,Andorra,2023-10-09,Basic,321.50
8018,Michael Burgess,alan38@example.org,Sudan,2025-03-19,Standard,341.09
8019,Anthony Harris,davismelissa@example.org,Guinea,2026-06-08,Standard,556.01
8020,Paul Steele,nathanlee@example.net,Mauritius,2023-03-21,Basic,300.89
8021,Elaine White,raymond41@example.net,Kenya,2026-05-07,Premium,564.66
8022,Stephen Boyer,gprice@example.net,Samoa,2026-06-29,Standard,201.65
8023,Ian Shelton,sheppardpatrick@example.com,Qatar,2024-12-12,Standard,709.83
8024,Robert Hernandez,lhodges@example.org,Saudi Arabia,2025-01-18,Basic,75.90
8025,Peter White,scottleah@example.net,Russian Federation,2021-08-25,Premium,1717.44
8026,Dana Berry,jessica89@example.net,Belgium,2025-02-23,Premium,896.18
8027,Donna Espinoza,lisa45@example.com,Rwanda,2023-03-02,Standard,234.10
8028,Matthew Edwards,crystal22@example.net,Iraq,2025-05-29,Standard,539.64
8029,Kevin Dawson,dakotawilliams@example.org,Mauritania,2023-07-10,Standard,694.79
8030,Brandy Vega,warnerjeffrey@example.net,Antigua and Barbuda,2021-12-29,Standard,526.99
8031,Robert Bell,lauren14@example.net,Cambodia,2022-05-10,Basic,363.57
8032,Rebecca Smith,christina88@example.net,Haiti,2026-01-05,Standard,108.40
8033,Stephanie Clark,catherineadams@example.net,Iran,2021-08-25,Basic,144.89
8034,Andrew Bird,xmoore@example.net,New Zealand,2022-02-27,Premium,1166.12
8035,Tonya Greer,jeff95@example.net,Spain,2023-03-17,Standard,176.96
8036,Barbara Davila,ruizjohn@example.net,Libyan Arab Jamahiriya,2024-09-14,Premium,1705.31
8037,Kathy Casey,olee@example.org,Bhutan,2023-05-04,Standard,543.75
8038,Kaitlyn Webb,taylorrobbins@example.org,British Virgin Islands,2024-04-09,Standard,289.88
8039,Johnny Riley,howardautumn@example.net,Thailand,2023-01-13,Basic,315.15
8040,Alexander Horn,matthewmorris@example.net,Korea,2024-03-01,Standard,191.55
8041,John Cherry,andrewmoore@example.org,Zimbabwe,2022-10-09,Premium,950.26
8042,Danielle Soto,bobby53@example.org,Poland,2025-01-07,Standard,246.81
8043,April Kaufman,yramirez@example.net,Kuwait,2024-04-30,Standard,381.72
8044,Antonio Page,weberjennifer@example.org,Luxembourg,2021-12-16,Standard,318.48
8045,Heather Mccall,likeith@example.com,Eritrea,2024-04-20,Standard,172.43
8046,Robert Contreras,tammyjackson@example.org,Somalia,2025-08-16,Standard,329.40
8047,Andrea Jackson,michelle19@example.org,Kazakhstan,2024-01-10,Standard,622.36
8048,Michelle Elliott,bradfordkerry@example.net,Reunion,2021-10-08,Standard,511.08
8049,Jennifer Taylor,jonesshannon@example.com,Grenada,2024-09-01,Basic,109.25
8050,Douglas Payne,spencesarah@example.org,Tanzania,2024-06-05,Standard,571.76
8051,Jennifer Smith,danielle70@example.com,Saint Kitts and Nevis,2025-05-17,Standard,626.11
8052,Jeffrey Acosta,ujensen@example.org,Latvia,2022-08-22,Standard,270.68
8053,Rebecca Lin,tammysimon@example.org,Saint Martin,2025-11-04,Standard,667.12
8054,Shari Taylor,robertsoncarla@example.com,Somalia,2021-08-27,Basic,149.70
8055,Christopher Carter,joseph16@example.net,Western Sahara,2023-09-02,Basic,219.67
8056,Adrian Green,catherine85@example.org,British Virgin Islands,2023-03-15,Standard,697.65
8057,Shane Proctor,pfields@example.net,Ecuador,2026-04-21,Premium,906.78
8058,Audrey Hart,ugomez@example.net,Fiji,2026-03-16,Basic,43.72
8059,Chad Lane,lauren79@example.com,Macao,2026-04-21,Standard,536.10
8060,Amy Moore,randallpatricia@example.org,Comoros,2024-10-17,Basic,286.37
8061,Colleen Dodson,brentbutler@example.net,Colombia,2025-08-08,Premium,1381.59
8062,Daniel Patrick,matthew28@example.org,Costa Rica,2022-11-12,Standard,606.92
8063,Evan Fuentes,michelle32@example.com,Honduras,2022-01-15,Standard,248.73
8064,Joshua Rodriguez,wthompson@example.com,South Africa,2025-05-25,Basic,105.40
8065,Jacqueline Chase,allennichole@example.net,Namibia,2024-09-19,Standard,519.10
8066,Lisa White,nroberts@example.com,Serbia,2024-01-26,Standard,667.41
8067,Daniel Morgan,charleshoward@example.org,Libyan Arab Jamahiriya,2026-02-05,Basic,189.08
8068,Samuel Ross,silvamichael@example.com,Guinea,2025-09-13,Standard,380.34
8069,Elizabeth Alvarado,kingjoseph@example.net,Australia,2023-10-15,Standard,290.26
8070,Scott Fox,chelseaturner@example.net,Nicaragua,2024-02-14,Standard,690.63
8071,Jeffrey Jones,clinemiranda@example.com,Tunisia,2021-11-25,Standard,86.84
8072,Derrick Mejia,morganmcintyre@example.org,Holy See (Vatican City State),2023-06-18,Premium,804.00
8073,Julia Marsh,dariushobbs@example.org,Heard Island and McDonald Islands,2024-09-16,Standard,170.69
8074,Lori Navarro,tara50@example.com,Jordan,2026-07-13,Standard,93.75
8075,Joseph Woodard,salinaslaura@example.net,Dominican Republic,2024-09-22,Standard,564.46
8076,Katherine Cox,huffmandennis@example.net,Macao,2021-09-19,Standard,474.96
8077,Brianna Wilson,normanveronica@example.com,Samoa,2022-09-06,Premium,683.06
8078,Adam Turner,sarahthompson@example.org,Senegal,2024-09-23,Basic,374.42
8079,Brandi Whitehead,karen79@example.org,Saint Barthelemy,2024-06-23,Standard,103.38
8080,Eddie Smith,mjordan@example.org,Ecuador,2025-03-11,Standard,288.17
8081,Derrick Williams,jefferyhall@example.org,Egypt,2024-06-16,Standard,467.56
8082,Nancy Solomon,heidi20@example.net,Korea,2022-08-15,Standard,239.95
8083,Ryan Gill,aburns@example.net,China,2026-04-13,Standard,623.35
8084,Jessica Patel,byoung@example.org,Russian Federation,2023-07-01,Standard,191.34
8085,Anthony Johnson,alexandrashepherd@example.com,Cayman Islands,2023-08-08,Standard,275.24
8086,Diane Dennis,katelyn55@example.org,Grenada,2025-10-22,Basic,104.76
8087,Lisa Walker,jacobshort@example.org,Reunion,2025-08-29,Standard,126.30
8088,Carla Liu,franklincarlos@example.net,Belize,2023-12-15,Standard,495.86
8089,Angela Bridges,maryford@example.org,Korea,2024-07-26,Premium,1228.40
8090,Joseph Blevins,bmontoya@example.org,Cape Verde,2022-01-05,Standard,206.31
8091,Miguel Figueroa,lance56@example.com,Korea,2023-01-16,Basic,120.29
8092,Sarah Ibarra,virginia98@example.org,French Polynesia,2026-04-24,Standard,649.65
8093,Charles Ryan,wagneralexis@example.org,Cocos (Keeling) Islands,2024-09-10,Premium,1078.89
8094,Jonathan Contreras,seth35@example.org,Iceland,2022-12-06,Basic,120.80
8095,Ashley Cortez,melissa91@example.org,Botswana,2021-10-26,Basic,63.12
8096,Nathaniel Thomas,brian45@example.com,El Salvador,2023-03-21,Standard,194.33
8097,Andrea Thompson,younglisa@example.com,Ghana,2022-02-09,Standard,716.09
8098,Dawn Lopez,richardwalker@example.com,Antigua and Barbuda,2026-02-16,Standard,126.48
8099,Amanda Bailey,robinsonfelicia@example.org,Philippines,2025-08-26,Basic,224.09
8100,Brittney Cortez,jgarcia@example.com,Slovakia (Slovak Republic),2022-05-15,Basic,80.55
8101,Anita Mahoney,lsteele@example.org,Dominican Republic,2022-03-19,Standard,178.72
8102,Daniel Miller,georgeolson@example.com,Anguilla,2022-08-12,Standard,356.58
8103,Alyssa Ramos,danielmichelle@example.org,Ethiopia,2025-09-30,Standard,345.99
8104,Darryl Morales,rsosa@example.net,Tanzania,2026-05-24,Basic,77.43
8105,John Wilson,dennis76@example.com,Central African Republic,2025-09-11,Standard,433.32
8106,Mary Potter,david26@example.org,Libyan Arab Jamahiriya,2025-01-24,Standard,437.63
8107,Heather Fernandez,jcollier@example.com,Reunion,2025-03-04,Standard,742.45
8108,Logan Calderon,walkermelissa@example.com,British Virgin Islands,2021-10-26,Basic,341.38
8109,Ashley Rodriguez,burnskevin@example.com,Rwanda,2026-02-02,Standard,103.74
8110,Mary Solis,thomasdixon@example.com,Burkina Faso,2022-03-15,Standard,459.76
8111,Monica Anderson,kstark@example.com,Seychelles,2026-05-12,Standard,704.40
8112,Jennifer Perez,hendersonbeth@example.net,Western Sahara,2021-12-09,Standard,428.98
8113,Taylor Mendoza,fdouglas@example.com,Liechtenstein,2025-12-16,Standard,286.73
8114,Andrea Powell,sullivanamy@example.net,Pitcairn Islands,2025-09-17,Standard,572.31
8115,Kimberly Mitchell,joseph24@example.com,Azerbaijan,2026-02-13,Standard,346.17
8116,Nicole Dixon,melissa38@example.com,Monaco,2026-07-23,Basic,183.75
8117,Emily Jackson,nicole76@example.com,Yemen,2026-06-06,Standard,578.12
8118,Cynthia Rodriguez,george41@example.net,Lao People's Democratic Republic,2025-10-05,Standard,563.85
8119,Susan Davis MD,tranzachary@example.org,Tanzania,2026-07-29,Standard,519.49
8120,Gabriel Yu,robert97@example.com,Bahrain,2021-08-14,Premium,396.93
8121,Wesley Wagner,ryanhale@example.com,Christmas Island,2025-09-12,Basic,331.12
8122,Ian Lopez,michaelhogan@example.com,Cocos (Keeling) Islands,2023-12-29,Standard,205.48
8123,Casey Ferguson,lwilson@example.org,Bahrain,2024-09-30,Premium,1262.03
8124,Joshua Sanford,agreen@example.org,Guatemala,2024-10-09,Premium,431.87
8125,Bruce Jackson,ecrosby@example.com,Korea,2024-10-07,Standard,221.45
8126,Michael Bray,fisherdaniel@example.net,Philippines,2024-09-03,Basic,141.31
8127,Juan Reed,christinacontreras@example.com,Slovakia (Slovak Republic),2023-01-12,Standard,419.98
8128,Kimberly Jackson,jerrylarsen@example.org,Dominican Republic,2023-03-17,Basic,318.09
8129,Dawn Brooks,jyoung@example.org,Papua New Guinea,2024-11-20,Basic,80.29
8130,Antonio Roberts,longtara@example.net,Thailand,2022-03-26,Standard,490.12
8131,Jeffrey Lee,dmullins@example.net,Georgia,2023-12-23,Standard,588.24
8132,Phillip Dickerson,robertsjoseph@example.org,Gibraltar,2026-06-03,Standard,475.99
8133,James Valentine,jamesconner@example.com,Lesotho,2022-01-27,Standard,463.37
8134,Kimberly Marquez,williamrich@example.com,Nauru,2024-09-09,Standard,514.89
8135,Joseph Atkins,bmoore@example.net,Tunisia,2022-04-22,Standard,209.43
8136,Natasha Jones,ritterstacy@example.net,Finland,2025-08-01,Basic,47.16
8137,Amy Crawford,blevinsjoel@example.org,Malawi,2026-07-02,Standard,366.59
8138,Joanna Cooper,norma21@example.com,French Guiana,2026-02-09,Standard,572.81
8139,Melissa Faulkner,mossbrent@example.org,Singapore,2025-01-17,Basic,294.24
8140,Erika Mccoy,dennis12@example.org,Sri Lanka,2025-01-30,Premium,722.84
8141,Emily Henderson,johnrodriguez@example.net,Lebanon,2026-06-16,Standard,183.87
8142,Dawn Kim,cvelez@example.org,Lao People's Democratic Republic,2023-12-13,Standard,442.18
8143,Lisa Williams,sharon37@example.org,Poland,2022-03-25,Standard,140.04
8144,Jamie Morrison,enavarro@example.com,Northern Mariana Islands,2026-02-13,Standard,106.33
8145,Jennifer Jordan,kmarquez@example.org,Guatemala,2023-03-05,Basic,137.26
8146,Benjamin Williams,randallmartinez@example.com,Mauritania,2025-07-13,Basic,363.69
8147,Alexandra Marsh,gpatrick@example.net,Egypt,2025-09-01,Standard,76.29
8148,David Leach,vwilliams@example.com,Mozambique,2023-11-30,Standard,540.15
8149,Mark Sellers,wblack@example.com,Faroe Islands,2022-11-26,Basic,343.28
8150,Melissa Edwards,tammy33@example.com,Martinique,2026-01-23,Standard,520.49
8151,Francis Russell,smithgregory@example.org,Papua New Guinea,2024-09-03,Standard,487.74
8152,James Harris,xroach@example.net,Tuvalu,2024-09-10,Premium,802.02
8153,Brandi Lambert,nbaker@example.org,French Southern Territories,2026-04-28,Standard,185.71
8154,Ryan Gardner,keithmccall@example.net,Trinidad and Tobago,2023-12-19,Standard,369.40
8155,Gilbert Long,ehunt@example.com,Denmark,2026-04-24,Standard,228.32
8156,Marvin Garcia,noah93@example.org,Brunei Darussalam,2024-01-13,Basic,397.46
8157,Robert Bennett,cindycampbell@example.org,Solomon Islands,2022-03-20,Standard,663.65
8158,Richard Morgan,laurencastillo@example.net,British Indian Ocean Territory (Chagos Archipelago),2025-12-01,Standard,335.12
8159,Cassie Hamilton,walshmelissa@example.net,Malaysia,2022-02-24,Basic,385.51
8160,Kelsey Bell,austinmyers@example.net,Niue,2024-08-22,Standard,401.47
8161,Robert Huffman,barbara35@example.org,Iran,2022-02-07,Basic,69.99
8162,Mr. Daniel Dixon,bryantcharles@example.org,French Southern Territories,2024-05-30,Standard,151.98
8163,William Garza,smithjacob@example.org,Central African Republic,2022-11-28,Standard,441.07
8164,Daniel Moore,floreshailey@example.net,United States Virgin Islands,2023-03-23,Basic,337.77
8165,Christine Brown,cynthia74@example.org,Reunion,2021-08-19,Standard,343.41
8166,Abigail Turner,sdunn@example.org,Brazil,2024-07-13,Premium,858.63
8167,Michelle Larsen,ajacobson@example.net,Tokelau,2026-07-10,Standard,599.46
8168,Jacob Aguirre,onealbenjamin@example.com,Kyrgyz Republic,2022-07-18,Premium,292.16
8169,Christine Chavez,romerojeremy@example.org,Ireland,2024-01-17,Standard,416.44
8170,Chad Koch,vcantrell@example.net,Mexico,2021-12-09,Standard,682.55
8171,Gary Peters,mitchelllisa@example.net,Saint Barthelemy,2022-11-04,Basic,94.85
8172,Steven Moore,edwardsbrandon@example.org,Paraguay,2024-10-12,Standard,648.18
8173,Stephen Ho,zparker@example.net,Western Sahara,2026-05-09,Basic,120.57
8174,Brandi Snyder,michael13@example.com,Austria,2022-08-28,Basic,205.99
8175,Robert Perkins,icamacho@example.net,United States of America,2021-09-10,Standard,652.89
8176,Mark Roberts MD,eferrell@example.net,Pakistan,2025-07-11,Standard,294.62
8177,Stephanie Graham,ashleyrojas@example.net,Namibia,2024-12-06,Basic,305.06
8178,Cathy Anderson,patriciamartin@example.org,Gabon,2024-04-25,Basic,186.18
8179,Barbara Cardenas,frice@example.org,Turks and Caicos Islands,2024-04-13,Basic,217.48
8180,Toni Barber,johnlewis@example.com,Congo,2025-01-15,Premium,243.43
8181,Donna Taylor,heather24@example.net,Congo,2024-01-19,Basic,300.41
8182,Amanda Ramirez,zsanders@example.net,Uruguay,2023-04-11,Basic,100.14
8183,Theresa Garcia,wrightadam@example.org,Isle of Man,2022-12-26,Standard,705.67
8184,Derek Perez,qmolina@example.com,Bulgaria,2022-03-10,Standard,653.00
8185,Kristi Kim,hillmegan@example.net,Namibia,2022-01-05,Basic,129.05
8186,Jose Jones,jacksonnicholas@example.com,Venezuela,2023-01-18,Premium,375.71
8187,Nicole Jones,udeleon@example.com,Paraguay,2022-01-03,Standard,720.65
8188,Alicia Salazar,vharmon@example.com,Malta,2025-09-29,Premium,1621.20
8189,Darryl Walker,jeffrey29@example.org,Tajikistan,2022-01-30,Standard,312.83
8190,Lindsey Kline,kimberlyclark@example.net,New Zealand,2025-11-11,Standard,466.20
8191,Steven Mendoza,kendrapatterson@example.net,Faroe Islands,2025-10-19,Standard,241.69
8192,Kristopher Mcgee,fisherpatricia@example.org,Kenya,2024-12-25,Standard,311.21
8193,Jessica Francis,adamalvarez@example.org,Peru,2022-11-15,Standard,570.74
8194,James Warren,smithhaley@example.net,Zimbabwe,2023-05-22,Premium,1303.00
8195,Mrs. Jessica Adams,dcaldwell@example.com,Haiti,2026-05-06,Basic,292.54
8196,John Porter DDS,ericrodriguez@example.org,Costa Rica,2024-10-17,Standard,544.75
8197,Gary Carter,greenjames@example.org,Barbados,2025-04-18,Basic,232.19
8198,Aaron Reilly,jonathansmith@example.org,Myanmar,2022-06-07,Basic,260.19
8199,Katie Casey,paulstuart@example.com,Hungary,2023-09-26,Standard,634.87
8200,Riley Grimes,grayashley@example.net,Austria,2026-04-10,Premium,880.94
8201,Logan Smith,testes@example.com,Ireland,2025-11-13,Standard,417.38
8202,Joel Washington,heatherhaas@example.org,Burundi,2024-03-29,Standard,717.89
8203,Richard Lane,rhondaadams@example.com,Greenland,2023-04-03,Standard,225.87
8204,Amanda Collins DDS,lisagregory@example.org,Tunisia,2024-05-03,Standard,368.73
8205,John Carpenter,joseph00@example.org,Afghanistan,2026-01-13,Standard,590.70
8206,Joseph Berger,dwells@example.org,Wallis and Futuna,2026-05-29,Basic,359.17
8207,David Lozano,marywilson@example.com,Myanmar,2023-08-24,Standard,485.29
8208,Lisa Jackson,lelliott@example.com,Suriname,2024-07-08,Standard,498.50
8209,Kathryn Giles,mponce@example.com,Lebanon,2022-03-28,Premium,1147.31
8210,Mary Hardy,david60@example.com,Portugal,2026-07-31,Standard,742.21
8211,Kimberly Edwards,alyssa00@example.org,San Marino,2023-06-17,Standard,591.02
8212,Ian White,tracy79@example.net,Mauritius,2022-12-15,Standard,342.54
8213,Michele Thomas,mortonjeffrey@example.net,Lithuania,2025-11-14,Premium,181.06
8214,Jessica Boyd,eklein@example.net,Saint Kitts and Nevis,2025-12-26,Basic,204.62
8215,Chris Ware,nathanbrown@example.net,Bosnia and Herzegovina,2025-07-19,Standard,411.17
8216,Heather Perez,shellylopez@example.net,Burkina Faso,2023-08-16,Standard,537.77
8217,Jesse Howard,philliphaley@example.net,Marshall Islands,2024-03-20,Basic,142.32
8218,Carol Mcintyre,tayloredward@example.com,Micronesia,2022-07-22,Standard,718.69
8219,Nina Johnson,hmiller@example.com,Sierra Leone,2023-04-10,Standard,485.58
8220,Karen Gonzales,timothy02@example.net,Vietnam,2025-03-11,Standard,279.03
8221,Leslie Carter,timothy71@example.com,India,2023-12-20,Standard,238.71
8222,Kevin Ramsey,davidadkins@example.org,Bouvet Island (Bouvetoya),2024-03-22,Basic,226.84
8223,Karla Smith,theresakim@example.com,Northern Mariana Islands,2025-12-06,Standard,214.22
8224,Derrick Green,chungkaren@example.net,Kiribati,2024-11-14,Basic,233.12
8225,Pamela Bernard,theresa50@example.org,Bhutan,2024-03-03,Standard,748.14
8226,Tammy Franklin,christopherturner@example.com,Belize,2023-12-28,Standard,469.39
8227,Danielle Ortiz,dunnkevin@example.org,Norfolk Island,2025-08-04,Premium,631.77
8228,Chloe Davila,mitchellrivera@example.net,Saint Kitts and Nevis,2023-06-01,Premium,1127.76
8229,Catherine Hammond,lisa00@example.net,Israel,2025-02-26,Standard,422.47
8230,Sarah Smith,melissaabbott@example.net,Liechtenstein,2025-08-28,Standard,81.69
8231,Jennifer Pham,fpratt@example.org,Iceland,2025-02-22,Basic,82.58
8232,Brett Campos,jasonwade@example.org,Guinea,2025-02-28,Basic,51.30
8233,Michael Le,lucas65@example.com,Argentina,2025-07-26,Standard,723.80
8234,Michael Khan,,Chad,2022-11-13,Premium,805.34
8235,Janet Lopez,rhondafields@example.org,Fiji,2025-01-23,Standard,683.67
8236,Deborah Armstrong,harperbrianna@example.net,Austria,2025-08-04,Premium,1032.37
8237,Lauren Miller,stephanie50@example.net,Kuwait,2021-12-17,Standard,637.66
8238,Taylor Schmidt,gutierrezmargaret@example.com,Cook Islands,2025-01-26,Standard,145.45
8239,Michael Patel,ayaladawn@example.org,Niue,2025-11-16,Standard,450.49
8240,Luis Hansen,john24@example.net,Netherlands,2023-04-09,Standard,449.99
8241,Emma Church,brownlisa@example.com,Taiwan,2024-04-01,Basic,329.62
8242,Trevor Edwards,lbauer@example.org,United Kingdom,2025-11-19,Standard,280.96
8243,Jamie Howell,mwatts@example.org,Zambia,2024-03-25,Basic,238.38
8244,Christina Rice,ghicks@example.org,Russian Federation,2023-09-20,Standard,572.40
8245,Lisa Decker,floressean@example.com,United Kingdom,2025-07-26,Standard,651.86
8246,Lisa Parker,marydavis@example.net,Uganda,2022-07-28,Basic,239.20
8247,Bradley Moore,ugibbs@example.net,Bahrain,2024-01-13,Standard,659.21
8248,Sarah Moore,hhuffman@example.org,Jordan,2024-09-09,Premium,1632.59
8249,James Smith,brendaperez@example.com,Guinea-Bissau,2025-11-02,Standard,325.13
8250,Christopher Poole,tiffany03@example.com,United Arab Emirates,2022-02-04,Premium,176.00
8251,Aaron Nunez,fwilson@example.com,Lesotho,2025-10-29,Premium,718.24
8252,James Johnson,rnicholson@example.org,Aruba,2024-11-30,Standard,533.21
8253,Jessica Powell,tristan86@example.org,Haiti,2025-02-08,Premium,1574.55
8254,Danielle Park,flynndavid@example.net,Gabon,2022-03-15,Basic,168.12
8255,Frank Hess,gordonlisa@example.org,Oman,2026-05-26,Standard,690.03
8256,Andrew Dunn,rebeccabrown@example.com,Tonga,2022-04-22,Basic,179.46
8257,Marc Walker,joshuamccarthy@example.net,Taiwan,2026-05-13,Premium,586.17
8258,Stacy Jimenez,alyssabaker@example.org,Ireland,2022-04-24,Standard,632.19
8259,Peter Flores,williamhill@example.org,Burundi,2024-06-17,Basic,279.39
8260,Christine Hernandez,nvincent@example.net,Cocos (Keeling) Islands,2025-08-04,Basic,145.91
8261,Victoria Frost,vincent06@example.com,Wallis and Futuna,2022-09-05,Standard,109.96
8262,Jacqueline Rivera,taylorbonnie@example.com,Iraq,2025-02-15,Basic,369.03
8263,Kelly Johnson,lauriesmith@example.com,India,2024-07-14,Basic,275.31
8264,Elizabeth Bennett,andrew73@example.net,Botswana,2024-05-08,Standard,184.35
8265,Stacy Young,pstevens@example.org,Guernsey,2024-08-03,Basic,329.31
8266,Mandy Hudson,wendy33@example.org,Oman,2022-12-10,Premium,1168.86
8267,Danielle Mooney,monique69@example.net,Sierra Leone,2023-01-24,Standard,326.34
8268,Daniel Holmes,martinrachel@example.com,San Marino,2022-01-22,Standard,107.13
8269,Kara Stephens,wgray@example.com,Micronesia,2023-06-09,Standard,274.55
8270,Jennifer Webb,krobertson@example.com,San Marino,2026-05-07,Basic,130.74
8271,Eugene Hernandez,singhdakota@example.net,Costa Rica,2023-09-20,Standard,708.25
8272,Trevor Perez,ssmith@example.net,Uzbekistan,2025-04-01,Standard,260.12
8273,Howard Page,cookcolleen@example.com,Christmas Island,2026-03-22,Standard,359.81
8274,Kimberly Jones,leslie94@example.org,Czech Republic,2024-10-20,Basic,184.31
8275,Brittney Kelly,adamsarthur@example.net,Algeria,2026-06-27,Basic,99.34
8276,Laura Cooper,jessica28@example.org,Italy,2023-02-20,Basic,176.02
8277,Michael Cherry,johnsonjessica@example.net,Czech Republic,2026-02-28,Basic,85.38
8278,Kent Casey,lucas58@example.org,French Guiana,2024-01-31,Standard,307.33
8279,Melissa Bridges,michael72@example.org,Australia,2023-06-19,Standard,663.76
8280,Brady Smith,ronnieturner@example.net,Jordan,2023-12-29,Premium,1643.59
8281,Jessica Martinez,brandonriley@example.com,Iran,2022-11-07,Basic,106.33
8282,Gregory Ward,tdean@example.net,Djibouti,2022-02-17,Basic,84.96
8283,Chelsey Reyes,fwallace@example.org,Iran,2022-06-08,Premium,546.56
8284,George Taylor,teresahansen@example.org,Tokelau,2026-01-14,Basic,273.11
8285,Kimberly Walsh,nicoleharmon@example.net,Swaziland,2023-12-13,Standard,610.36
8286,Danielle Garrett,timothyhanna@example.org,Belarus,2025-07-06,Standard,282.43
8287,Kelly Gray,ruiztheresa@example.net,Montserrat,2026-03-05,Basic,149.29
8288,John Caldwell,kevin07@example.net,Eritrea,2026-02-27,Standard,605.19
8289,Daniel Miller,stephaniehobbs@example.com,Swaziland,2023-08-24,Standard,225.42
8290,Robert Nguyen,dberry@example.net,Cape Verde,2025-03-19,Standard,190.24
8291,Tyler Bruce,tparker@example.com,Heard Island and McDonald Islands,2025-02-25,Basic,334.40
8292,Ethan Martinez,xsmith@example.com,San Marino,2021-10-30,Standard,285.96
8293,Katie Griffin,hermandavid@example.com,Saint Lucia,2025-05-03,Standard,130.24
8294,Michelle Ward,hwall@example.com,Jordan,2022-11-17,Premium,699.50
8295,Hannah Todd,harveyjustin@example.org,Luxembourg,2025-01-22,Standard,143.60
8296,Sherry Davis,sfreeman@example.com,Malta,2024-06-09,Basic,350.27
8297,Michael Randolph,sandovalryan@example.org,Moldova,2021-09-02,Standard,77.24
8298,Dalton Doyle,michellecortez@example.org,Afghanistan,2021-11-06,Standard,161.21
8299,Kaitlin Tyler,bburton@example.org,United Kingdom,2025-03-16,Standard,136.70
8300,Troy Walker,penahelen@example.net,Comoros,2023-01-06,Basic,374.55
8301,John Sherman,joyzhang@example.net,British Virgin Islands,2022-11-03,Basic,125.26
8302,Lisa Phillips,wilsonamy@example.org,Mauritius,2026-07-09,Basic,91.55
8303,Heather Lopez,daniel26@example.org,Anguilla,2026-04-04,Basic,218.08
8304,Jessica Russo,radams@example.net,Hungary,2021-12-24,Standard,257.72
8305,Madison Shea,katherinereyes@example.com,Mauritania,2024-04-14,Standard,568.77
8306,Stacy Ho,karenthomas@example.org,Slovakia (Slovak Republic),2025-05-15,Standard,450.09
8307,Evan Moore,jaime84@example.net,Bahamas,2022-10-12,Basic,155.64
8308,Harold Cooper,myersnancy@example.org,Netherlands,2023-04-23,Standard,197.14
8309,Jim Lopez,juareznicole@example.com,Botswana,2024-05-06,Standard,189.96
8310,Jill Poole,clarkteresa@example.net,Paraguay,2023-05-03,Basic,90.38
8311,David Roberts,iross@example.com,Mauritania,2025-01-31,Basic,76.51
8312,Rachael Morris,kelli76@example.org,Afghanistan,2023-09-28,Premium,966.21
8313,Crystal Holland,kimberly67@example.org,Korea,2021-09-12,Standard,490.09
8314,Ashley Carlson,epope@example.com,Cook Islands,2022-04-21,Standard,111.95
8315,Nathan Miller,laurenlopez@example.com,British Indian Ocean Territory (Chagos Archipelago),2023-01-28,Basic,230.47
8316,Tammie Murphy,danielsbrenda@example.net,American Samoa,2024-09-02,Standard,320.21
8317,Brian Jackson,mollyaguilar@example.org,American Samoa,2024-12-13,Standard,249.37
8318,Lindsay Johnson,ashleynelson@example.net,Egypt,2023-02-20,Standard,256.74
8319,Lindsay Henderson,chavezthomas@example.org,United Kingdom,2024-04-12,Standard,322.13
8320,Casey Suarez,qwilliams@example.com,Azerbaijan,2024-12-29,Standard,596.35
8321,Sarah Soto,elizabethjackson@example.com,United States of America,2023-08-12,Standard,664.85
8322,Diane Calderon,christinawolf@example.com,French Guiana,2022-07-08,Basic,347.14
8323,John Frey,albertgates@example.org,Bosnia and Herzegovina,2022-12-26,Standard,637.46
8324,Christopher Pratt,garyrobinson@example.org,Bangladesh,2025-10-31,Basic,82.87
8325,Reginald Snow,derrickowens@example.org,Egypt,2023-05-01,Standard,549.07
8326,Kyle Roberts,ctaylor@example.net,Mayotte,2022-05-12,Basic,205.41
8327,Tony Clark,frostsarah@example.net,Saint Barthelemy,2024-10-13,Standard,647.00
8328,Eric Clarke,evansalicia@example.com,India,2022-08-11,Standard,99.74
8329,Brett Buckley,rodriguezmaria@example.com,Benin,2021-11-25,Standard,419.62
8330,Jessica Wheeler,jorge65@example.org,Austria,2022-05-04,Premium,482.50
8331,Nathaniel Norman,kathryn77@example.org,Tajikistan,2022-11-15,Standard,359.37
8332,Michael Johnson,john13@example.com,Bolivia,2024-02-24,Basic,64.71
8333,Stephanie Collier,cherylbrown@example.net,Tunisia,2021-10-28,Standard,632.21
8334,Sean Wu,chelsea91@example.net,Nicaragua,2022-06-26,Standard,480.59
8335,Megan Wilson,lhamilton@example.com,South Georgia and the South Sandwich Islands,2021-11-26,Standard,707.03
8336,Tracy Kane MD,rhernandez@example.com,Solomon Islands,2022-01-12,Standard,416.57
8337,Gary Holland,patelandrew@example.org,Dominica,2023-04-01,Basic,332.35
8338,Robert Simon,hubervictor@example.com,Bangladesh,2026-05-17,Standard,313.02
8339,Tyler Scott,bjordan@example.org,Gabon,2026-05-30,Standard,441.73
8340,Andrew Anderson,timothyevans@example.com,Somalia,2023-01-10,Standard,267.54
8341,Matthew Reed,bgreen@example.org,Bermuda,2024-06-06,Standard,199.17
8342,Nancy Dunlap,juliaflores@example.org,American Samoa,2021-12-26,Standard,286.59
8343,Dawn Ramos,ljones@example.org,Guyana,2024-01-12,Premium,1264.13
8344,Jimmy King,marksjustin@example.net,Suriname,2023-11-23,Standard,636.42
8345,Jennifer Harris,crosskatie@example.org,Lao People's Democratic Republic,2023-07-14,Standard,296.02
8346,Ryan Alexander,maldonadowendy@example.org,Guatemala,2022-12-31,Standard,623.21
8347,Kayla Bullock,richard10@example.org,Nauru,2026-01-06,Basic,58.00
8348,Bryan Brown,larrypeterson@example.net,Comoros,2022-03-02,Standard,657.85
8349,Nathan Thomas,lcox@example.net,Bhutan,2022-01-14,Standard,537.75
8350,Peggy Parsons,mayspaul@example.net,Kenya,2024-12-10,Standard,263.47
8351,Linda Wright,ilawson@example.org,Iceland,2026-01-21,Standard,134.15
8352,Janet Gardner,alexa72@example.net,Lithuania,2022-02-17,Standard,576.06
8353,Michael Paul,markryan@example.org,Fiji,2024-12-09,Basic,253.30
8354,Nicholas Dudley,schwartzmichelle@example.net,Cocos (Keeling) Islands,2024-04-20,Standard,704.20
8355,Caroline Davis,lance70@example.net,Panama,2023-03-19,Basic,120.81
8356,Susan Clark,moorebridget@example.com,Palau,2025-09-02,Basic,89.16
8357,Charles Horton,jean92@example.org,Bahamas,2026-07-24,Standard,248.44
8358,Marilyn Rodriguez,riverapatricia@example.net,Myanmar,2024-05-26,Standard,610.86
8359,Michelle Simon,manninghailey@example.org,Iraq,2024-10-02,Standard,686.57
8360,David Cannon,richardsanchez@example.org,Saint Pierre and Miquelon,2026-04-28,Premium,1100.38
8361,Jose Brown,keithlewis@example.com,Lesotho,2026-01-22,Standard,94.57
8362,Andrea Roberts,prestonkevin@example.org,Kenya,2022-12-30,Premium,250.95
8363,Craig Burns,martineztodd@example.org,Saint Barthelemy,2023-03-30,Standard,304.69
8364,Seth Smith,kennethvargas@example.org,China,2026-01-03,Standard,86.45
8365,Theresa Martin,gabrielatyler@example.com,Bouvet Island (Bouvetoya),2024-04-30,Basic,339.76
8366,Jeffrey Owens,idunlap@example.org,Lao People's Democratic Republic,2024-04-07,Standard,304.76
8367,Amanda Sloan,davidsonsara@example.com,Holy See (Vatican City State),2023-05-10,Premium,308.85
8368,Richard Norman,heatheredwards@example.org,Bosnia and Herzegovina,2022-07-03,Standard,522.91
8369,Aaron Williams,molinajanet@example.com,Nicaragua,2022-10-16,Standard,269.06
8370,Tyler Jennings,donglenn@example.org,Sao Tome and Principe,2026-07-23,Standard,338.16
8371,Andrew Fernandez,haynesamy@example.com,Vanuatu,2021-11-10,Basic,225.26
8372,Jaime French,matthewwall@example.net,Faroe Islands,2025-12-13,Standard,493.00
8373,Nathaniel Turner,david86@example.org,Iraq,2024-04-16,Basic,342.17
8374,Brandon Rodgers,travis07@example.com,Netherlands Antilles,2024-12-15,Standard,384.03
8375,Charles Lawson,donna89@example.com,Iran,2026-01-24,Standard,190.22
8376,Jamie Williams,fcarroll@example.net,Italy,2023-03-30,Basic,173.54
8377,Allison Stafford,david95@example.org,Saudi Arabia,2025-08-30,Basic,216.50
8378,Scott Phillips,owallace@example.com,Cyprus,2021-09-28,Standard,460.43
8379,James Strickland,deanna81@example.net,Wallis and Futuna,2024-10-02,Basic,85.51
8380,Ryan Bowman,tinaflores@example.net,Vanuatu,2024-11-21,Standard,150.03
8381,Sergio Martinez,ggreen@example.net,Rwanda,2022-02-10,Standard,195.93
8382,Patrick Weber,glenn05@example.com,Papua New Guinea,2023-09-06,Premium,1348.68
8383,Kenneth Duncan,dustinduarte@example.org,Morocco,2023-12-03,Standard,438.70
8384,James Long,nathangeorge@example.org,Sierra Leone,2024-03-29,Standard,522.24
8385,Anna Hale,airwin@example.net,Bermuda,2022-09-20,Standard,124.94
8386,Sharon Clarke,andersonbenjamin@example.com,Saint Barthelemy,2023-03-04,Premium,1007.89
8387,Joseph Perkins,ucook@example.org,Armenia,2025-04-18,Standard,485.69
8388,Vanessa Brown,patelstephen@example.net,Cayman Islands,2023-03-13,Basic,363.54
8389,Charles Smith,zkelly@example.org,Korea,2024-02-08,Standard,700.21
8390,Valerie Williams,karen37@example.net,Zambia,2022-01-28,Basic,230.48
8391,Mary Hughes,cohensamuel@example.com,Ecuador,2022-06-22,Basic,134.57
8392,Jacqueline Hampton,elawrence@example.com,Moldova,2026-04-09,Standard,141.75
8393,April Ward,alexandriamiller@example.net,Marshall Islands,2022-03-29,Standard,700.03
8394,Richard Gallegos,katrinamontgomery@example.net,Seychelles,2023-10-18,Standard,588.37
8395,Christopher Huffman,meyersstacy@example.net,Uzbekistan,2026-08-09,Standard,746.57
8396,Nicholas Powell,bakeralison@example.com,Malawi,2025-01-09,Basic,77.73
8397,Robert Warren,svazquez@example.com,British Virgin Islands,2026-02-14,Standard,221.91
8398,Timothy Weber,bjones@example.org,Iraq,2024-06-17,Premium,1006.86
8399,Christopher Ferguson,michaelpatterson@example.com,Grenada,2025-11-20,Standard,368.23
8400,Deborah Barr,camerongonzalez@example.org,Nepal,2026-03-28,Standard,598.37
8401,Crystal Garcia,daniellucas@example.com,Poland,2022-11-09,Standard,486.58
8402,Jorge House,jose33@example.net,Macao,2024-06-03,Basic,340.35
8403,Brian Garcia,glenn18@example.net,Japan,2024-09-25,Premium,1663.78
8404,Mary Gray,xgarcia@example.com,Palau,2023-06-08,Standard,82.67
8405,Elizabeth Cabrera,austinholly@example.net,Honduras,2022-02-25,Basic,305.64
8406,Mary Norman,joshuaruiz@example.net,Papua New Guinea,2024-07-07,Standard,693.92
8407,Amanda Williams,michelle85@example.net,Azerbaijan,2021-08-29,Basic,299.25
8408,Amanda Smith,pharding@example.net,Nepal,2024-03-17,Standard,187.67
8409,James Larsen,umiller@example.com,Ghana,2024-05-04,Premium,912.12
8410,Lindsey Shepherd,lorraine48@example.com,Netherlands,2026-03-29,Premium,672.11
8411,Michael Jones,perezdonna@example.org,Serbia,2025-09-11,Standard,362.03
8412,Brian Hernandez,bwelch@example.net,Aruba,2025-07-03,Standard,215.21
8413,Tanya Acosta,,Syrian Arab Republic,2026-04-19,Basic,174.52
8414,Alejandro Blackburn,ksalinas@example.org,Guatemala,2021-10-11,Standard,518.47
8415,Andrew Smith,browndesiree@example.com,Wallis and Futuna,2021-08-19,Basic,233.85
8416,Antonio Wilson,moodymarissa@example.net,Lesotho,2026-01-11,Premium,1312.01
8417,Lisa Aguilar,frank26@example.net,Northern Mariana Islands,2025-11-03,Basic,44.28
8418,Douglas Morales,austin40@example.net,Lesotho,2024-07-28,Basic,154.63
8419,Charles Bell,davidjackson@example.org,Nigeria,2024-10-29,Premium,796.44
8420,Carlos Kennedy,rvalenzuela@example.org,Guam,2024-06-14,Basic,83.75
8421,Jason Martinez,haleyharrison@example.org,Slovenia,2023-04-30,Standard,606.40
8422,Karen Collins,bherman@example.org,Brazil,2023-01-17,Premium,566.58
8423,Justin Torres,timothy16@example.net,Sao Tome and Principe,2024-11-05,Basic,85.23
8424,Jennifer Chandler,yrhodes@example.net,Chile,2024-12-21,Standard,395.16
8425,Kimberly Miranda,elizabeth55@example.net,Antarctica (the territory South of 60 deg S),2026-03-16,Premium,1539.17
8426,Gabriela Gibson,campbellallen@example.org,Libyan Arab Jamahiriya,2026-07-04,Standard,239.26
8427,Judith Willis,garciageorge@example.net,Italy,2025-02-09,Standard,462.43
8428,Philip Boyd,cherylmurphy@example.org,Bermuda,2023-09-18,Standard,296.46
8429,Brandon Lynch,lynn42@example.com,Puerto Rico,2022-11-11,Standard,143.22
8430,Shelby Young,austineric@example.net,Iceland,2023-05-27,Standard,158.04
8431,Laurie Nguyen,susan08@example.org,Saint Martin,2024-07-16,Standard,116.17
8432,Larry Pena,lisanewman@example.com,Togo,2025-08-31,Premium,509.18
8433,Maria Swanson,veronicawagner@example.net,Qatar,2025-02-01,Standard,345.31
8434,Mrs. Samantha Wilson DDS,jamesbest@example.net,Grenada,2022-10-31,Basic,375.76
8435,Victoria Fritz,lauriewalker@example.net,Saint Pierre and Miquelon,2023-09-13,Basic,231.13
8436,Isabel Scott,michael88@example.org,Cape Verde,2022-10-26,Standard,586.33
8437,Amanda Martinez,hamptontiffany@example.net,Gibraltar,2026-02-17,Premium,867.80
8438,Dr. Steven Huerta,ronnierice@example.net,Cayman Islands,2023-10-26,Standard,310.36
8439,Kelly Chavez,owensangela@example.org,Aruba,2025-10-20,Basic,184.34
8440,David Parker,biancaweber@example.org,Niue,2024-02-12,Standard,313.43
8441,Claire Howard,yjackson@example.org,Palau,2023-06-28,Basic,61.73
8442,Nicole Shaw,rodriguezdanielle@example.com,Libyan Arab Jamahiriya,2023-06-02,Premium,700.83
8443,Courtney Schmidt,hcrosby@example.org,Haiti,2021-11-08,Standard,664.83
8444,Erik Martinez,kellycabrera@example.net,Saint Vincent and the Grenadines,2023-10-24,Basic,389.56
8445,Thomas Valdez,blakeaaron@example.org,Ecuador,2023-04-26,Premium,1171.77
8446,Matthew Nguyen,fordgerald@example.com,Cyprus,2022-04-04,Standard,524.32
8447,Rebecca Pierce,rogertodd@example.org,Saint Barthelemy,2024-12-23,Premium,701.54
8448,Lisa Turner,deanna82@example.net,Barbados,2023-02-03,Standard,328.51
8449,Brian Sawyer,maryharrison@example.org,Moldova,2024-06-18,Standard,458.47
8450,Justin Deleon,danielcraig@example.net,Mauritius,2022-11-03,Standard,608.15
8451,Lawrence Henderson,kimberly87@example.net,France,2024-08-30,Premium,773.23
8452,Corey Hickman,anthonyjefferson@example.com,Russian Federation,2024-05-19,Standard,720.65
8453,Christopher Bryant,matthewhicks@example.com,Hungary,2024-06-19,Standard,520.52
8454,Phyllis Shaw,qpaul@example.net,Ecuador,2026-01-27,Basic,367.96
8455,Breanna Duarte,andre40@example.net,Switzerland,2021-08-21,Standard,197.65
8456,Mark Page,michael37@example.org,Holy See (Vatican City State),2021-09-03,Premium,424.49
8457,Spencer Cruz,matthewsexton@example.net,Timor-Leste,2024-11-04,Standard,747.82
8458,John Miller,christopher82@example.net,Christmas Island,2026-04-12,Standard,351.65
8459,Amanda Thomas,rubencurtis@example.org,Netherlands,2024-07-04,Standard,243.33
8460,Christine Velazquez,rguerra@example.net,Norway,2023-01-23,Standard,130.49
8461,Scott Martin,rfisher@example.net,Afghanistan,2026-06-09,Basic,132.31
8462,Robin Barnes,doughertysarah@example.com,French Guiana,2023-01-21,Basic,285.86
8463,Pamela Durham,snyderdakota@example.net,Heard Island and McDonald Islands,2024-12-26,Premium,1581.95
8464,Michelle Odonnell,thompsonchristine@example.net,Germany,2022-03-13,Standard,545.18
8465,Jessica Byrd,reeddavid@example.org,Turkey,2022-02-12,Basic,156.40
8466,Thomas Gomez,gnelson@example.net,Uganda,2026-02-24,Basic,160.51
8467,Michael Torres,carrolljesse@example.org,Guadeloupe,2022-12-30,Basic,268.53
8468,Francis Smith,judy11@example.com,Gambia,2025-07-31,Standard,634.06
8469,Joanna Greer,michelle04@example.com,United States Virgin Islands,2026-05-25,Premium,762.96
8470,David Jackson,destiny28@example.net,Angola,2024-11-19,Premium,472.53
8471,Jennifer Jackson,sholland@example.net,Zimbabwe,2026-02-17,Standard,75.83
8472,Allison Morris,mcaldwell@example.org,Senegal,2023-05-03,Standard,219.45
8473,Joseph Jacobs,flin@example.org,Poland,2026-01-10,Standard,403.46
8474,Jeffrey Gonzalez,martinapril@example.com,Jamaica,2025-12-20,Standard,165.67
8475,Maria Spears,john81@example.net,Switzerland,2025-11-08,Basic,354.05
8476,Heather Bradford,gharvey@example.net,Kenya,2022-05-28,Standard,249.94
8477,James Herrera,angelagibbs@example.com,British Indian Ocean Territory (Chagos Archipelago),2024-12-17,Standard,153.34
8478,Richard Wiley,patriciapowell@example.com,Dominica,2021-11-09,Basic,122.77
8479,Teresa Green,ricegerald@example.com,Sierra Leone,2026-06-05,Standard,217.70
8480,Melissa Jordan,alivingston@example.org,Wallis and Futuna,2024-10-09,Premium,823.52
8481,Rebecca Johnson,amy57@example.net,New Caledonia,2024-11-05,Basic,190.62
8482,Lance Hartman,marthaholmes@example.org,El Salvador,2021-09-16,Standard,544.24
8483,Katherine Hughes,qhill@example.com,Benin,2025-10-03,Basic,277.34
8484,Alyssa Evans,samanthanoble@example.net,South Georgia and the South Sandwich Islands,2022-02-15,Standard,726.50
8485,Nancy Hill,noblenatalie@example.org,Madagascar,2025-11-21,Basic,245.08
8486,Adrienne Elliott,fieldsjessica@example.net,Turks and Caicos Islands,2026-02-03,Standard,437.19
8487,Courtney Park DDS,emartinez@example.com,Kenya,2022-05-24,Basic,377.85
8488,James Roberts,aguirreteresa@example.com,Mongolia,2023-04-29,Standard,591.55
8489,Heather Gibson,vtaylor@example.net,Antarctica (the territory South of 60 deg S),2024-02-14,Basic,311.58
8490,Taylor Simpson,barbara61@example.com,Saint Helena,2024-04-15,Standard,652.58
8491,Kristina Jefferson,andre48@example.org,Sao Tome and Principe,2024-12-24,Standard,636.22
8492,Caroline Johnson,randyhill@example.com,Guinea,2026-07-21,Standard,580.32
8493,Austin Soto,warddonald@example.com,China,2022-07-24,Standard,645.95
8494,Robyn Collins,raventorres@example.com,Moldova,2026-05-24,Premium,593.76
8495,Francisco Jordan,henryamanda@example.net,Rwanda,2024-09-19,Standard,508.22
8496,Thomas Lopez,wball@example.com,Kiribati,2024-08-10,Standard,448.14
8497,Michelle Powell MD,ashley14@example.com,Eritrea,2023-05-18,Standard,155.88
8498,Courtney Page,hernandezcynthia@example.net,Tuvalu,2025-04-05,Premium,779.40
8499,Dr. Samantha Freeman,rachelmurphy@example.net,Bosnia and Herzegovina,2023-05-31,Basic,137.56
8500,Erica Rivera,lindaacevedo@example.com,Reunion,2022-07-15,Basic,338.44
8501,Jeffrey Shaffer,chelseaadams@example.com,British Indian Ocean Territory (Chagos Archipelago),2024-03-26,Standard,714.30
8502,Albert Warren,smithandrew@example.com,American Samoa,2025-11-23,Standard,588.00
8503,Victoria Krause,anthony28@example.org,Western Sahara,2025-10-03,Basic,222.61
8504,Amy Nunez,taylorhall@example.com,Cape Verde,2024-05-27,Standard,392.18
8505,Cassandra Stewart,petersenjennifer@example.com,Philippines,2024-02-04,Standard,317.42
8506,Christopher Burns,mcbrideshaun@example.org,Saint Kitts and Nevis,2022-03-24,Standard,569.30
8507,Mr. Jared Lynch,crios@example.org,India,2022-03-12,Standard,266.68
8508,Shelly Allen,knichols@example.net,Malaysia,2024-11-20,Standard,84.40
8509,Jennifer Jones,scott78@example.org,Algeria,2021-11-13,Standard,231.97
8510,Mark Gray,christopher89@example.com,Mexico,2024-07-05,Premium,194.62
8511,Sarah Boyd,pstewart@example.net,Saint Pierre and Miquelon,2022-08-28,Basic,379.15
8512,Cheryl Fischer,emilysmith@example.net,Bulgaria,2026-02-23,Standard,421.04
8513,Michael Allen,shelbysmith@example.org,Reunion,2023-08-31,Standard,357.91
8514,Nathan Park,wesleylawrence@example.com,Djibouti,2026-07-02,Premium,1033.30
8515,Shannon Watkins,brianphillips@example.org,Ireland,2022-02-02,Standard,310.36
8516,Jeffrey Thompson,timothy01@example.com,Mayotte,2025-05-11,Basic,389.16
8517,Olivia Kennedy,pbailey@example.com,Palau,2022-10-24,Basic,64.42
8518,Carol Houston,cmendez@example.org,Burundi,2024-10-28,Basic,350.45
8519,Ronald Clark,lhamilton@example.net,Angola,2024-07-01,Standard,132.37
8520,Timothy Jones,amyclark@example.net,Uzbekistan,2025-01-11,Premium,1202.49
8521,Haley Pratt,davidgrimes@example.net,Falkland Islands (Malvinas),2024-01-31,Standard,165.42
8522,Patricia Johnson,josechambers@example.com,Fiji,2026-06-02,Standard,263.66
8523,Cassandra Garcia,daniellerobinson@example.com,Lao People's Democratic Republic,2022-05-07,Premium,1288.96
8524,Scott Brown,rodriguezjenna@example.org,Saint Martin,2022-12-30,Standard,474.31
8525,Julie Michael,brandonhudson@example.com,Mauritania,2025-01-16,Basic,75.89
8526,Mary Ward,fordjustin@example.net,South Africa,2024-07-30,Standard,257.74
8527,Cameron Cooley,acastillo@example.com,Dominican Republic,2024-09-30,Basic,126.47
8528,Amy Watson,michaelmeyer@example.org,Oman,2026-06-19,Standard,125.82
8529,Chad Atkinson,jonesphillip@example.com,Heard Island and McDonald Islands,2026-01-18,Standard,557.35
8530,Joel Vasquez,johncampbell@example.net,Jersey,2023-07-31,Standard,719.46
8531,Jeffrey Fox,cynthia50@example.org,Dominican Republic,2023-05-28,Basic,91.91
8532,Jonathan Horton,floresdennis@example.com,Guernsey,2021-10-19,Standard,717.68
8533,Amanda Johnson,nancy85@example.com,New Caledonia,2024-12-09,Premium,1325.05
8534,Sandra Potter DDS,imccullough@example.org,Namibia,2024-09-26,Standard,176.94
8535,David Bowen,heather63@example.net,Equatorial Guinea,2022-09-15,Standard,247.64
8536,Kevin Jimenez,owilson@example.com,Saint Barthelemy,2025-11-01,Basic,186.47
8537,Maria Brown,austinmegan@example.net,Saint Lucia,2021-11-06,Standard,326.91
8538,Angela Owens,jenkinspatrick@example.net,Montenegro,2026-06-05,Basic,343.11
8539,Brandon Rivera,icochran@example.org,Vietnam,2024-10-24,Basic,106.79
8540,Robert Potter,gregory71@example.com,Venezuela,2024-12-17,Premium,1486.00
8541,Ryan Gilmore,jcain@example.com,Sweden,2023-10-27,Standard,529.58
8542,Deborah Walker,sarah93@example.com,Belize,2026-07-10,Standard,142.28
8543,Thomas Mcmahon,anorris@example.org,Tonga,2022-05-23,Standard,494.75
8544,Joseph Noble,glennralph@example.org,Sao Tome and Principe,2023-03-30,Premium,656.13
8545,Dennis Jones,haleygeorge@example.org,Barbados,2022-09-24,Standard,141.97
8546,Jason Chen,eduardorose@example.net,Venezuela,2022-07-23,Standard,108.93
8547,Timothy Cross,amcintosh@example.org,Dominican Republic,2022-05-10,Premium,1035.19
8548,William Ortega,wintersalexander@example.org,Chile,2024-04-29,Standard,515.64
8549,Bryan Adams,pricedevin@example.com,Bhutan,2024-01-11,Premium,1639.70
8550,Joseph Williams,ladams@example.net,Malaysia,2024-02-18,Basic,51.45
8551,Jesse Hamilton,fieldstammy@example.net,American Samoa,2025-12-08,Standard,609.89
8552,James Zimmerman,wilcoxlori@example.com,Aruba,2024-12-22,Standard,616.75
8553,Alexis Fields,kimmiranda@example.net,Tunisia,2026-08-07,Basic,65.23
8554,Juan Wilkins,barbaralopez@example.com,French Guiana,2023-03-12,Standard,351.26
8555,Anthony Burgess,wdaniels@example.net,Argentina,2026-03-08,Standard,96.04
8556,Kimberly Butler,douglassmith@example.com,Zimbabwe,2024-09-22,Standard,396.16
8557,Autumn Travis,kathleenschmidt@example.org,Korea,2024-08-28,Standard,115.45
8558,Todd Mata,matthew34@example.net,Moldova,2025-04-28,Standard,167.18
8559,Daniel Khan,ryanzuniga@example.org,Israel,2022-07-12,Basic,242.71
8560,Daniel Everett,harpersteven@example.net,San Marino,2022-07-29,Premium,1432.68
8561,Deborah Evans,kelseyking@example.org,Fiji,2022-05-04,Standard,386.50
8562,Heather Gutierrez DDS,newmankatrina@example.net,Brazil,2022-11-09,Standard,600.62
8563,Kimberly Alvarez,yperez@example.net,Suriname,2024-08-29,Standard,190.87
8564,Andrew Cain,lisasmith@example.org,Turkey,2025-02-27,Premium,496.61
8565,Jesus Downs,grichards@example.org,Lesotho,2025-04-21,Basic,243.89
8566,Sarah Burns,timothychen@example.net,Djibouti,2024-03-18,Basic,210.14
8567,Terry Brown,robinsonalexander@example.org,Bouvet Island (Bouvetoya),2021-12-01,Premium,789.01
8568,Keith Thompson,danielbenjamin@example.org,Congo,2025-11-15,Premium,363.92
8569,Tammy Castillo,cookpatricia@example.org,Lao People's Democratic Republic,2024-02-18,Basic,131.40
8570,Jessica Mitchell,lindseymonique@example.com,Christmas Island,2025-04-17,Basic,295.58
8571,Linda Nielsen,micheal38@example.com,Australia,2024-06-19,Standard,350.07
8572,Ann Bates,teresathompson@example.net,Samoa,2025-11-29,Premium,956.17
8573,Matthew Bautista,terrancehorton@example.net,United States Virgin Islands,2024-01-09,Standard,444.33
8574,Richard Sullivan,josephhernandez@example.com,Uzbekistan,2026-02-23,Basic,64.62
8575,Eric White,william22@example.org,Taiwan,2024-09-08,Basic,203.72
8576,Patrick Walker,bestsylvia@example.com,Norway,2021-11-30,Standard,349.77
8577,Alexander Jordan,scottjohn@example.org,Faroe Islands,2022-02-27,Basic,92.09
8578,Tamara Lewis,anthony05@example.com,Tajikistan,2022-06-27,Standard,278.54
8579,Gregory Campbell,david81@example.org,Vietnam,2025-09-19,Basic,375.04
8580,Melinda Fowler,coxdominique@example.com,Saint Martin,2025-12-20,Premium,742.86
8581,Sherry Smith,stevenbrowning@example.net,North Macedonia,2024-07-04,Premium,800.77
8582,Gregory Woodard,thernandez@example.com,Iceland,2024-05-13,Premium,460.21
8583,Ariana Sherman,janderson@example.org,Iceland,2022-03-10,Basic,137.16
8584,Sarah Thomas,cynthiaalvarado@example.net,Belize,2023-12-06,Premium,1678.10
8585,Lori Park,annette29@example.com,Turkey,2023-02-21,Basic,279.15
8586,Nancy Rogers,joseph63@example.net,Burundi,2022-01-17,Premium,602.77
8587,Alex Valencia,vparsons@example.org,Japan,2024-05-19,Basic,200.59
8588,Ryan Grant,kenneth76@example.org,Northern Mariana Islands,2024-01-21,Basic,357.99
8589,Jordan Silva MD,kcohen@example.net,Isle of Man,2024-02-08,Standard,90.26
8590,David Wilcox,lori25@example.net,Malaysia,2021-11-26,Standard,358.95
8591,Jennifer Martin,michaelramsey@example.net,Antarctica (the territory South of 60 deg S),2025-12-24,Standard,288.17
8592,Rachel Walker,leah13@example.org,Croatia,2023-05-24,Standard,163.12
8593,Eric Hunter,erowland@example.com,Ethiopia,2022-10-14,Standard,514.79
8594,Amy Holloway,landerson@example.com,Singapore,2025-01-19,Standard,277.57
8595,Edwin Hayes,tsantos@example.org,Gibraltar,2026-03-20,Standard,730.10
8596,Nancy Smith,hudsonsandra@example.net,Estonia,2026-06-21,Standard,257.49
8597,Ashley Henderson,ochoatodd@example.net,Guadeloupe,2026-02-23,Standard,542.13
8598,Mark Gardner,bob85@example.com,Bouvet Island (Bouvetoya),2022-01-27,Standard,311.76
8599,Nicole Medina,huffmanjames@example.com,Poland,2022-03-11,Standard,163.70
8600,Brandon Rowland,dmedina@example.org,Niue,2023-12-03,Premium,1226.18
8601,Brian Blankenship,danielle71@example.org,Bahamas,2022-08-08,Standard,702.85
8602,Veronica Lowery,hamiltonedwin@example.net,San Marino,2023-12-22,Standard,643.08
8603,Ana Bell,jennifer56@example.net,Bahamas,2023-08-02,Standard,365.16
8604,Gina Nguyen,riverakaren@example.com,Cocos (Keeling) Islands,2023-12-26,Basic,397.61
8605,Anthony Johnson,gballard@example.com,Congo,2026-01-25,Basic,303.70
8606,Summer Scott,kathrynjames@example.org,American Samoa,2026-07-17,Basic,358.56
8607,Abigail Parker,kimberly20@example.net,Sao Tome and Principe,2022-05-29,Standard,450.30
8608,Sean Montgomery,carlroberts@example.com,Congo,2025-01-21,Basic,366.99
8609,Jason Scott,joshua21@example.net,Somalia,2021-12-12,Standard,359.38
8610,Janet Harrell,porterterri@example.com,Brunei Darussalam,2026-02-20,Standard,331.07
8611,Aaron Hernandez,fischerpatricia@example.net,Montserrat,2021-09-20,Premium,190.23
8612,Ashley Collins,charlene28@example.org,Singapore,2024-07-15,Standard,285.57
8613,Ashley Wilson,brittany01@example.org,Poland,2022-12-01,Standard,420.04
8614,Christian Macdonald,lburns@example.net,Chile,2024-08-06,Standard,629.08
8615,Christopher Daniel,suarezcarly@example.net,Gibraltar,2025-10-01,Standard,134.79
8616,April Lee,rachelmoran@example.net,Singapore,2024-04-24,Standard,461.02
8617,Brian Pierce,anthonybauer@example.com,Tokelau,2025-08-18,Standard,493.31
8618,Christina Luna,wrightemily@example.com,Norway,2023-04-09,Standard,132.88
8619,Yolanda Cruz,youngian@example.org,Djibouti,2022-07-30,Standard,108.99
8620,Vernon Young,bensonthomas@example.com,China,2024-01-15,Standard,565.12
8621,Alexandra Miller,carriekelly@example.org,French Guiana,2024-06-17,Standard,631.12
8622,Jeffery Wilson,millerallison@example.org,Ghana,2026-03-19,Basic,390.81
8623,Maria Stuart,pmckenzie@example.org,North Macedonia,2023-08-17,Standard,724.31
8624,Brenda Davis,taylorthomas@example.com,Paraguay,2024-08-14,Standard,637.68
8625,Hunter Smith,donna31@example.org,Cuba,2025-11-23,Basic,392.67
8626,Kurt Lewis,mcampbell@example.net,Taiwan,2024-11-16,Standard,256.59
8627,Larry Sampson,jshaw@example.com,Malaysia,2024-02-13,Standard,378.11
8628,Sara Smith,maydylan@example.net,Mongolia,2023-05-19,Basic,221.50
8629,Lisa Kirk,douglas52@example.org,Svalbard & Jan Mayen Islands,2022-08-14,Premium,1079.18
8630,George Tucker,moodyanita@example.com,Saint Barthelemy,2022-08-25,Standard,290.03
8631,Dr. Katie Santos,jonesvictoria@example.org,Svalbard & Jan Mayen Islands,2026-03-07,Standard,174.92
8632,Elizabeth Green,davidthompson@example.com,Saint Vincent and the Grenadines,2025-01-28,Basic,100.54
8633,Catherine Garcia,phillipsstephen@example.com,Myanmar,2022-07-05,Basic,111.75
8634,Brooke Heath,kathleen07@example.net,Cape Verde,2022-03-11,Basic,287.07
8635,Robin Villa,claudia53@example.org,Estonia,2022-12-14,Basic,351.84
8636,Ryan Day,devans@example.com,Egypt,2026-04-25,Standard,296.98
8637,Sarah Ward,mendozaaaron@example.org,Nigeria,2023-11-01,Basic,314.09
8638,John Sanchez,hrobinson@example.org,Slovakia (Slovak Republic),2024-07-06,Premium,207.48
8639,Lauren Beck,meyerheather@example.org,Papua New Guinea,2024-07-10,Standard,329.41
8640,Laura Camacho,zmontgomery@example.com,Saint Helena,2025-03-08,Basic,307.76
8641,Austin Payne,williamsdavid@example.net,Afghanistan,2026-01-20,Basic,203.24
8642,Christopher Davis,joshuarandall@example.com,Antigua and Barbuda,2023-11-15,Standard,488.23
8643,Jordan Navarro,kelly07@example.net,Saint Lucia,2026-04-16,Premium,995.72
8644,Jennifer Barrett,phillipstracy@example.net,United States Minor Outlying Islands,2024-06-23,Basic,244.53
8645,Amy Cochran,annneal@example.com,Morocco,2023-11-02,Premium,572.09
8646,Tara Lane,wrightjacob@example.org,Libyan Arab Jamahiriya,2021-11-20,Standard,76.79
8647,Ryan Price,qrodriguez@example.net,Lebanon,2024-07-04,Standard,652.71
8648,Keith Johns,peteradams@example.org,Czech Republic,2024-12-12,Premium,1069.15
8649,Tiffany Lawrence,joan40@example.net,Panama,2021-10-04,Basic,94.82
8650,Erin Johnson,nicolemitchell@example.net,Dominican Republic,2025-09-17,Standard,537.72
8651,Jennifer Ortiz,grantbrittney@example.net,Sierra Leone,2026-03-18,Standard,383.30
8652,Allison Sanders,brady98@example.org,Jersey,2024-02-22,Basic,282.37
8653,Samantha Little,jacobmoore@example.org,Angola,2022-09-27,Basic,247.78
8654,Gabrielle Mendez,handerson@example.com,Heard Island and McDonald Islands,2022-02-11,Standard,558.54
8655,Ashley Rice,rickythomas@example.net,Antarctica (the territory South of 60 deg S),2024-04-16,Premium,189.03
8656,Julia Page,hurleytimothy@example.org,Brunei Darussalam,2022-12-29,Basic,161.26
8657,Mrs. Angela Long,meganwong@example.org,South Georgia and the South Sandwich Islands,2023-12-21,Standard,643.79
8658,Dr. Keith Reid,ashley94@example.net,Azerbaijan,2025-08-06,Premium,1520.95
8659,Michelle Montgomery,paulwhite@example.net,Denmark,2025-05-23,Basic,193.09
8660,Maria Cole,hunterrobert@example.com,Saint Martin,2021-10-21,Basic,179.86
8661,Shawna White,karla70@example.org,French Southern Territories,2024-07-25,Premium,211.32
8662,Hannah Brooks,mlong@example.net,Ecuador,2026-01-20,Standard,642.78
8663,Pamela Martinez,jacob98@example.com,Honduras,2025-02-08,Standard,262.20
8664,Duane Wallace,daniel46@example.org,Niue,2025-09-03,Standard,368.33
8665,Edward Higgins,millerangela@example.org,Mozambique,2021-12-11,Basic,300.28
8666,Kenneth Chung,katrinawoodard@example.com,Macao,2021-11-23,Standard,375.83
8667,Kyle Martin,paul22@example.com,Turkmenistan,2022-01-02,Basic,228.42
8668,Jason Dunn,cwatson@example.net,Austria,2024-06-19,Premium,320.64
8669,Aaron Young,pamelarose@example.net,Western Sahara,2024-04-01,Standard,510.89
8670,Robert Hebert,alyssaewing@example.com,Malawi,2025-01-18,Standard,297.57
8671,Lisa Miller,kellymelissa@example.org,Jersey,2024-08-04,Premium,1078.00
8672,Katie Garcia,johnsonjason@example.net,Slovenia,2023-12-20,Basic,94.03
8673,Alan Walker,kellyglover@example.net,Heard Island and McDonald Islands,2021-12-05,Premium,1176.58
8674,Jose Fuentes,gregorybishop@example.net,Kenya,2025-01-03,Basic,279.30
8675,Amanda Ford,hannah81@example.org,Belarus,2025-05-25,Premium,495.44
8676,Justin Ortiz,ramseyamy@example.net,Turkey,2024-11-20,Basic,139.98
8677,Vicki Baldwin MD,evanstimothy@example.com,Dominica,2024-05-16,Standard,376.37
8678,Andrew Bowers,morgancrystal@example.org,United States of America,2025-01-16,Standard,462.96
8679,Tamara Gonzalez MD,dfranco@example.org,Turkmenistan,2025-12-24,Standard,266.28
8680,Erik Smith,uhutchinson@example.com,Kiribati,2026-07-19,Basic,138.40
8681,Lauren Jenkins,brianwallace@example.com,Christmas Island,2023-08-23,Standard,373.09
8682,Dawn Dean,xgregory@example.org,Latvia,2024-08-11,Basic,74.38
8683,Jennifer Wilcox,randyschaefer@example.org,Russian Federation,2023-08-17,Standard,255.22
8684,Roberto Smith,colecristina@example.net,Mauritania,2024-12-23,Standard,85.82
8685,Amanda Walker,johnsonjason@example.com,India,2021-10-22,Premium,1387.74
8686,Joseph Edwards,clarkmonique@example.com,Philippines,2023-10-23,Basic,287.94
8687,Abigail Barnes,elee@example.com,Egypt,2023-10-08,Standard,168.00
8688,Sarah Hernandez,brownemily@example.net,Antarctica (the territory South of 60 deg S),2024-09-23,Standard,376.55
8689,Sara Ray,elaine30@example.org,Chad,2021-08-30,Basic,144.03
8690,Mr. Joshua Bennett DVM,millerkathryn@example.org,Burkina Faso,2025-06-21,Premium,1688.53
8691,Tiffany Lang,deborah72@example.com,Belize,2025-11-23,Standard,97.73
8692,Michael Maxwell,krodriguez@example.com,Comoros,2026-02-15,Standard,673.89
8693,Rebecca Sandoval,james82@example.org,Malta,2026-03-18,Standard,539.96
8694,Richard Rivera,kfriedman@example.net,Trinidad and Tobago,2022-09-01,Basic,208.32
8695,Kenneth Ortiz,caseyzoe@example.com,South Georgia and the South Sandwich Islands,2021-08-15,Basic,169.06
8696,Scott Luna,sherri52@example.com,India,2024-03-08,Basic,188.17
8697,Michael Burton,myersmaria@example.com,Timor-Leste,2025-10-22,Standard,703.12
8698,Charles Riley,bradleyreed@example.org,Dominican Republic,2023-12-14,Standard,381.74
8699,Sarah Chaney,christinathompson@example.org,Iran,2026-04-02,Premium,312.32
8700,Mark Oliver,brownrobert@example.com,Belarus,2025-06-01,Standard,744.93
8701,Sean Johnson,crystalatkins@example.net,United States Virgin Islands,2021-12-05,Standard,169.16
8702,Brian Taylor,kristi72@example.org,Malta,2023-12-01,Basic,78.59
8703,Scott Mitchell,kathleenortiz@example.net,American Samoa,2025-02-16,Premium,834.41
8704,William Hart,nathanielknapp@example.com,Romania,2024-11-29,Premium,453.29
8705,Cindy Horton,lindsayrodriguez@example.org,Ghana,2025-05-13,Standard,295.97
8706,Larry Anderson,brownjoseph@example.org,Guam,2024-09-19,Standard,268.63
8707,Carla Wilson,nunezmaria@example.net,Uruguay,2024-01-16,Basic,183.13
8708,Maureen Shepherd,warnerjustin@example.com,Cook Islands,2023-02-02,Basic,61.90
8709,Bob Briggs,gfrederick@example.net,Gambia,2025-11-23,Standard,222.87
8710,Mary Gibson,lisa52@example.org,Germany,2023-06-19,Standard,350.67
8711,Julie Aguilar,michael55@example.org,Fiji,2021-12-15,Premium,376.26
8712,John Cline,kevin99@example.org,China,2024-09-13,Standard,171.74
8713,Christie Ortiz,candicemoore@example.net,Yemen,2023-02-01,Premium,316.33
8714,Donald Wood,shawn63@example.com,Maldives,2025-05-01,Basic,366.66
8715,Samantha Guerrero,mooregabriella@example.org,New Caledonia,2025-03-29,Standard,685.25
8716,Christopher Hardin,krowe@example.net,Indonesia,2023-07-04,Standard,743.39
8717,Breanna Hunt,adamsrobert@example.org,Montenegro,2024-10-22,Standard,121.33
8718,Colleen Campbell MD,margaretrobbins@example.org,Botswana,2025-07-13,Premium,221.25
8719,Patrick Hogan,dillonmeza@example.org,Netherlands Antilles,2024-04-21,Basic,380.74
8720,Edwin Russell,eschmidt@example.org,Falkland Islands (Malvinas),2025-04-16,Basic,44.15
8721,Henry Allen,whitepaula@example.org,Netherlands Antilles,2021-09-07,Basic,196.68
8722,Thomas Sandoval,adamsjohn@example.net,Gabon,2025-02-08,Standard,720.11
8723,Nathaniel Snow,qmullins@example.com,Burundi,2024-11-08,Basic,302.98
8724,Alexis Ramos,beanjason@example.org,Denmark,2022-06-20,Basic,133.08
8725,Rachel Davis,clifford87@example.org,Antigua and Barbuda,2022-11-25,Standard,106.05
8726,Elizabeth Spears,kathleen63@example.net,Morocco,2024-05-29,Basic,275.83
8727,Joseph Johnson,dodsonjessica@example.net,Norfolk Island,2024-09-10,Basic,392.25
8728,Laura Horton DVM,cynthia35@example.net,Bahamas,2023-04-11,Standard,222.67
8729,Debra Reynolds,dixonjennifer@example.com,Uzbekistan,2023-05-26,Standard,333.40
8730,Jennifer Craig,curtislopez@example.net,Anguilla,2025-01-10,Basic,78.55
8731,Gabriel Johnson,eoconnell@example.net,Russian Federation,2026-08-02,Premium,547.64
8732,Tammy Burton,schroederlisa@example.net,Taiwan,2025-05-21,Standard,560.45
8733,Amy Rhodes,sarahsuarez@example.net,Dominica,2024-01-10,Basic,393.89
8734,Mary Moss,parsonsjacqueline@example.net,Bolivia,2025-10-24,Basic,151.29
8735,Alexander Richards,justin57@example.org,Mauritania,2021-12-09,Basic,133.41
8736,Antonio Heath,grahamrachel@example.net,Bolivia,2025-10-03,Standard,723.74
8737,Tammy Ashley,robertjones@example.com,Luxembourg,2021-10-02,Premium,1748.70
8738,Shelby Gray,lopezjasmine@example.net,British Virgin Islands,2025-11-07,Standard,185.15
8739,Brian Olson,raymondpena@example.net,Zambia,2026-01-01,Standard,143.55
8740,Ralph Jones DDS,wayneroberts@example.com,Suriname,2024-12-02,Standard,632.58
8741,Jessica Hall,nathan56@example.com,Honduras,2025-02-18,Standard,198.71
8742,Lisa Dunlap,rachel41@example.org,Jamaica,2024-12-10,Standard,77.56
8743,Linda Davis DVM,keithrichmond@example.com,Cameroon,2025-06-14,Standard,357.36
8744,Tyrone Petty,lstanley@example.com,Montenegro,2026-05-06,Basic,376.58
8745,Jose Gilbert,williamstanner@example.org,Macao,2025-08-23,Basic,321.94
8746,Roberto Smith,hinestyler@example.net,Norway,2023-09-25,Basic,348.13
8747,Donna Cunningham,cody31@example.org,Barbados,2023-06-18,Standard,126.70
8748,Mr. John Jones,alexandermcdaniel@example.com,Madagascar,2023-02-21,Basic,356.56
8749,Kathy Christensen,nicholas94@example.org,Uruguay,2022-05-16,Basic,187.16
8750,Craig Williams,jamesmack@example.org,Pakistan,2023-05-08,Standard,419.68
8751,James Miller,kathygreen@example.com,Libyan Arab Jamahiriya,2022-05-31,Basic,324.44
8752,Benjamin Hogan,tkent@example.com,Northern Mariana Islands,2025-10-08,Standard,390.28
8753,Crystal Wood,morrissheila@example.net,Hong Kong,2021-11-07,Premium,426.44
8754,Antonio Padilla,fortiz@example.org,Cameroon,2022-12-22,Premium,502.12
8755,Oscar May,josemurphy@example.net,Korea,2023-04-26,Premium,825.13
8756,Sara Carlson,johnsonmegan@example.org,Cameroon,2023-09-22,Basic,330.26
8757,Makayla Sullivan,oblanchard@example.net,United Arab Emirates,2021-11-27,Standard,456.80
8758,Steven Meyer,loridavis@example.org,Nicaragua,2023-04-18,Basic,390.48
8759,Julian Sanchez,haydencook@example.net,Reunion,2023-06-28,Premium,668.30
8760,Stephanie Flores,simmonsheidi@example.net,Azerbaijan,2026-07-10,Standard,216.40
8761,Brandon Valdez,zacharycantu@example.org,Chad,2023-09-09,Premium,1318.54
8762,Christina Hines,lisaball@example.net,Uzbekistan,2024-09-08,Basic,311.40
8763,Erin Bird,amy25@example.org,Hong Kong,2025-09-15,Standard,714.55
8764,Kyle Mclaughlin,christopher86@example.net,Finland,2025-12-30,Standard,301.99
8765,Sandra Parrish,hhenson@example.net,South Georgia and the South Sandwich Islands,2022-04-20,Standard,644.35
8766,Madison Ferguson,awu@example.org,Vanuatu,2023-06-05,Standard,582.07
8767,Joseph Smith,hgarcia@example.com,Austria,2021-09-30,Standard,248.33
8768,Daniel Edwards,jackbrown@example.org,Guyana,2023-11-04,Basic,46.19
8769,Cynthia Collins,rwhite@example.com,Nauru,2024-05-08,Standard,541.40
8770,Joshua Thompson,higginsdavid@example.net,Marshall Islands,2023-03-14,Basic,271.41
8771,Rose Meyers,john19@example.com,Christmas Island,2023-08-05,Premium,369.87
8772,Susan Ross,markbrock@example.org,Guinea,2022-10-21,Standard,488.41
8773,Michael Holland,weaverkelly@example.org,Benin,2021-10-12,Basic,236.81
8774,Fred Williams,swatson@example.com,Jordan,2024-08-07,Premium,406.13
8775,Troy Cooper,carlos84@example.com,Sweden,2024-07-07,Standard,653.59
8776,Chris Turner,thomasdaniel@example.net,Canada,2024-01-22,Standard,282.04
8777,Angelica Petersen,mmedina@example.org,Djibouti,2022-09-01,Standard,471.06
8778,Gregory Douglas,ewise@example.org,Guinea-Bissau,2023-04-30,Standard,665.24
8779,Abigail Kerr,samanthawallace@example.com,Bolivia,2024-11-27,Standard,195.67
8780,Melvin Johnson,amandaarnold@example.net,Swaziland,2025-11-17,Premium,988.99
8781,Jodi Santos,amy98@example.org,Cyprus,2025-02-18,Standard,358.35
8782,Justin Armstrong,dawn40@example.net,Turkmenistan,2023-07-18,Premium,813.11
8783,Jennifer Winters,nataliesmith@example.net,Mexico,2024-08-31,Standard,597.54
8784,Regina Jones,fsutton@example.com,Afghanistan,2025-06-10,Standard,141.38
8785,David Wade,elijahherrera@example.org,Tonga,2025-06-15,Premium,243.89
8786,Gregory Hicks,michelle12@example.org,Germany,2024-05-30,Premium,1458.90
8787,Deborah Ritter,christopher44@example.com,Jersey,2025-03-04,Standard,207.35
8788,Raymond Adams,kyleosborn@example.com,North Macedonia,2025-12-28,Basic,69.61
8789,Jerome Tate,rachelcastaneda@example.org,Sweden,2025-03-02,Basic,128.97
8790,Jordan Hicks,ellisjason@example.com,Seychelles,2026-07-02,Premium,1290.47
8791,Christopher Williams,virginiahopkins@example.com,Turkey,2026-06-26,Premium,1137.80
8792,Emily Diaz,myoung@example.com,Honduras,2021-12-23,Basic,192.60
8793,Chad Gonzales,ochandler@example.com,Norway,2025-04-16,Basic,126.30
8794,Cynthia Carter,richardsonthomas@example.org,Guernsey,2021-09-12,Premium,1298.81
8795,Brandon George,alex58@example.net,Seychelles,2022-09-15,Standard,416.03
8796,Sharon Murphy,ellisbrandon@example.org,Fiji,2026-03-17,Premium,267.07
8797,Stephanie Rios,deborah26@example.com,United States Minor Outlying Islands,2022-11-22,Standard,749.66
8798,Susan Young,victoria32@example.org,Central African Republic,2024-05-14,Standard,476.41
8799,Christopher Jones,alanchambers@example.org,Colombia,2022-03-29,Standard,474.75
8800,Eric Roberts,smithmichael@example.com,France,2022-12-26,Standard,721.63
8801,Cathy Jackson,vincentsnyder@example.com,Christmas Island,2022-12-29,Premium,1446.95
8802,Dennis West,bakersamantha@example.net,Estonia,2023-01-18,Premium,195.80
8803,Katherine Reyes,danameyers@example.com,Philippines,2023-06-14,Standard,707.33
8804,Rebecca Roberts,julieyu@example.com,Morocco,2023-07-20,Basic,126.65
8805,Juan Hamilton,stephanie30@example.org,Madagascar,2025-08-13,Basic,218.70
8806,Ruth Davis,longjason@example.org,Madagascar,2022-07-13,Premium,1470.65
8807,Natasha Lang,mary64@example.net,Gibraltar,2025-10-31,Basic,239.72
8808,Michael Powers,richard60@example.org,Papua New Guinea,2021-10-02,Premium,1355.01
8809,Charles Lloyd,christopher30@example.net,Ireland,2022-03-04,Basic,312.76
8810,Julia Perez,makayla94@example.net,French Southern Territories,2021-12-26,Basic,96.01
8811,Melissa Martin,emma95@example.org,Kazakhstan,2026-04-15,Basic,167.72
8812,Shawn Bell,christopher87@example.com,Faroe Islands,2024-08-05,Basic,392.00
8813,Adam Taylor,carlos85@example.net,Monaco,2024-08-07,Basic,299.83
8814,Kayla Jones,caitlin87@example.com,Netherlands,2024-06-07,Standard,467.74
8815,Julie Spencer,brownjessica@example.net,Japan,2026-04-20,Standard,735.27
8816,Amanda Beck,nicholasjimenez@example.net,Cambodia,2022-06-01,Standard,428.62
8817,Morgan Morrison,kylewaters@example.com,Ethiopia,2026-02-17,Basic,371.66
8818,Jonathan Ellis,frankclarke@example.com,Guadeloupe,2021-12-31,Standard,127.00
8819,Ruben Evans,joditaylor@example.net,Germany,2025-08-18,Basic,162.66
8820,Taylor Pittman,austinclark@example.org,Iraq,2021-11-24,Standard,186.81
8821,Jason Hall,mwood@example.net,Serbia,2025-04-18,Premium,919.26
8822,Catherine Duncan,peter85@example.net,Sri Lanka,2026-05-08,Standard,431.73
8823,Victor Watson,theodore99@example.com,Guyana,2025-03-03,Basic,199.71
8824,Victoria Montoya,patelkaylee@example.net,Papua New Guinea,2022-02-23,Basic,209.80
8825,Gregory Mason,robert52@example.net,Vanuatu,2022-01-07,Basic,255.55
8826,Lauren Lee,diazrachel@example.org,Kenya,2023-07-17,Premium,532.05
8827,Meghan Smith,john26@example.org,Cambodia,2025-05-15,Premium,829.42
8828,Michael Davis,karengordon@example.net,Hungary,2022-05-20,Standard,447.95
8829,David Owen,ucastro@example.com,Mauritius,2023-06-07,Standard,600.96
8830,Austin Raymond,don23@example.com,Saint Kitts and Nevis,2023-03-14,Standard,638.48
8831,Eric Horton,watsonjennifer@example.org,Austria,2025-09-26,Premium,494.41
8832,Jessica Johnson,hernandezdaniel@example.org,Uganda,2021-11-13,Standard,586.76
8833,Tyler Hicks,sbarker@example.net,Palau,2023-07-30,Standard,334.33
8834,Christopher Williams,stephaniejohnson@example.org,Nicaragua,2024-04-28,Standard,598.05
8835,Christopher Miller,zacharyneal@example.com,Armenia,2022-04-02,Standard,402.49
8836,Bryan Brooks,katrinacarpenter@example.com,Vanuatu,2021-08-20,Basic,54.51
8837,Jerry Patel,kimberlysparks@example.org,Australia,2024-03-10,Basic,241.48
8838,Veronica Bass,matthewgreen@example.org,Samoa,2025-04-19,Premium,1597.13
8839,Steven Blevins,wisejessica@example.net,Norway,2025-07-07,Standard,268.59
8840,Destiny Stewart,stapia@example.net,French Southern Territories,2023-10-29,Premium,1313.40
8841,Tamara Oliver,qlyons@example.net,Mozambique,2024-10-11,Standard,604.46
8842,Matthew Vazquez,jenkinselizabeth@example.com,Hong Kong,2023-07-30,Standard,729.94
8843,Cathy Jordan,palmerderek@example.com,Macao,2025-09-20,Premium,442.30
8844,Julia Daniels,kellystone@example.com,Madagascar,2025-10-31,Standard,660.99
8845,Jeffrey White,cwalker@example.com,French Polynesia,2025-01-27,Standard,593.42
8846,Erin Evans,vanessa16@example.net,Congo,2025-06-23,Standard,341.80
8847,Derek Wilson,tanner38@example.org,Tonga,2022-07-25,Standard,729.94
8848,Timothy Rivera,alan74@example.org,United Kingdom,2026-04-09,Premium,1096.50
8849,Danny Mcknight,allison20@example.net,San Marino,2023-12-30,Basic,178.40
8850,Maria Banks,rfitzpatrick@example.com,Bhutan,2025-01-02,Standard,333.14
8851,Matthew Perry,kurtshannon@example.com,Bulgaria,2026-01-15,Standard,382.73
8852,Tyler Franklin,miranda03@example.net,Poland,2022-02-02,Standard,393.71
8853,Brian Harmon,juliafitzgerald@example.com,Malaysia,2023-04-22,Standard,373.68
8854,Robin Morris,chrismiller@example.com,Tunisia,2025-03-19,Standard,119.75
8855,Alexandra Mason,floresanna@example.org,Netherlands,2021-09-19,Standard,154.92
8856,James Solis,bennettelizabeth@example.org,Chad,2025-05-08,Standard,738.22
8857,Cody Hurley,hoganwilliam@example.org,Falkland Islands (Malvinas),2021-08-13,Basic,290.91
8858,Jimmy Anderson,andersonlisa@example.net,Mayotte,2026-04-10,Basic,379.60
8859,Amy Jordan,boyerjoseph@example.net,North Macedonia,2022-05-08,Premium,261.50
8860,Dana Kemp,tonya11@example.net,Taiwan,2026-04-24,Premium,815.35
8861,Mr. Christopher Tapia,jerrymiller@example.com,Jersey,2025-09-08,Standard,173.00
8862,William Foley,coxsabrina@example.net,New Caledonia,2025-08-12,Premium,931.54
8863,Stephanie Escobar,navarrostephen@example.org,Yemen,2024-05-06,Premium,486.26
8864,Glenn Long,david62@example.com,Czech Republic,2022-03-03,Premium,1657.10
8865,Allen Thompson,shannonberry@example.org,Saint Helena,2022-12-13,Basic,228.17
8866,Melissa Ponce,collin29@example.net,Japan,2021-09-18,Standard,602.69
8867,Danielle Castillo,wyattjonathon@example.com,Slovenia,2022-09-16,Standard,218.02
8868,Mark Ashley,fford@example.org,Bolivia,2026-04-21,Basic,80.50
8869,Monica Maldonado,ibarber@example.com,Malawi,2026-05-17,Standard,224.94
8870,Gina Williams,christianjackson@example.org,Holy See (Vatican City State),2025-12-19,Premium,1028.38
8871,Nicole Hall,omoore@example.net,Honduras,2024-01-24,Standard,119.52
8872,Christine Thomas,briannagonzalez@example.org,Barbados,2023-04-28,Premium,649.75
8873,Charlotte Lewis,sharonmorgan@example.net,Panama,2025-01-16,Premium,844.51
8874,Heather Davis,bobby79@example.com,Solomon Islands,2022-03-28,Basic,66.85
8875,Ashley Quinn,grantwilliam@example.org,Tuvalu,2024-03-13,Premium,1526.59
8876,Amber Stark,alisonconley@example.net,Bolivia,2022-02-13,Premium,333.97
8877,Betty Johnson MD,ojohnson@example.com,Falkland Islands (Malvinas),2024-06-06,Basic,175.74
8878,Benjamin Jackson,hayeskylie@example.net,Bahamas,2026-03-29,Basic,314.91
8879,Melissa Monroe,mjacobs@example.org,Northern Mariana Islands,2024-07-04,Basic,396.10
8880,Daniel Lane,scottsimon@example.net,San Marino,2025-04-06,Standard,347.89
8881,Rose Nelson,fsmith@example.net,Uganda,2022-01-07,Basic,123.19
8882,Dawn Jackson,christine20@example.org,Libyan Arab Jamahiriya,2025-12-20,Basic,261.21
8883,Rebecca Brown,melissa99@example.com,Marshall Islands,2025-11-22,Standard,284.15
8884,Randy Rodriguez,jeffrey11@example.org,Niue,2026-01-01,Premium,179.95
8885,Dr. Stephen Taylor,brownlawrence@example.com,Congo,2023-05-21,Premium,361.62
8886,Elaine Ibarra,ronaldcaldwell@example.com,Guernsey,2023-06-23,Basic,368.35
8887,Brendan Reid,patrickbryan@example.org,Gambia,2024-06-13,Standard,593.88
8888,Jose Chase,nwilson@example.com,Switzerland,2023-08-22,Standard,416.26
8889,Kim King,nhooper@example.net,Vietnam,2024-06-14,Basic,323.41
8890,Angela Simmons,stephaniecantu@example.org,French Southern Territories,2022-07-07,Basic,84.02
8891,Jose Miller,mary07@example.org,Italy,2024-04-09,Standard,447.47
8892,Tina Thomas,klinedaniel@example.com,Honduras,2026-03-31,Standard,591.32
8893,Christine Johnson,gmclaughlin@example.com,Ecuador,2025-09-24,Basic,89.25
8894,Brianna Ramos,nchavez@example.net,Uruguay,2024-06-19,Basic,366.10
8895,Beth Tate,alan28@example.org,Brunei Darussalam,2022-11-17,Basic,158.63
8896,Mrs. Erin Miller,david97@example.net,Portugal,2023-08-24,Premium,543.88
8897,Charles Wright,jenniferarellano@example.org,Cayman Islands,2023-05-25,Standard,454.88
8898,Angela Thompson,uhill@example.net,Georgia,2021-09-05,Standard,305.42
8899,Brian Mccall,juliemcdonald@example.org,New Zealand,2021-12-15,Standard,329.06
8900,Philip Gill,murraykyle@example.com,Mexico,2023-11-14,Basic,56.42
8901,Kathy Brown,jessica20@example.com,Guadeloupe,2023-12-23,Standard,479.03
8902,Mark Lindsey,amanda37@example.org,United Arab Emirates,2023-03-16,Standard,570.69
8903,Cheryl Butler,tuckeryolanda@example.net,Bosnia and Herzegovina,2026-07-02,Premium,640.63
8904,Judy Perez,davidweaver@example.com,Canada,2023-05-12,Standard,586.91
8905,Jordan Dudley,mstewart@example.net,Bosnia and Herzegovina,2024-01-04,Basic,173.13
8906,Yolanda Mathis,qvaldez@example.com,Tuvalu,2025-04-08,Standard,596.89
8907,Allison Richmond,riverajessica@example.com,Falkland Islands (Malvinas),2026-07-26,Standard,99.76
8908,Lucas Wilson,karla82@example.org,Falkland Islands (Malvinas),2022-04-20,Premium,335.25
8909,Amy Kim,jkaiser@example.org,Peru,2023-03-30,Standard,116.27
8910,Donald White,walkerdawn@example.net,Moldova,2023-09-16,Standard,157.69
8911,Melissa Keller,urobinson@example.net,Uruguay,2024-06-02,Standard,252.91
8912,Jasmine Bishop,mistyharper@example.com,Guinea-Bissau,2024-05-06,Standard,433.80
8913,Tonya Sanchez,john80@example.org,Nepal,2022-11-22,Standard,230.17
8914,Douglas Jones,svargas@example.org,Liechtenstein,2021-12-25,Standard,116.31
8915,Sabrina Richards,brian36@example.org,Uzbekistan,2022-10-22,Premium,675.93
8916,Jessica Butler,michelleperez@example.com,Western Sahara,2025-02-15,Basic,230.83
8917,Ryan Garrison,xwright@example.org,Sudan,2026-08-06,Basic,359.92
8918,John Thomas,oscar65@example.com,Jamaica,2023-01-08,Standard,124.20
8919,Katrina Ewing,nparks@example.org,Saint Pierre and Miquelon,2023-10-27,Standard,646.51
8920,Aaron Sanders,xbrown@example.net,Guyana,2025-01-08,Basic,281.82
8921,Thomas Navarro,lisawashington@example.org,Turkmenistan,2026-01-07,Standard,184.35
8922,Aaron Adams,blevinstiffany@example.org,Niger,2024-11-05,Standard,250.20
8923,Samantha Rodgers,rossanna@example.com,French Polynesia,2026-08-05,Basic,286.69
8924,Michele Johnson,kristinmiller@example.org,Estonia,2025-04-11,Standard,174.56
8925,Angelica Edwards,moralesrachel@example.net,Cuba,2022-10-09,Standard,449.63
8926,Stephanie Smith,christina83@example.com,Ireland,2025-11-12,Basic,398.93
8927,John Williams,zjones@example.net,Cyprus,2022-05-12,Standard,364.31
8928,Robin Blair,nicole57@example.com,Trinidad and Tobago,2025-08-15,Premium,876.38
8929,Hannah Keller,cadams@example.net,Philippines,2024-02-05,Basic,285.95
8930,Robin Vasquez,derrick42@example.org,Western Sahara,2023-12-01,Premium,1664.31
8931,Lindsey Mckay,perryjoseph@example.net,Tonga,2025-02-06,Basic,294.31
8932,Tammy Bond,xrobinson@example.com,Puerto Rico,2024-07-15,Basic,114.97
8933,Emily Austin,nguyenjason@example.com,Haiti,2025-07-16,Standard,696.57
8934,Megan Holland,hillcrystal@example.net,British Indian Ocean Territory (Chagos Archipelago),2025-06-04,Standard,541.85
8935,Ashley Smith,tranjessica@example.com,Suriname,2024-11-01,Standard,159.63
8936,Michael Bell,shannon37@example.org,Nauru,2022-03-31,Basic,195.25
8937,Michael Coleman,katie98@example.org,Pakistan,2024-04-06,Standard,395.75
8938,Michelle Lee,tyler31@example.org,Sao Tome and Principe,2025-07-24,Premium,1586.08
8939,Douglas Duke,simpsoncody@example.net,Niue,2025-08-07,Standard,613.20
8940,Eric Brown,amandawashington@example.net,Bhutan,2023-09-09,Standard,706.89
8941,Jesse Hodges,melissacox@example.net,Italy,2022-02-19,Basic,252.88
8942,Lori Jackson,brandon82@example.net,South Africa,2024-12-17,Standard,113.84
8943,Nicole Ramos,nicole06@example.com,Luxembourg,2025-08-31,Standard,325.10
8944,Joseph Johnson,ashley60@example.com,Reunion,2022-07-26,Standard,79.07
8945,Chris Horton,dawn79@example.com,Tuvalu,2022-07-27,Basic,287.43
8946,Natalie Howard MD,maxwellbrooke@example.net,Ethiopia,2024-12-18,Basic,257.43
8947,Kyle Garner,yrogers@example.com,Estonia,2025-03-09,Premium,490.02
8948,Daniel Dalton,butlerkatie@example.net,El Salvador,2022-07-29,Standard,131.57
8949,Cesar Rhodes,ericgarcia@example.com,Bulgaria,2024-06-25,Basic,254.63
8950,Laura Sanders,gsims@example.net,Guinea-Bissau,2025-09-08,Standard,717.29
8951,Michelle Castro,ryanmunoz@example.net,Saint Martin,2024-10-07,Basic,153.14
8952,Michael King,nathanparker@example.org,French Southern Territories,2023-09-27,Standard,573.06
8953,Peter Turner,marie94@example.org,Armenia,2024-02-23,Standard,114.00
8954,Danielle Goodman,sfisher@example.com,Tokelau,2024-12-22,Standard,476.88
8955,Michael Davis,kimmichael@example.net,Austria,2023-12-21,Standard,554.71
8956,Paul Johnson,donnaromero@example.net,Ghana,2022-05-30,Standard,182.18
8957,Misty Collins,larsenanne@example.org,Turkey,2023-06-20,Basic,251.21
8958,Kathleen Marshall,spencerdavid@example.org,Vietnam,2022-11-07,Basic,126.85
8959,Jill Hall,harrispamela@example.net,Singapore,2025-05-22,Basic,133.48
8960,Amanda Williams MD,cathy40@example.net,Northern Mariana Islands,2025-01-25,Basic,211.67
8961,Marc Johnson,jonathanwallace@example.com,Kuwait,2026-01-20,Basic,309.85
8962,Michael Rodriguez,brian22@example.com,Netherlands,2023-05-10,Premium,1322.61
8963,Casey Smith,yvette46@example.org,Seychelles,2025-04-05,Standard,551.66
8964,Joseph Hernandez,annaryan@example.com,Congo,2023-12-28,Standard,509.34
8965,Toni Jones,crystalbrewer@example.net,Puerto Rico,2023-05-01,Standard,146.83
8966,John Valdez,wallerchristine@example.com,Chad,2026-04-23,Premium,907.04
8967,Deanna Zimmerman,imccormick@example.org,Mexico,2022-05-10,Standard,673.73
8968,Susan Martinez,markoconnell@example.net,Moldova,2024-11-02,Standard,156.47
8969,Austin Suarez,jacqueline45@example.net,Niue,2023-09-17,Standard,360.48
8970,Lydia Davidson,fwilkerson@example.com,Ireland,2026-05-16,Premium,638.88
8971,Yolanda Smith,mortonmichael@example.com,Romania,2023-09-16,Standard,441.66
8972,Curtis Taylor,nicholsmelanie@example.org,Philippines,2022-04-15,Premium,597.42
8973,James Sandoval,coleamanda@example.net,Netherlands Antilles,2024-09-25,Standard,464.56
8974,Dr. Johnathan Johnson MD,christinereilly@example.org,Cocos (Keeling) Islands,2024-03-30,Standard,327.99
8975,Tyler Smith,hensleymichael@example.org,Congo,2022-12-16,Basic,340.80
8976,Elizabeth Martinez,knightdavid@example.org,Greenland,2023-11-07,Basic,42.83
8977,Jesse Davis,brad41@example.net,Korea,2025-02-03,Standard,619.37
8978,Alexander Foster,hwinters@example.com,Mozambique,2025-02-26,Standard,681.48
8979,Amanda Harris,bbeck@example.net,Croatia,2022-03-16,Basic,398.16
8980,Michael Craig,christinamccormick@example.org,Christmas Island,2025-04-08,Basic,326.10
8981,Nicole Maxwell,colonblake@example.com,Antarctica (the territory South of 60 deg S),2026-03-11,Premium,1745.09
8982,Brian Guerra,iclark@example.net,Greece,2023-10-07,Basic,106.38
8983,Amy Brown,qrowe@example.net,Peru,2022-07-17,Standard,409.43
8984,Donald Smith,travis26@example.net,Indonesia,2022-08-09,Premium,840.13
8985,Christian Kelly,nhernandez@example.com,Anguilla,2024-07-06,Premium,287.54
8986,Derrick Moore,terri83@example.org,Zimbabwe,2025-01-13,Standard,673.76
8987,Dylan Hughes,weberjacob@example.org,Tuvalu,2026-01-16,Premium,515.26
8988,Shawn Navarro,williambailey@example.com,Guinea-Bissau,2022-10-11,Basic,184.02
8989,Renee Jennings,margaretturner@example.net,Heard Island and McDonald Islands,2025-08-27,Standard,673.79
8990,Tamara Taylor,stephen99@example.net,Micronesia,2023-06-27,Premium,714.33
8991,Lindsey Woods,curtis08@example.net,Italy,2023-10-20,Premium,226.81
8992,Christopher Terry,gina18@example.net,Heard Island and McDonald Islands,2024-11-17,Standard,215.86
8993,Rodney Ramirez,joshuajackson@example.net,Saint Vincent and the Grenadines,2023-06-10,Standard,384.72
8994,Jason Martinez,brownjennifer@example.com,Nepal,2025-03-13,Standard,263.77
8995,Natasha Campbell,robinbrady@example.com,Bosnia and Herzegovina,2022-11-04,Standard,650.65
8996,Jason Kent,nicholaswilson@example.com,Isle of Man,2023-03-24,Basic,198.61
8997,Michael Russell,perezrichard@example.org,Nigeria,2024-01-29,Standard,603.20
8998,Lisa Morton,caleb65@example.com,Albania,2024-01-12,Standard,238.12
8999,Linda Perkins,aaronlee@example.com,Tuvalu,2024-03-04,Standard,439.45
9000,Cory Johnson,jenkinsannette@example.net,Lebanon,2021-10-01,Basic,51.70
9001,Taylor Hinton,dbutler@example.org,Vanuatu,2026-04-26,Standard,702.50
9002,Chad Harris,bdavis@example.org,North Macedonia,2026-06-28,Standard,180.48
9003,Hayden Robinson,dustinwillis@example.org,Mayotte,2024-01-22,Standard,566.76
9004,Rachael Sanchez,eclayton@example.com,Central African Republic,2021-11-06,Basic,238.02
9005,Amber White,rangelfelicia@example.org,Iraq,2024-10-30,Premium,1125.71
9006,Veronica Bryant DVM,jonathangreene@example.org,Congo,2024-10-11,Basic,120.95
9007,Mark Copeland,felicia74@example.org,Holy See (Vatican City State),2022-04-30,Standard,181.65
9008,Daniel Archer,tbrooks@example.net,Maldives,2026-06-22,Basic,104.87
9009,Rebecca Miller,ptorres@example.net,Dominican Republic,2025-04-19,Basic,97.62
9010,Lori Freeman,rebeccacampbell@example.net,Marshall Islands,2023-05-19,Standard,630.02
9011,Julie Gomez,wendychandler@example.com,Poland,2025-03-16,Standard,515.25
9012,Isabella Myers,vanessa23@example.org,Maldives,2026-07-24,Standard,596.37
9013,Erica Barnes,camachojane@example.org,Israel,2024-04-29,Basic,61.42
9014,Ashley Cervantes,brookelozano@example.com,Antigua and Barbuda,2022-10-22,Basic,298.67
9015,Cheryl Murphy,porterbrandon@example.com,Lao People's Democratic Republic,2022-01-17,Standard,510.97
9016,Christopher Diaz,fwhite@example.org,American Samoa,2024-02-21,Basic,203.30
9017,Katie Lee,cherylyoder@example.org,Tajikistan,2022-02-28,Standard,510.05
9018,Joseph Benson,tobrien@example.com,Bahamas,2023-06-14,Standard,213.65
9019,Brenda Young,carrie86@example.com,Russian Federation,2024-09-20,Standard,495.81
9020,Kimberly Quinn,emilykelley@example.net,South Africa,2022-07-08,Standard,327.20
9021,Emily Cook,sloanconnie@example.com,South Africa,2022-10-18,Standard,75.39
9022,Travis Collier,michaelgarner@example.net,Gibraltar,2023-11-19,Basic,196.55
9023,Hannah Anderson,jenniferbailey@example.org,Lithuania,2023-09-16,Basic,190.73
9024,Kelli Boyd,emilytrevino@example.org,Qatar,2022-12-23,Standard,320.29
9025,Matthew Davis,millerjulie@example.com,Italy,2022-09-20,Standard,662.95
9026,Kelly Williams,obailey@example.com,Hong Kong,2024-10-30,Standard,443.31
9027,Dan Thompson,jacobwade@example.com,Sweden,2023-02-27,Standard,697.60
9028,Brittany Jacobs,mejiabenjamin@example.net,Serbia,2026-04-02,Standard,643.62
9029,Jennifer Evans,russelljames@example.com,Burundi,2021-12-31,Standard,106.36
9030,Jessica Farmer,rojascatherine@example.net,Monaco,2022-06-04,Standard,127.48
9031,Jeffrey Boyd,fburke@example.com,Tuvalu,2023-03-16,Standard,632.06
9032,Robin Sanchez,robertsonmiguel@example.org,Bangladesh,2024-11-08,Standard,624.35
9033,Bobby Schaefer,andrea99@example.net,Bouvet Island (Bouvetoya),2022-02-24,Standard,263.66
9034,Renee Clarke,katherine24@example.net,Panama,2022-12-21,Standard,691.86
9035,Nancy Martinez,michelle66@example.org,Mongolia,2021-09-10,Standard,192.01
9036,Jordan Rogers,erica19@example.org,Tajikistan,2022-01-29,Standard,721.05
9037,Lawrence Wong,phillipsbobby@example.org,Lesotho,2022-04-19,Standard,191.99
9038,Melissa Austin,jgomez@example.net,Moldova,2026-01-16,Basic,128.08
9039,David Jones,michael98@example.net,Guinea,2023-09-06,Premium,417.49
9040,Heather Wells,jwade@example.org,Chile,2021-12-21,Standard,515.08
9041,Kelsey Hughes,jamiewallace@example.com,Germany,2026-02-09,Standard,651.12
9042,Christina Jackson,brownleonard@example.com,Singapore,2023-06-17,Premium,1148.65
9043,Lisa Murphy,iarroyo@example.net,Cameroon,2023-10-24,Basic,396.15
9044,Robert Woodard,brian14@example.org,Bolivia,2024-01-13,Standard,612.44
9045,Kristopher Lozano,jeffreyhuff@example.org,Canada,2022-11-22,Standard,97.54
9046,Christina Carter,christybrown@example.com,British Indian Ocean Territory (Chagos Archipelago),2022-06-26,Basic,249.12
9047,Nicholas Johnson,jason00@example.com,Cape Verde,2022-09-26,Basic,331.07
9048,Samuel Bowman,joseph44@example.org,United States of America,2023-04-23,Standard,603.77
9049,Ronald Berg,williamstaylor@example.org,Tonga,2023-04-05,Standard,584.66
9050,Kenneth Allison,christina09@example.net,Montenegro,2024-03-17,Standard,665.72
9051,Curtis Houston,pamelabailey@example.net,Chad,2024-03-15,Standard,241.25
9052,Patricia Lewis,kimberlymiller@example.com,Rwanda,2022-02-25,Basic,253.15
9053,Rita Jackson,michael60@example.net,Malaysia,2021-10-28,Premium,1453.66
9054,Beth Davis,walkerlaura@example.net,Gabon,2024-01-17,Premium,1063.82
9055,Elizabeth White,tonypreston@example.org,Algeria,2025-01-12,Basic,399.94
9056,Sandy Barker,laurajensen@example.net,Turkmenistan,2023-06-17,Standard,160.27
9057,James Perez,stephanie73@example.com,Yemen,2021-10-30,Basic,137.01
9058,Miguel Morgan,aanderson@example.org,Seychelles,2022-08-19,Standard,184.14
9059,James Chan,klee@example.net,Niue,2024-07-29,Standard,374.92
9060,James Fowler,taylorkara@example.com,Seychelles,2023-04-08,Standard,478.95
9061,Annette Flores,derek16@example.org,Brunei Darussalam,2026-05-12,Standard,665.33
9062,Carlos Moore,bentonallison@example.com,Georgia,2025-04-15,Standard,165.38
9063,Corey Perez,stoneerik@example.org,Reunion,2025-07-19,Premium,399.66
9064,Joshua Morales,ferrellhenry@example.org,Israel,2025-08-06,Basic,184.54
9065,Daniel Stone,willie86@example.com,Taiwan,2023-12-19,Premium,899.16
9066,Andre Perkins,beckerjohn@example.org,Palau,2025-05-09,Standard,262.55
9067,Travis Chavez,xchaney@example.com,Croatia,2022-01-16,Premium,198.45
9068,Jessica Humphrey,anna16@example.net,Bangladesh,2023-05-28,Standard,598.04
9069,Rachel Oliver,leachjoe@example.com,Jersey,2023-12-14,Standard,137.71
9070,Joshua Walters,sarahhall@example.com,Korea,2024-08-03,Standard,377.49
9071,Joanna Cohen,chadreed@example.net,Tunisia,2024-09-11,Standard,612.86
9072,Frederick Mitchell,william85@example.net,Turks and Caicos Islands,2023-12-20,Standard,197.05
9073,Cody Alvarez,jerry87@example.net,Trinidad and Tobago,2022-05-22,Standard,549.52
9074,Darlene Garcia,dylan39@example.net,Paraguay,2026-03-31,Premium,761.49
9075,Kenneth Fisher,hlopez@example.org,Tokelau,2026-02-18,Basic,86.12
9076,Larry Campbell MD,arthurcrawford@example.com,Palestinian Territory,2022-06-14,Standard,716.78
9077,Brittany Carrillo,randycohen@example.net,Haiti,2024-12-23,Standard,177.02
9078,Alicia Jones,hurstjeremiah@example.net,United Arab Emirates,2021-09-06,Basic,266.64
9079,Tyler Elliott,crystal46@example.net,Cote d'Ivoire,2022-08-10,Standard,333.59
9080,Jeremy Greer,brenda27@example.net,Gambia,2021-11-05,Basic,91.07
9081,Robert Moore,hallalison@example.net,Trinidad and Tobago,2024-12-25,Premium,1152.78
9082,Amanda Hale,lisa05@example.org,Greece,2023-07-16,Premium,1448.63
9083,Holly Roth,hallcarrie@example.net,Burundi,2025-04-14,Standard,78.04
9084,Andrea Delacruz,desireeharris@example.com,Canada,2022-06-18,Standard,520.40
9085,Frances Herring,madisonwalker@example.com,Vanuatu,2025-12-18,Basic,364.86
9086,Adrian Andrews,robert45@example.com,Italy,2024-07-30,Standard,167.76
9087,Cindy Lee,joshua31@example.net,Guam,2024-01-02,Premium,436.79
9088,John Castillo,pphillips@example.org,Lebanon,2022-08-18,Premium,732.29
9089,Kevin Harper,pbrown@example.org,Bahamas,2024-11-07,Standard,299.01
9090,Brandon Martinez,rball@example.org,Lebanon,2024-06-25,Premium,323.19
9091,Allison Giles,james72@example.com,Botswana,2024-11-10,Standard,596.03
9092,Kevin Austin,epierce@example.com,New Caledonia,2024-05-01,Premium,1182.76
9093,Melissa Rodriguez,dmitchell@example.net,Saint Kitts and Nevis,2025-04-30,Standard,524.68
9094,Dr. Willie Stewart,lambertlindsay@example.com,Liechtenstein,2024-02-28,Premium,1515.88
9095,William Diaz,lyonschristopher@example.com,Pakistan,2024-02-17,Standard,474.11
9096,Mr. Austin Long,fgreen@example.com,Guam,2025-10-17,Standard,251.13
9097,Janet Beck,caustin@example.com,Samoa,2023-07-06,Standard,160.62
9098,Linda Wood,rogersjustin@example.org,Somalia,2026-03-31,Standard,244.64
9099,Brittany Graham,shawn36@example.com,Spain,2023-08-23,Premium,1703.93
9100,Aimee Hawkins,nathan11@example.net,Libyan Arab Jamahiriya,2025-06-14,Standard,234.48
9101,Kevin Robertson,clarencebailey@example.org,Nauru,2026-02-20,Basic,266.18
9102,Elizabeth Mccullough,tasha72@example.org,Afghanistan,2024-02-23,Standard,547.78
9103,Matthew Phillips,tayala@example.com,Myanmar,2022-09-28,Standard,148.89
9104,Philip Dalton,steelewilliam@example.com,Samoa,2026-02-26,Standard,701.18
9105,Michelle Weaver,williamwoodward@example.net,Faroe Islands,2025-10-24,Premium,1390.37
9106,Kevin Martinez,samuel62@example.net,Nauru,2023-02-15,Standard,102.98
9107,Peter Love,jessica18@example.com,Cambodia,2025-03-09,Standard,332.99
9108,Julie Burns,andrewsjamie@example.com,South Georgia and the South Sandwich Islands,2023-11-22,Standard,724.11
9109,Jim Thompson,jacksonhannah@example.org,Niger,2022-10-17,Basic,312.72
9110,Anthony Bean,leslie16@example.org,Finland,2026-03-14,Standard,740.67
9111,Elizabeth Andersen,williamsonjeremy@example.org,Turkey,2022-04-06,Standard,139.31
9112,Eric Cervantes,brianross@example.net,Israel,2026-05-03,Basic,379.39
9113,Alicia Brewer,hoffmanlisa@example.org,Antarctica (the territory South of 60 deg S),2023-08-09,Standard,390.41
9114,Carrie Shaw,vgonzalez@example.com,Guam,2023-07-11,Standard,270.64
9115,Brianna Smith,randolphseth@example.com,Netherlands Antilles,2023-12-03,Standard,113.70
9116,Bruce Sandoval,dodsonadam@example.org,Taiwan,2025-12-05,Standard,504.66
9117,Jim Oconnor,beverly05@example.org,Holy See (Vatican City State),2024-03-19,Basic,169.34
9118,Kelly Anderson,william12@example.net,Azerbaijan,2025-05-22,Standard,204.67
9119,Chelsea Mcdonald,lindsay81@example.net,Barbados,2022-12-30,Basic,101.85
9120,Keith Johnson,cbell@example.org,Trinidad and Tobago,2022-02-24,Basic,291.81
9121,Gerald Murphy,annebaker@example.org,Mali,2023-07-27,Basic,212.02
9122,Bruce Munoz,thompsontheresa@example.net,Honduras,2024-05-31,Standard,191.03
9123,Melissa Moreno,paynestacey@example.net,Kuwait,2021-09-26,Basic,135.81
9124,Ellen Moore,coopersarah@example.net,Benin,2025-04-11,Standard,519.46
9125,Martin Ryan,mariathomas@example.com,Saint Barthelemy,2023-08-09,Basic,170.47
9126,Margaret King,carrjennifer@example.net,Samoa,2025-11-25,Basic,350.41
9127,Megan Delgado,raymondmoreno@example.net,Gibraltar,2024-01-30,Standard,290.25
9128,Brian Richardson,rodney23@example.org,Syrian Arab Republic,2023-08-01,Standard,605.37
9129,Cassandra Ingram DDS,tsanchez@example.com,Pitcairn Islands,2025-05-09,Standard,449.93
9130,Megan Gardner,kflores@example.net,India,2021-09-25,Standard,661.96
9131,Tanya Donovan,jacksonaustin@example.com,Rwanda,2025-06-12,Premium,342.41
9132,Lauren Hernandez,sarnold@example.net,Rwanda,2022-12-16,Standard,567.30
9133,Richard Miller,fostercameron@example.net,Niue,2023-01-17,Standard,504.05
9134,Mary Callahan,christopher57@example.org,Argentina,2021-08-13,Standard,670.97
9135,Jason Esparza,joshuahall@example.net,Congo,2026-02-10,Standard,191.17
9136,Stephen Wood,ocollins@example.org,French Southern Territories,2025-02-19,Standard,472.56
9137,Linda Pruitt,jchapman@example.com,American Samoa,2022-02-15,Standard,196.69
9138,Tracy Vazquez,zblankenship@example.com,Italy,2024-04-02,Premium,1515.45
9139,Kelly Glover,rebecca22@example.net,Uzbekistan,2022-06-10,Standard,184.70
9140,Eileen Leon,douglasgutierrez@example.org,Western Sahara,2024-11-15,Basic,71.39
9141,Carmen Carlson,deanna11@example.com,Russian Federation,2026-01-30,Standard,193.13
9142,Joseph Harding,karen00@example.net,Albania,2023-07-26,Premium,196.18
9143,Julie Donovan,berrychad@example.org,Antigua and Barbuda,2025-09-29,Basic,190.30
9144,Mrs. Ashley Graham,marialopez@example.net,Australia,2025-04-16,Standard,543.20
9145,James Wilson,pearsonjillian@example.net,Palau,2025-09-04,Premium,820.61
9146,Joy Singh,zmcgee@example.org,French Southern Territories,2024-09-02,Premium,1621.73
9147,Adrian Savage,robert21@example.net,Paraguay,2024-10-15,Basic,338.09
9148,Melissa Herman,mikayla70@example.com,Martinique,2024-04-25,Premium,1089.62
9149,Taylor Vargas,joseph25@example.org,United States Minor Outlying Islands,2022-04-09,Standard,199.95
9150,Shannon Smith,xburton@example.net,Turkey,2023-03-20,Standard,267.40
9151,Alexis Johnson,jason58@example.com,Kenya,2022-01-12,Premium,1304.55
9152,Donald Wilson,kirkstephanie@example.org,Sudan,2025-01-30,Standard,108.68
9153,Elizabeth Johnson,bpennington@example.org,Colombia,2023-12-18,Basic,246.97
9154,Catherine Smith,henrybrandon@example.net,Switzerland,2022-11-12,Standard,590.04
9155,James Brandt,kayla88@example.com,Nauru,2026-04-02,Standard,194.90
9156,Christopher Willis,brownrichard@example.net,Bangladesh,2023-09-25,Standard,639.54
9157,Karen Williams,douglashall@example.com,Micronesia,2026-05-15,Premium,1670.68
9158,Adriana Lee,antonio01@example.com,Aruba,2023-02-28,Standard,650.22
9159,Andrew Wright,bennettnicholas@example.org,Cambodia,2023-08-30,Standard,358.41
9160,Dawn Lee,klevy@example.com,Italy,2024-02-22,Premium,1007.98
9161,Jessica Hunter,ramosmeredith@example.com,Jersey,2022-07-11,Standard,519.88
9162,Lance Vasquez,arose@example.org,Timor-Leste,2021-11-27,Standard,264.67
9163,Felicia Gray,williamhall@example.org,Mali,2022-10-17,Premium,1254.01
9164,Christopher Keith,wheelercassandra@example.net,Turkey,2023-09-14,Standard,642.37
9165,Marisa Harding,bdeleon@example.org,Moldova,2024-02-02,Standard,369.25
9166,Stephanie Tate,amberlopez@example.org,Somalia,2022-07-26,Premium,618.17
9167,Dr. Susan Liu,taylorbryan@example.net,Guernsey,2025-03-10,Basic,296.76
9168,Christina Garcia,brandy46@example.net,Georgia,2024-10-04,Standard,84.94
9169,Patrick Mitchell PhD,kellerpamela@example.org,Pakistan,2026-04-04,Standard,387.54
9170,Ray Stewart,stephen23@example.org,Czech Republic,2022-09-30,Standard,360.97
9171,Christina Garcia,keithstewart@example.com,Martinique,2025-04-19,Standard,362.29
9172,Billy Chung,jacob57@example.org,Reunion,2021-09-07,Premium,526.12
9173,David Church,brandimccoy@example.org,Netherlands,2023-04-26,Premium,1723.29
9174,Phillip Taylor,michael26@example.org,Haiti,2022-12-01,Basic,323.14
9175,Evelyn Robles,barbermia@example.org,Isle of Man,2022-11-09,Premium,1187.59
9176,Lindsay Pruitt DDS,jacqueline57@example.org,Holy See (Vatican City State),2024-07-11,Basic,133.23
9177,Melissa Guzman,brenda25@example.org,Eritrea,2023-08-25,Basic,387.40
9178,Ashley Jones MD,durhamlaura@example.com,Botswana,2022-01-14,Standard,708.62
9179,David Luna,dhart@example.com,Peru,2025-10-18,Basic,180.07
9180,Maria Lee,dannyanderson@example.net,Moldova,2025-07-28,Standard,626.56
9181,David Walsh,marcusharmon@example.org,Burkina Faso,2025-04-01,Premium,1354.46
9182,Diane Macdonald,millerderek@example.org,Costa Rica,2024-08-01,Standard,388.15
9183,Kevin Whitney,teresa22@example.net,Denmark,2025-11-27,Standard,337.14
9184,Kenneth Adams,kevinschmidt@example.net,Israel,2026-05-02,Standard,716.94
9185,Kevin Alvarado,orozcoerika@example.net,Poland,2024-07-25,Basic,310.74
9186,Nicholas Hudson,bryanwilkinson@example.org,Samoa,2024-10-01,Standard,542.47
9187,Carrie Stevens,mmontoya@example.net,Hong Kong,2023-04-21,Basic,257.59
9188,James Matthews,kelsey20@example.net,Venezuela,2026-04-03,Standard,732.91
9189,Veronica Martin,adrian44@example.com,Gibraltar,2025-08-05,Basic,356.80
9190,Joanna Rodriguez,qschroeder@example.net,Tanzania,2026-03-12,Basic,210.42
9191,Stacy Gordon,pamela49@example.net,Barbados,2023-08-22,Basic,76.03
9192,Kelly Mata,yfox@example.org,Guatemala,2022-07-09,Standard,88.35
9193,Connie Nunez,alexander08@example.org,Madagascar,2024-09-24,Premium,1507.81
9194,Robert Carpenter,smithmarie@example.com,Tonga,2025-03-31,Standard,456.13
9195,Brad Hansen,ruiznicole@example.net,Kyrgyz Republic,2023-01-20,Standard,545.70
9196,Heather Adams,martinezmaria@example.com,Pakistan,2023-01-23,Premium,440.70
9197,Amber Moss,rebecca35@example.net,Kuwait,2024-09-30,Standard,375.58
9198,Amy Vance,awallace@example.com,Netherlands,2026-02-24,Standard,255.44
9199,Brian Collins,fscott@example.net,Vanuatu,2021-10-02,Basic,100.56
9200,Jose Marshall,lisaberg@example.net,Uzbekistan,2025-10-17,Standard,364.17
9201,Jesus English,lutzryan@example.com,Ghana,2022-05-07,Standard,207.55
9202,Wendy Spence,sanchezronald@example.com,Svalbard & Jan Mayen Islands,2025-01-20,Basic,246.14
9203,David Preston,williamsnathan@example.com,Guernsey,2025-09-23,Standard,588.58
9204,Curtis Lopez,robertbarton@example.com,Hungary,2021-12-21,Premium,740.32
9205,Breanna Robertson,joseph42@example.com,Djibouti,2024-11-11,Standard,436.84
9206,Thomas Odonnell,fcastillo@example.net,Libyan Arab Jamahiriya,2022-08-10,Basic,176.26
9207,Samuel Mueller,robert34@example.org,Macao,2024-12-15,Basic,190.49
9208,Heather Parker,dmoore@example.com,Uganda,2023-08-27,Standard,264.59
9209,Darrell Espinoza,jmorris@example.net,Mongolia,2024-02-28,Standard,208.56
9210,Victoria Mcclain,zperkins@example.com,Yemen,2026-01-16,Standard,551.62
9211,Lori Fletcher,floresemily@example.org,Tuvalu,2021-09-14,Premium,194.04
9212,Stacy Diaz,matthewcole@example.net,Kuwait,2023-12-15,Basic,254.42
9213,Jamie Castro,hogankaren@example.org,Chile,2023-11-09,Standard,665.22
9214,Sierra Allen,kathymolina@example.org,Burkina Faso,2026-06-17,Standard,286.24
9215,Gilbert Montgomery,nataliemelendez@example.org,Estonia,2026-05-17,Basic,136.45
9216,Roger Miller,moralesjason@example.com,Nigeria,2025-07-25,Premium,1318.63
9217,Patrick Mitchell,dkeller@example.com,Suriname,2024-07-31,Standard,601.66
9218,Tammy Wu,,Liberia,2025-12-11,Standard,638.78
9219,Perry Barnett,danielsingh@example.net,Japan,2025-03-19,Premium,1405.09
9220,Patrick Ford,warrenralph@example.net,Senegal,2025-12-08,Standard,127.42
9221,David Arnold,andersonjames@example.org,Ukraine,2023-12-07,Standard,108.69
9222,Ashley Ruiz,emily78@example.com,United Arab Emirates,2026-05-05,Standard,512.09
9223,Craig Schultz,michael29@example.com,Sri Lanka,2024-09-10,Standard,138.36
9224,Tammy Mclaughlin,edavis@example.org,Liberia,2026-04-18,Standard,416.00
9225,Jonathan Sheppard,davisjanice@example.org,Tanzania,2023-05-16,Basic,134.29
9226,Sarah Palmer,jennifer27@example.net,Romania,2021-12-05,Standard,109.58
9227,Matthew Robinson,kylemendez@example.net,Kiribati,2026-06-11,Basic,69.65
9228,Matthew Franklin,daniel67@example.net,Kenya,2025-01-08,Basic,343.57
9229,Alison Hamilton,steven25@example.net,Saint Martin,2024-06-29,Basic,166.50
9230,Christopher Frank,kevinhughes@example.net,Barbados,2025-01-28,Standard,679.87
9231,Anne Henry,brownerika@example.org,Bahamas,2022-08-23,Basic,87.29
9232,Deanna Frederick,shawn71@example.com,Mongolia,2024-06-21,Basic,311.81
9233,Jennifer King,amaynard@example.org,Moldova,2022-06-02,Standard,699.12
9234,Joshua Davis,wferguson@example.com,Bangladesh,2025-12-15,Basic,321.57
9235,Christopher Schultz,howardsandy@example.com,Taiwan,2022-07-27,Standard,275.43
9236,Brandon Hurley,pageheather@example.net,Iceland,2022-09-02,Standard,425.64
9237,Dr. Gina Shelton,heidi91@example.org,Senegal,2021-08-20,Basic,308.76
9238,Susan Black,adkinschristine@example.org,Slovenia,2022-03-17,Standard,708.41
9239,Erin Ortega,qthomas@example.net,Saint Vincent and the Grenadines,2022-08-31,Premium,923.72
9240,Travis Anthony,sruiz@example.org,Indonesia,2026-04-18,Standard,464.38
9241,David Warren,farleyjasmine@example.net,Niue,2026-06-09,Premium,1398.89
9242,Mr. Joseph Hunt DDS,kristingonzalez@example.com,Brunei Darussalam,2023-02-28,Standard,102.68
9243,Melissa Lewis,iherman@example.org,Saint Martin,2025-03-29,Standard,642.85
9244,Jennifer Shea,smithcynthia@example.net,Pitcairn Islands,2024-06-07,Standard,88.79
9245,Cheryl Carson,ydodson@example.org,North Macedonia,2026-03-08,Basic,170.80
9246,Geoffrey Carter,johnstonmegan@example.com,Cote d'Ivoire,2021-11-01,Basic,194.23
9247,Stacey Gibson,lynnwilson@example.com,Botswana,2023-07-03,Standard,99.64
9248,Erik Li,gmeyers@example.com,Malaysia,2022-10-07,Basic,199.91
9249,Michele Ruiz,lewisjesse@example.net,Bulgaria,2022-07-23,Basic,253.17
9250,Jennifer George,obaxter@example.com,Slovakia (Slovak Republic),2021-11-10,Standard,93.26
9251,Douglas Henry,bradshawmary@example.org,Australia,2026-06-03,Standard,372.02
9252,Maria Lewis,millerbridget@example.com,United Kingdom,2024-08-24,Standard,626.76
9253,Sandra Morgan,ohoover@example.com,Papua New Guinea,2024-08-18,Standard,609.23
9254,Melinda Pena,edward23@example.com,Jordan,2023-08-17,Basic,237.28
9255,Joshua Wright,benjaminzhang@example.com,Liberia,2022-02-15,Premium,1332.46
9256,Melissa Schmidt,natalie33@example.net,Congo,2025-06-02,Standard,674.30
9257,Michael Collier,ebony82@example.com,Ecuador,2024-10-09,Standard,462.88
9258,Joshua Caldwell,perryclifford@example.net,Maldives,2026-02-17,Standard,129.87
9259,Anne Robertson,jessicahamilton@example.net,Cameroon,2024-09-16,Premium,981.24
9260,Travis Harper,terrance15@example.net,Guatemala,2023-06-30,Standard,417.27
9261,Robert Terry,nathanielhicks@example.net,Macao,2024-03-08,Standard,414.11
9262,Katrina Stafford,dianebrown@example.org,Macao,2022-03-09,Standard,478.51
9263,Matthew Massey,christine09@example.net,Lao People's Democratic Republic,2022-10-15,Basic,179.40
9264,Brian Harrington,wendy68@example.org,Namibia,2023-07-15,Basic,246.15
9265,Dawn Jacobs,kfrey@example.com,Holy See (Vatican City State),2024-09-30,Standard,533.82
9266,Stephanie Smith,,Croatia,2026-07-14,Standard,422.65
9267,Stacy Rice,ygreen@example.com,Puerto Rico,2025-08-28,Standard,647.28
9268,Ryan Adams,carolyn86@example.com,Panama,2021-08-20,Basic,395.47
9269,Paula Smith,brandygilmore@example.org,Saint Lucia,2024-12-27,Premium,1504.04
9270,Alyssa Bradley,sarahlong@example.org,Burkina Faso,2021-08-19,Basic,269.56
9271,Vincent Guzman,jackrice@example.org,Bosnia and Herzegovina,2022-07-01,Basic,343.78
9272,Justin Howard,lowerydavid@example.net,Wallis and Futuna,2024-02-11,Standard,460.43
9273,Gabriela Anderson,johnschmidt@example.net,Saint Pierre and Miquelon,2023-04-19,Premium,360.77
9274,Rachael Banks,ahoffman@example.com,Nicaragua,2023-07-20,Standard,252.09
9275,Anthony Mays,barbara86@example.org,Azerbaijan,2021-11-20,Basic,192.13
9276,Matthew Mahoney,michaelthomas@example.com,Trinidad and Tobago,2025-07-21,Basic,67.99
9277,Amy Barnes,heidistevenson@example.net,Togo,2022-09-04,Basic,285.81
9278,John Ball,barnesbrandon@example.org,Netherlands Antilles,2024-03-20,Standard,349.82
9279,Jennifer Dominguez,bellshane@example.org,Bhutan,2024-11-21,Standard,641.28
9280,Desiree Luna,sarahhouse@example.com,Northern Mariana Islands,2025-06-19,Basic,184.80
9281,Jennifer Taylor DDS,kevin76@example.com,Belize,2024-07-14,Standard,703.38
9282,Brenda Evans,gabrielsimon@example.org,Poland,2022-04-23,Standard,668.77
9283,Paula Abbott,idavis@example.net,Saint Pierre and Miquelon,2022-04-06,Standard,711.87
9284,Jeffrey Brooks,debbiespears@example.org,Cameroon,2025-06-06,Standard,194.69
9285,Richard Robinson,mblackburn@example.org,Macao,2025-09-24,Basic,342.15
9286,Michael Mills,frankmaynard@example.net,Congo,2025-03-21,Premium,1742.43
9287,Jose Baker,katherine12@example.com,Andorra,2023-01-05,Basic,374.98
9288,Chelsea Duffy,johnbailey@example.net,Papua New Guinea,2025-09-17,Standard,454.25
9289,Joshua Frank,kmanning@example.com,Norfolk Island,2026-01-02,Standard,292.93
9290,Heidi Boyd,jeffreycampbell@example.org,Russian Federation,2026-03-18,Basic,113.47
9291,Benjamin Williamson,timothy11@example.com,Trinidad and Tobago,2022-05-09,Basic,206.91
9292,Stephanie Reyes,reevesbrittany@example.org,United Kingdom,2025-01-06,Standard,692.23
9293,Samuel Little,jchen@example.org,Liechtenstein,2026-02-04,Premium,841.05
9294,Jeffery Rodriguez,denisewalters@example.org,Jordan,2024-02-07,Basic,259.87
9295,Rick Perez,hernandezdalton@example.org,Antarctica (the territory South of 60 deg S),2025-10-10,Standard,471.44
9296,Christopher Kim,brendasosa@example.net,Nigeria,2023-01-19,Standard,214.22
9297,Christian Dominguez,hannah64@example.org,Brunei Darussalam,2023-07-23,Standard,436.50
9298,George Jenkins,kimberlywiley@example.net,Canada,2022-10-13,Basic,124.39
9299,John Hancock,wnewton@example.net,Norway,2026-04-15,Basic,282.85
9300,Christine Warner,ralph17@example.net,Saint Helena,2023-05-01,Standard,295.61
9301,Gloria Hickman,angela80@example.com,Honduras,2024-02-23,Standard,506.82
9302,Peter Wheeler,jcurtis@example.net,Guinea,2026-01-15,Standard,151.24
9303,Jacob Mcmahon,zclark@example.net,China,2022-09-29,Standard,456.77
9304,Debra Carrillo,alvaradocharles@example.com,Montserrat,2026-04-17,Basic,201.87
9305,Abigail Neal,robert60@example.org,Germany,2023-09-30,Basic,255.57
9306,Corey Pierce,matthewmorris@example.com,Zimbabwe,2024-05-16,Premium,710.47
9307,Mr. Jared Hernandez,dave46@example.com,Georgia,2023-11-21,Standard,203.15
9308,Chris Harris,stacy61@example.net,Uruguay,2021-10-25,Standard,747.46
9309,Donald Walsh,wmartinez@example.com,San Marino,2025-12-15,Standard,722.05
9310,Miguel Jimenez,yhill@example.net,Niger,2023-05-27,Standard,453.95
9311,Crystal Cruz,nichole31@example.net,Burundi,2026-02-23,Standard,598.65
9312,Sara Payne,russellbenjamin@example.net,Monaco,2022-07-03,Standard,240.62
9313,Kevin Brock,franktanner@example.net,South Georgia and the South Sandwich Islands,2022-08-21,Premium,406.05
9314,Richard Reeves,griffinashley@example.net,Cocos (Keeling) Islands,2025-03-12,Basic,284.19
9315,Samantha Acosta,reesewilliam@example.com,Timor-Leste,2022-09-26,Basic,207.73
9316,Michael Wells,nathan03@example.com,Bermuda,2026-02-27,Standard,354.64
9317,Michael Zhang,sthomas@example.com,Japan,2023-08-27,Standard,701.01
9318,Kevin Morgan,josephlarson@example.com,Guinea-Bissau,2026-04-09,Standard,329.41
9319,Garrett Brown,ashley45@example.com,Guernsey,2022-11-14,Standard,522.74
9320,Jennifer Lewis,gibsoncorey@example.net,Peru,2026-07-30,Standard,307.02
9321,Ronald Holland,james57@example.org,Ireland,2021-12-28,Standard,466.43
9322,Charles Rowland,vincenttaylor@example.org,Montserrat,2022-11-25,Basic,365.06
9323,Melanie Hamilton,fjackson@example.com,Cambodia,2022-12-15,Premium,772.89
9324,Tanya Scott,fcox@example.org,Cuba,2021-11-12,Basic,357.69
9325,Andrea Taylor,sstout@example.com,Hungary,2023-05-10,Standard,562.83
9326,Anna Reese,sanderson@example.org,Peru,2022-10-11,Premium,1513.63
9327,Christina Carr,riley84@example.com,Hong Kong,2025-09-19,Standard,296.78
9328,Shannon Olson,,Marshall Islands,2023-12-23,Standard,377.92
9329,Toni Hernandez,robin43@example.com,United States of America,2022-11-03,Premium,924.63
9330,Mark Ashley,baileyteresa@example.org,Turkey,2024-02-14,Basic,391.84
9331,Michael Ballard,travis62@example.com,Czech Republic,2024-05-01,Standard,276.38
9332,Juan Russell,elizabeth92@example.org,Bouvet Island (Bouvetoya),2025-10-17,Standard,107.35
9333,Steven Huerta,jeffreyhoward@example.net,Spain,2025-11-21,Premium,1165.84
9334,Bradley Harris,vrosario@example.net,Heard Island and McDonald Islands,2022-09-14,Premium,1183.98
9335,Kayla Marks,kellybishop@example.net,Benin,2024-08-18,Basic,349.24
9336,Lori Wilson,micheleperkins@example.net,France,2026-07-08,Standard,346.43
9337,David Pierce,yvonneshields@example.net,Spain,2022-07-16,Standard,480.43
9338,Lisa Guzman,angelaberry@example.net,Central African Republic,2026-01-04,Standard,192.35
9339,Richard Harvey,cheryl86@example.com,Cuba,2025-11-12,Basic,146.55
9340,Brent Taylor,djones@example.org,Samoa,2025-12-28,Standard,430.44
9341,Amy Smith,stuartmedina@example.org,Portugal,2024-09-15,Basic,50.87
9342,Richard Baker,fcooper@example.com,Antarctica (the territory South of 60 deg S),2026-08-02,Basic,204.75
9343,Debra Mckenzie,sarahmartinez@example.com,Botswana,2023-01-06,Standard,520.35
9344,Johnny Pratt,vreeves@example.org,Indonesia,2024-02-09,Basic,382.51
9345,Troy Bright,mercershawn@example.com,Hong Kong,2026-03-17,Standard,511.62
9346,Lauren Dean,johnsonangela@example.net,Reunion,2024-08-04,Standard,134.95
9347,Kimberly Vazquez,mkane@example.net,Guadeloupe,2022-05-20,Standard,76.47
9348,Jason Evans,brandonnelson@example.com,Afghanistan,2026-07-14,Basic,286.75
9349,Patrick Taylor,james37@example.org,Myanmar,2021-08-16,Basic,358.44
9350,Alexis Burns,robertstewart@example.net,Mozambique,2022-03-09,Standard,149.37
9351,Susan Mccarty,foxmartin@example.com,Eritrea,2024-08-22,Basic,186.21
9352,Kevin Green,amichael@example.com,Thailand,2024-11-09,Premium,1053.01
9353,Paula Velasquez,cathy51@example.org,Korea,2022-06-10,Standard,642.45
9354,Mary Watson,jacksonerika@example.net,Colombia,2025-01-19,Standard,156.03
9355,Tonya Parker,handerson@example.net,Panama,2024-03-20,Premium,1367.92
9356,Chelsea Campbell,gonzalezcory@example.org,Trinidad and Tobago,2025-03-03,Standard,697.91
9357,Donna Simmons,wallaceashley@example.org,Israel,2026-06-15,Standard,683.41
9358,Kevin Palmer,gbowman@example.net,Spain,2025-06-03,Standard,256.79
9359,Kristin Barron,amyholmes@example.net,India,2023-07-13,Standard,476.53
9360,Brittany Gonzales,lisa81@example.com,Jamaica,2022-11-10,Standard,199.12
9361,Pedro Brown,coxtim@example.org,Jordan,2022-08-23,Standard,748.87
9362,Theresa May,,Iceland,2022-06-21,Standard,665.66
9363,Kim Wolfe,daviswilliam@example.net,Poland,2025-03-21,Basic,69.24
9364,Mary Rogers,michellehughes@example.com,Iraq,2024-11-14,Premium,1350.55
9365,Rebecca Morgan,janice23@example.net,Seychelles,2024-10-20,Basic,374.96
9366,Luis Smith,pmcclain@example.net,Burundi,2022-04-06,Premium,430.63
9367,Sharon Smith,shirleyclark@example.com,Russian Federation,2024-01-28,Basic,117.38
9368,Deborah Schmitt,lindsay95@example.org,Romania,2022-05-17,Standard,470.26
9369,Thomas Tyler,nhanna@example.net,Georgia,2022-05-31,Basic,96.24
9370,Michael Cooper,kristiharrison@example.com,Turks and Caicos Islands,2025-07-01,Standard,320.86
9371,Aaron Vargas,emilyfrye@example.org,Svalbard & Jan Mayen Islands,2024-06-09,Premium,1043.33
9372,Carol Morton,bryan22@example.com,Tajikistan,2024-02-24,Standard,379.66
9373,Donna Ross,stephaniemorris@example.org,Turks and Caicos Islands,2023-08-05,Basic,373.66
9374,Tara Coleman,justin79@example.org,Dominican Republic,2025-06-18,Premium,1135.82
9375,Tiffany Johnson,hburton@example.org,Swaziland,2022-06-11,Standard,377.98
9376,Willie Jackson,lucascoleman@example.com,Chad,2024-10-07,Premium,1362.89
9377,Daniel Rojas,srice@example.com,Spain,2026-06-28,Standard,289.82
9378,Christopher Barton,,Swaziland,2024-06-30,Basic,360.90
9379,Christopher Johnson,erodriguez@example.com,Luxembourg,2026-07-20,Standard,312.55
9380,Amy Patterson,jwilliams@example.net,Palestinian Territory,2024-04-20,Standard,590.77
9381,Ashley Glover,seanconway@example.com,Panama,2025-09-19,Standard,583.88
9382,Paul Cox,danielleclayton@example.com,Jersey,2024-01-31,Standard,625.23
9383,Mark Martin,ashleyfuentes@example.net,French Guiana,2026-04-22,Basic,320.40
9384,Nicole Vega,milleranthony@example.net,Saint Vincent and the Grenadines,2024-03-17,Standard,85.98
9385,Betty Hensley,rroberts@example.org,Andorra,2026-06-10,Standard,345.07
9386,Ryan Jones,jacobthompson@example.com,Mauritania,2026-01-19,Basic,342.54
9387,Wendy Waller,bkhan@example.net,Bulgaria,2026-05-21,Basic,236.84
9388,Hayley Vazquez,robert19@example.org,Vanuatu,2021-08-31,Premium,1551.99
9389,Jonathan Parker,daniel15@example.com,Gabon,2026-03-04,Standard,748.70
9390,Chelsea Willis,nicholsanthony@example.net,Mayotte,2022-07-25,Standard,324.37
9391,David Elliott,gailbanks@example.com,Saint Helena,2022-04-23,Basic,184.02
9392,Jackie Kidd,onealjacob@example.org,Grenada,2024-03-25,Standard,208.37
9393,Samuel Baker,zachary48@example.org,Saudi Arabia,2024-10-03,Premium,848.92
9394,Dustin Shepard,rickyharris@example.org,Syrian Arab Republic,2024-08-13,Standard,619.59
9395,John Johnson,harveyderrick@example.com,Denmark,2024-02-05,Standard,496.83
9396,Barbara Rivera,ycummings@example.net,Djibouti,2022-09-01,Standard,266.50
9397,Stephanie Barnes,david67@example.org,Guam,2025-05-08,Premium,762.21
9398,Dale Lee,michaelmorgan@example.org,Saudi Arabia,2023-09-25,Standard,626.20
9399,David Hill,matthew40@example.com,United Arab Emirates,2022-11-20,Basic,347.92
9400,Karen Jones,timothybrown@example.com,Morocco,2025-01-10,Standard,192.57
9401,Kristin Baker,batesapril@example.com,Japan,2023-11-27,Basic,382.47
9402,Helen Jordan,tiffany88@example.org,Saint Lucia,2021-09-25,Standard,428.99
9403,Charles Daniel,petersonsusan@example.org,Turkmenistan,2025-12-09,Standard,723.84
9404,Henry Todd,agonzalez@example.org,South Africa,2023-01-29,Standard,161.95
9405,Beverly Mitchell,jennifer17@example.org,Nauru,2026-04-28,Standard,343.75
9406,Tiffany Stewart,kaitlynmiller@example.org,Turks and Caicos Islands,2022-10-24,Basic,381.51
9407,Alexandra Good,brooksandrea@example.org,Kazakhstan,2024-12-09,Standard,350.52
9408,Robert Vazquez,madison75@example.com,Lao People's Democratic Republic,2025-12-13,Standard,307.71
9409,Shannon Parker,richardclark@example.org,Sri Lanka,2023-03-22,Standard,473.26
9410,Charles Vincent,gchavez@example.net,British Virgin Islands,2024-02-11,Basic,256.29
9411,Nancy Mann,lisarichardson@example.org,Belgium,2023-02-03,Basic,251.68
9412,Christine Phillips,dodom@example.net,Gambia,2022-05-15,Basic,324.81
9413,Joel Stone,jeremy20@example.org,Lesotho,2026-01-29,Basic,129.26
9414,Tanner Jones,jacob08@example.org,Moldova,2022-10-04,Standard,448.17
9415,Maria Thomas,reginald31@example.com,Malaysia,2024-09-06,Standard,731.46
9416,Jared Henry,bpham@example.net,Mozambique,2023-10-02,Standard,388.19
9417,Jeremy Cole,smitholivia@example.net,Ethiopia,2023-04-12,Standard,487.37
9418,Kiara Anderson,howellmichaela@example.org,Cape Verde,2024-02-28,Standard,602.17
9419,Billy David,anthonybell@example.net,Montserrat,2021-11-27,Premium,366.23
9420,Kayla Levy,sierrasoto@example.com,Bahamas,2026-08-04,Standard,191.55
9421,David Jones,anthonyjustin@example.net,Montenegro,2023-10-20,Standard,660.18
9422,Heather Mckenzie,christine66@example.com,Eritrea,2026-01-16,Standard,485.41
9423,Richard Osborne,paynenicole@example.net,Guadeloupe,2023-02-02,Standard,295.98
9424,Jeffrey Evans,obrown@example.org,Nauru,2023-04-11,Standard,578.57
9425,Jennifer Johnson,hensontiffany@example.net,Myanmar,2024-02-13,Basic,255.82
9426,Sharon Thompson,mperry@example.net,Romania,2026-01-28,Standard,160.09
9427,Kimberly Thompson,sabrinaadams@example.com,Belgium,2025-04-27,Premium,181.96
9428,Beth Adams,jennifer48@example.org,Turkmenistan,2025-10-24,Premium,643.55
9429,Rebecca Buchanan,jesse68@example.org,Belize,2024-05-11,Standard,519.30
9430,Vanessa Williamson,,Bulgaria,2023-03-18,Standard,344.25
9431,Jill Smith,andreacox@example.net,Hong Kong,2021-12-14,Basic,300.78
9432,Amanda Brown,crystalmartin@example.com,Mexico,2023-12-25,Basic,384.37
9433,Jessica Bennett,dawn76@example.org,Bulgaria,2024-06-13,Standard,515.14
9434,Kathryn Donovan,piercepatricia@example.com,Western Sahara,2026-05-14,Standard,97.79
9435,Miguel Huffman,duffychelsea@example.net,Rwanda,2024-08-09,Standard,706.65
9436,Mackenzie Barrett,eric07@example.org,Liberia,2025-04-01,Premium,648.32
9437,Andrea Mills,alyssa82@example.org,Kuwait,2024-07-20,Premium,988.62
9438,James Coffey,brittany65@example.com,Congo,2022-12-04,Standard,291.94
9439,Jennifer Donovan,mperez@example.org,Norfolk Island,2024-06-25,Basic,343.70
9440,Pamela Christian,lindadavis@example.org,Bouvet Island (Bouvetoya),2024-05-31,Standard,97.39
9441,Brandon Abbott,coxdouglas@example.com,Congo,2023-04-25,Standard,368.48
9442,Thomas Wright,anthony89@example.org,Christmas Island,2026-01-30,Standard,528.17
9443,Richard Thompson,tcampbell@example.com,Bulgaria,2025-11-23,Standard,576.04
9444,Brenda Graham,john11@example.com,Cocos (Keeling) Islands,2022-06-11,Standard,545.67
9445,Paul Griffin,rileyamanda@example.net,Reunion,2022-04-15,Standard,82.67
9446,Stephanie Carney,qsmith@example.net,Greece,2024-08-07,Standard,553.86
9447,Kelsey Jimenez,yhernandez@example.com,Bosnia and Herzegovina,2024-08-27,Standard,425.05
9448,Susan Frost,cortezallison@example.com,Reunion,2024-02-04,Standard,636.36
9449,Travis Hood,millerkelly@example.com,Indonesia,2022-06-13,Premium,1643.67
9450,David Monroe,fmanning@example.com,Saint Helena,2022-03-13,Basic,194.12
9451,Patricia Smith,zjordan@example.net,Ecuador,2026-02-18,Basic,76.83
9452,Robert Rodriguez,tony04@example.com,Cameroon,2022-07-21,Basic,241.13
9453,Brett Scott,jessicaedwards@example.com,French Guiana,2023-08-30,Standard,159.44
9454,James Flores PhD,brucemunoz@example.com,Honduras,2023-07-28,Basic,378.46
9455,Tyler Brown,simpsondaniel@example.net,Bahrain,2023-02-23,Basic,236.27
9456,Carla Johnson,chapmanbenjamin@example.net,Bermuda,2023-08-06,Basic,333.92
9457,Scott Clark,montgomerymark@example.net,Gibraltar,2024-03-05,Standard,653.68
9458,Adam Meyer,heatherschmitt@example.net,Benin,2025-01-08,Standard,163.90
9459,Reginald Pacheco,richard47@example.org,Colombia,2021-12-12,Premium,921.33
9460,Dr. Anthony Rivera,amycobb@example.org,Philippines,2023-09-30,Standard,498.86
9461,Tammy Carpenter,bvargas@example.net,Netherlands,2026-04-14,Premium,1144.71
9462,Tina Anderson,hoffmanpreston@example.com,Madagascar,2025-08-02,Standard,707.10
9463,Mark Brown,christy45@example.com,Montserrat,2025-07-22,Standard,299.91
9464,Corey Evans,cookjessica@example.net,Bolivia,2022-01-31,Standard,586.44
9465,Brenda Cummings,youngkari@example.com,Dominican Republic,2023-02-07,Standard,569.46
9466,Roy Saunders,nataliemcguire@example.org,Rwanda,2023-07-06,Basic,144.54
9467,William Henderson,lisa33@example.org,British Indian Ocean Territory (Chagos Archipelago),2022-12-14,Basic,151.46
9468,Peter Mcmillan,janicebrown@example.net,Tonga,2024-02-03,Basic,150.65
9469,Robert Burke,adam35@example.org,Honduras,2021-10-03,Standard,554.80
9470,Emily Davis,victoria48@example.org,Austria,2025-04-24,Standard,725.95
9471,Amy Henderson,christopher81@example.org,Bangladesh,2026-05-22,Standard,400.46
9472,Amy Price,kwright@example.org,French Guiana,2024-06-21,Standard,649.03
9473,Joshua Mclean,jeffrey61@example.com,Afghanistan,2025-04-17,Premium,256.63
9474,Tamara Brown,michaelli@example.com,Tonga,2025-05-09,Standard,207.60
9475,Rachel Huynh,emilybrown@example.org,Saint Vincent and the Grenadines,2024-03-15,Standard,410.02
9476,Dustin Hamilton,jeremy76@example.com,Montenegro,2024-03-24,Basic,62.36
9477,Linda Mccoy,justin31@example.net,Chad,2023-03-07,Standard,586.36
9478,James Smith Jr.,rwilliamson@example.com,Indonesia,2022-06-16,Basic,104.56
9479,Eric Garrett,simonkimberly@example.org,Germany,2021-09-12,Premium,1269.64
9480,Rachel Lopez,jenniferfrank@example.org,Greece,2021-08-20,Basic,307.92
9481,Catherine Smith,rsharp@example.org,Syrian Arab Republic,2022-08-14,Standard,562.51
9482,Bonnie Chavez,scottcarla@example.com,Honduras,2023-12-17,Standard,423.05
9483,Joseph Arnold,tiffany87@example.net,Portugal,2025-09-24,Standard,385.24
9484,Melanie Olson,williamrichard@example.net,Ethiopia,2023-06-29,Standard,568.94
9485,Katherine Butler DDS,joshuadavis@example.org,Ukraine,2023-02-26,Basic,346.64
9486,Alison Richardson,fwang@example.com,Jamaica,2023-02-15,Standard,646.47
9487,John Kelley,sellersholly@example.org,Russian Federation,2022-09-15,Standard,486.03
9488,Taylor Washington,samanthamartin@example.org,South Georgia and the South Sandwich Islands,2023-09-29,Basic,217.62
9489,Traci Gonzales,parkermonica@example.net,Lesotho,2024-09-29,Premium,1355.92
9490,Corey Davis,zsaunders@example.org,Poland,2022-11-09,Standard,659.55
9491,Douglas Simpson,melissa52@example.net,Malaysia,2023-02-15,Basic,153.48
9492,Joshua Lee,michelethomas@example.org,Barbados,2026-06-14,Premium,1700.67
9493,Mckenzie Horne,ramosmathew@example.net,Micronesia,2021-08-26,Premium,1493.18
9494,Mr. Shawn Nelson,kimberlyadams@example.net,Tonga,2024-03-23,Standard,126.45
9495,Amber Rodgers,douglasrowe@example.com,Israel,2023-12-08,Basic,65.67
9496,Jason Pennington,ivazquez@example.org,Romania,2022-12-13,Standard,98.03
9497,Sarah Taylor,greenolivia@example.com,Peru,2022-01-03,Basic,240.65
9498,Laura Anderson,mbailey@example.org,India,2025-09-13,Basic,168.62
9499,Patricia Harvey,rebecca47@example.net,Grenada,2023-05-22,Standard,236.25
9500,Michael Macias,eric71@example.net,Senegal,2023-04-14,Standard,658.12
9501,Jeffrey Lambert,amy56@example.com,Wallis and Futuna,2024-09-27,Standard,127.96
9502,Amanda Wood,hrojas@example.org,Guatemala,2023-09-12,Standard,205.00
9503,Emily Vasquez,harold25@example.org,Mauritania,2023-07-27,Standard,483.39
9504,Vanessa Moreno,hmack@example.com,United Kingdom,2022-09-30,Premium,1426.79
9505,Patricia Johnson,brendanmorales@example.org,Micronesia,2022-09-11,Standard,307.41
9506,Beverly Stone,qmcguire@example.org,Serbia,2024-01-29,Standard,128.36
9507,Nichole Vazquez,courtney02@example.com,Dominican Republic,2022-05-21,Basic,74.36
9508,Grant Barker,barbara13@example.net,Australia,2025-05-12,Basic,202.68
9509,Andrea Peters,tonyahuber@example.com,Pitcairn Islands,2026-08-09,Standard,615.52
9510,Teresa Estes,nolanjonathan@example.org,Papua New Guinea,2025-12-07,Standard,321.88
9511,Sherry King,daniel01@example.org,Turkmenistan,2022-03-30,Standard,153.96
9512,Nicole Norton,josephwilliams@example.net,Bahrain,2022-12-08,Standard,511.46
9513,Michael Meza,georgehenry@example.net,Comoros,2026-01-24,Basic,40.97
9514,John Diaz,stephaniebeck@example.net,Uganda,2024-02-03,Standard,471.79
9515,Lynn Blair,psanchez@example.net,Tajikistan,2023-10-19,Basic,328.42
9516,Carolyn Schmitt,crystal24@example.com,Benin,2025-12-08,Basic,154.82
9517,Valerie Clark,dcastaneda@example.com,Cyprus,2023-09-05,Standard,439.21
9518,Shannon Walton,veronicawashington@example.net,Grenada,2024-05-14,Basic,398.01
9519,Jeremiah Steele,hernandeztodd@example.com,Ireland,2023-12-31,Standard,698.11
9520,Rachel Gillespie,esawyer@example.org,Colombia,2025-07-02,Basic,93.86
9521,Terry Green,melissa01@example.net,Faroe Islands,2025-04-27,Premium,1024.91
9522,Brenda Owen,kduran@example.org,British Virgin Islands,2024-04-12,Standard,472.28
9523,Mary Alexander,jacob70@example.com,Lithuania,2025-07-27,Standard,183.22
9524,James Horn,ribarra@example.com,Montserrat,2023-10-04,Basic,303.30
9525,Nancy Gibson,kimberlyreyes@example.net,Austria,2024-04-14,Standard,325.93
9526,Ronald Bernard,smithjoseph@example.org,Honduras,2025-09-17,Basic,239.69
9527,Melissa Smith,bakeranna@example.org,Trinidad and Tobago,2022-06-08,Standard,263.12
9528,Thomas Flynn,bkirk@example.net,Italy,2021-09-18,Basic,307.75
9529,Yvonne Sullivan,cranejoseph@example.org,Lao People's Democratic Republic,2024-03-31,Standard,435.57
9530,Michelle Russell,smithjames@example.org,Timor-Leste,2025-06-19,Premium,791.99
9531,Joseph Bryant,murraypaul@example.com,Papua New Guinea,2023-05-17,Standard,546.02
9532,Brian Nunez,thomastracy@example.com,Zimbabwe,2023-04-17,Premium,1594.54
9533,Wendy Warren,briannawagner@example.net,Qatar,2024-09-28,Standard,370.20
9534,Calvin Mann,briannamorris@example.org,France,2021-11-24,Standard,660.19
9535,Matthew Miller,markandersen@example.com,Russian Federation,2024-05-18,Basic,163.32
9536,Kayla Reilly,gbridges@example.com,Nepal,2024-01-15,Standard,210.06
9537,Brittany Kelley,bwang@example.org,Haiti,2022-02-20,Basic,257.76
9538,Michael Gomez,michaeleverett@example.net,Nicaragua,2023-04-02,Standard,252.96
9539,Antonio Johnson,hlee@example.org,Slovakia (Slovak Republic),2025-05-14,Premium,1604.92
9540,Misty Powell,jessicaleblanc@example.com,South Georgia and the South Sandwich Islands,2026-06-11,Basic,314.35
9541,Vanessa Robinson,brent03@example.net,Armenia,2021-09-01,Basic,215.46
9542,Kyle Mason,hgonzalez@example.net,Cocos (Keeling) Islands,2025-09-28,Standard,726.34
9543,Shelby Maynard,johnpatel@example.org,China,2026-08-11,Standard,744.87
9544,Gregory Davies,floresmatthew@example.net,Cayman Islands,2026-07-01,Premium,439.90
9545,Diane Farmer,christina71@example.org,Nigeria,2026-06-21,Basic,297.63
9546,Madeline Franklin,martineztina@example.net,Jamaica,2024-04-29,Standard,490.22
9547,Andrea Stephenson,costajenny@example.net,Mayotte,2022-10-14,Standard,562.95
9548,Marcus Deleon,joyhayden@example.org,Cambodia,2024-07-08,Standard,672.86
9549,Stephanie Ramirez,andre27@example.com,Hong Kong,2022-02-20,Standard,225.09
9550,Jessica Collins,jamiewells@example.org,New Caledonia,2021-11-11,Premium,1247.18
9551,Jennifer Montgomery,callahanjeremy@example.org,Eritrea,2022-02-10,Basic,331.87
9552,Diana Bond,myersjay@example.com,Lao People's Democratic Republic,2025-09-04,Standard,139.97
9553,Alejandro Le Jr.,sharon19@example.net,Serbia,2021-12-26,Standard,448.64
9554,Heather Macdonald,dbrennan@example.com,India,2022-10-30,Standard,306.46
9555,Nancy Carter,lisabarker@example.net,Japan,2022-04-03,Basic,126.75
9556,Adam Dunlap,moransarah@example.com,Czech Republic,2024-02-26,Standard,150.22
9557,Tyler Anderson,franciscoparsons@example.com,Cocos (Keeling) Islands,2022-10-07,Standard,96.84
9558,Patricia Butler,josephstanton@example.com,Swaziland,2022-06-06,Basic,327.54
9559,Christine Wood,marvinmartinez@example.net,Swaziland,2022-06-14,Standard,182.28
9560,Deborah Rose,washingtonrandall@example.org,Vanuatu,2026-01-15,Premium,530.78
9561,Nicole Riddle,michael92@example.net,Turkey,2024-09-28,Basic,284.12
9562,Kenneth Rojas,chavezryan@example.org,Wallis and Futuna,2023-02-06,Standard,717.58
9563,Catherine Allen,amanda87@example.com,Belarus,2021-08-23,Standard,263.00
9564,Thomas Dean,charper@example.net,Kuwait,2024-11-16,Standard,546.30
9565,Ann Mendez,rebeccahicks@example.net,Vanuatu,2021-11-19,Basic,350.88
9566,April Moore,bcarter@example.org,Malta,2026-02-11,Standard,533.27
9567,Christina Holmes,cferguson@example.net,Benin,2023-05-07,Premium,1183.90
9568,Aimee Sanchez,karenwaters@example.net,Uruguay,2024-05-13,Standard,374.56
9569,Marissa Dixon,aharrison@example.com,French Southern Territories,2023-09-21,Premium,789.88
9570,Michael Fletcher,dcrawford@example.com,Panama,2024-03-05,Premium,1147.70
9571,Chelsea Bean,krojas@example.net,Aruba,2024-07-03,Standard,239.62
9572,Pamela Cooke,jeremiah74@example.com,Rwanda,2026-03-12,Standard,666.57
9573,Allison Zamora,lori05@example.net,Turkmenistan,2025-03-07,Standard,336.55
9574,Dr. Kyle Wilkinson,michaelmoreno@example.com,Pakistan,2024-03-16,Standard,664.13
9575,Michael Bell,iruiz@example.com,Denmark,2024-07-07,Standard,295.53
9576,Jacqueline Farmer MD,patelkeith@example.net,Rwanda,2025-06-21,Basic,175.33
9577,Mary Rivera,combsgary@example.com,Cape Verde,2026-01-09,Premium,540.54
9578,Laura Hatfield,tina73@example.org,Samoa,2024-12-16,Premium,1354.74
9579,Nicole Freeman,williamsjulia@example.org,Ecuador,2021-10-24,Premium,1017.03
9580,Victor Nelson,smithcorey@example.net,New Caledonia,2026-08-02,Premium,764.00
9581,Angela Daniel DDS,jamesnolan@example.com,Guyana,2022-01-13,Basic,366.60
9582,Lynn Lewis,susan29@example.org,Mali,2025-01-25,Premium,1603.29
9583,Adam Carter,jesustorres@example.com,Central African Republic,2026-06-05,Standard,107.68
9584,Victor Juarez,daniel73@example.com,Venezuela,2023-11-04,Basic,58.66
9585,Sarah Lozano,jamie23@example.org,Zambia,2024-08-30,Standard,342.45
9586,Brett Neal,lindsey87@example.net,Palestinian Territory,2024-08-24,Standard,634.73
9587,Jeremy Osborne,qfreeman@example.org,Tanzania,2024-09-17,Standard,162.25
9588,Ashley Adams,megan63@example.org,Western Sahara,2021-09-26,Standard,507.72
9589,Clayton Sawyer,martinezmatthew@example.net,Colombia,2025-06-17,Standard,364.53
9590,Elizabeth Holland,olucas@example.org,French Southern Territories,2022-01-02,Basic,264.58
9591,George Carson,todd84@example.org,Finland,2023-05-08,Standard,82.39
9592,Shannon Bird,timothy55@example.net,United States Minor Outlying Islands,2023-11-24,Standard,104.57
9593,Emma Cruz,,Gabon,2026-01-14,Premium,434.73
9594,Joe Spencer,jameshammond@example.org,Montserrat,2023-10-25,Basic,125.41
9595,Jerry Mcdowell,bryanbanks@example.com,Switzerland,2023-03-29,Premium,749.62
9596,Anthony Jimenez,nrusso@example.org,El Salvador,2026-07-12,Premium,588.11
9597,Tara Jenkins,meganmiller@example.net,Brunei Darussalam,2024-03-30,Standard,210.02
9598,Sue Guerrero,vwalters@example.org,Argentina,2023-10-28,Basic,312.51
9599,Dean Cook,normandanielle@example.com,Poland,2025-08-21,Standard,544.88
9600,Samuel Simpson,anthony15@example.net,Guinea-Bissau,2025-06-01,Standard,653.79
9601,Andrea Dunn,sorr@example.org,Nepal,2025-03-29,Standard,631.46
9602,Brandon Adams,jschmidt@example.net,Gabon,2025-04-01,Basic,55.00
9603,Lisa Sherman,fmoore@example.net,Seychelles,2025-03-13,Standard,435.08
9604,Keith Terry,jmcclain@example.com,Saint Pierre and Miquelon,2026-06-06,Premium,1534.29
9605,Warren Williams,tiffany81@example.org,Venezuela,2025-08-15,Standard,694.13
9606,Martha Gross,barreraalexander@example.com,Kenya,2022-03-24,Basic,376.40
9607,John Smith,julie62@example.com,Christmas Island,2022-09-28,Standard,249.01
9608,Debra Harding,allenjustin@example.org,Belize,2023-12-05,Standard,500.36
9609,Megan Garcia,igreen@example.com,Saint Vincent and the Grenadines,2026-02-05,Basic,55.78
9610,Nicole Adams,andrew16@example.com,Micronesia,2024-01-06,Standard,450.86
9611,Christina Carlson,cedwards@example.net,Cote d'Ivoire,2026-04-23,Standard,543.10
9612,Tanya Rowe,michaelbecker@example.com,Poland,2023-11-17,Basic,121.05
9613,Diana James,ddavis@example.org,Tonga,2025-11-12,Premium,1052.96
9614,Tiffany Walters,wardshawn@example.net,Norway,2023-10-29,Standard,156.52
9615,Crystal Myers,austinandre@example.org,Madagascar,2022-06-16,Standard,337.77
9616,Robert Edwards,georgehays@example.com,Macao,2024-01-14,Standard,432.34
9617,Kelly Crawford,dennistaylor@example.net,Western Sahara,2022-12-09,Standard,641.30
9618,Jason Marsh,dakota61@example.net,Hong Kong,2023-07-10,Standard,297.87
9619,Debra Carroll,katherinejohnson@example.com,Benin,2022-09-09,Basic,96.48
9620,Autumn Phillips,jordan22@example.net,Myanmar,2023-12-21,Standard,611.09
9621,David Morales,brittanydavis@example.net,Kazakhstan,2022-03-17,Standard,158.26
9622,Lisa Williams,moniquegarza@example.org,Jordan,2023-10-03,Standard,110.32
9623,Richard Noble,charles65@example.com,United States of America,2023-12-27,Standard,331.42
9624,Teresa Vega,nguyencarl@example.com,Chad,2022-03-27,Standard,622.84
9625,Erin Lopez,jamiefrank@example.org,Saint Martin,2025-06-08,Premium,836.50
9626,Eric Barnes,fpetty@example.com,Saint Martin,2025-07-04,Premium,1028.27
9627,Laura Medina,cobbelizabeth@example.net,Gabon,2025-02-27,Premium,191.51
9628,Theodore Hoffman,richardsonchelsea@example.net,Svalbard & Jan Mayen Islands,2025-07-26,Standard,507.23
9629,Christine Anderson,jacksonashley@example.com,Congo,2026-04-04,Basic,364.65
9630,Keith Lopez,jason14@example.com,Cyprus,2025-10-27,Standard,163.48
9631,Hailey Conway,kayla27@example.com,Maldives,2025-07-12,Standard,746.16
9632,Paige Brown,,Azerbaijan,2023-01-17,Standard,321.49
9633,Travis Mclaughlin,williepark@example.org,Denmark,2022-06-15,Premium,1678.96
9634,Andrew Gray,heatherhoward@example.net,Libyan Arab Jamahiriya,2022-02-07,Standard,120.80
9635,Jason Roberts,sjackson@example.org,Turkey,2022-07-29,Standard,564.94
9636,James Cunningham,natasha97@example.net,Mozambique,2023-06-18,Basic,192.34
9637,Anthony Zuniga,jdean@example.com,Burkina Faso,2023-06-10,Basic,153.77
9638,Tiffany Tucker,bowmandeanna@example.org,Montenegro,2023-08-23,Premium,1004.33
9639,Stacy Mcgee,mosesrachel@example.org,Mayotte,2021-12-12,Standard,327.06
9640,Shannon Freeman,jbarrett@example.org,Guernsey,2023-08-04,Standard,279.00
9641,Kayla Gray,mooresabrina@example.org,Fiji,2023-12-24,Standard,473.74
9642,William Barrett,hopkinsrandall@example.org,Peru,2024-01-28,Standard,457.84
9643,Terry Hughes,dorseyjerry@example.com,Sudan,2024-06-01,Premium,766.22
9644,Patricia Stevens,qbrown@example.com,Algeria,2025-12-06,Standard,578.10
9645,Heather Rocha,ralph95@example.com,Yemen,2023-04-04,Standard,534.01
9646,Thomas Gray,qgraham@example.net,Bangladesh,2023-04-02,Standard,708.80
9647,Heather Smith,williamsonmary@example.com,Sweden,2024-08-25,Basic,250.07
9648,Hannah Jones,toddheather@example.com,Russian Federation,2021-11-01,Standard,385.66
9649,Gary Norman,linda53@example.org,Palau,2022-05-26,Standard,571.35
9650,Johnny Stanley,melissa51@example.net,Wallis and Futuna,2023-08-17,Basic,375.67
9651,Anna Lindsey,ashley31@example.net,Costa Rica,2023-08-29,Standard,433.77
9652,Michael Riley,gcortez@example.net,New Caledonia,2026-04-03,Standard,576.93
9653,Anthony Jacobs,dustinschwartz@example.com,Qatar,2024-10-15,Standard,559.99
9654,Diane Le,mathismark@example.com,Mali,2021-12-06,Standard,365.04
9655,Leslie Morales,michael08@example.com,Christmas Island,2021-10-18,Standard,158.06
9656,Kenneth Adams,griffinalexander@example.org,Bhutan,2025-07-26,Standard,669.75
9657,Shannon Kerr,zwarner@example.com,Korea,2026-03-22,Basic,218.16
9658,Arthur Shields,ricemargaret@example.com,Dominican Republic,2025-05-25,Standard,452.71
9659,Aaron Ball,rachaelhenderson@example.net,Russian Federation,2023-10-03,Standard,719.52
9660,Samantha Smith,wbell@example.com,Turkmenistan,2025-10-02,Standard,391.38
9661,William Castro,graywalter@example.com,China,2021-11-06,Basic,389.40
9662,Mark Palmer,lloydlaurie@example.net,Bhutan,2023-02-02,Basic,289.86
9663,Kimberly Kelley,jgoodwin@example.net,Guyana,2023-11-04,Basic,328.46
9664,Michelle Carlson,,Montenegro,2025-05-07,Premium,592.94
9665,Samuel Moreno,waltersjennifer@example.net,Lesotho,2022-09-02,Basic,330.06
9666,Ryan Johns,marshalljeanne@example.com,Korea,2023-04-28,Premium,467.33
9667,Kevin Green,justinbrown@example.org,Algeria,2025-09-24,Premium,741.81
9668,Helen Liu,maydavid@example.net,Micronesia,2022-04-25,Standard,221.48
9669,Jason Francis,amandahuffman@example.com,Saint Martin,2024-11-13,Basic,91.72
9670,Michael Harvey,xbuchanan@example.com,Barbados,2025-09-18,Basic,291.50
9671,Amber Anderson,jeannelson@example.net,Wallis and Futuna,2022-06-10,Standard,535.76
9672,Lori Rosales,hicksheather@example.org,Yemen,2025-04-20,Standard,748.85
9673,Adriana Winters,ksnyder@example.net,Martinique,2023-03-19,Standard,249.88
9674,Sergio Hays,ambercollins@example.com,Uruguay,2021-12-01,Standard,453.45
9675,Roy Salazar,mgraham@example.com,Namibia,2025-12-08,Premium,553.12
9676,Amy Hernandez,sarahfox@example.net,Brazil,2024-07-03,Standard,341.48
9677,Alicia Garcia,heidi96@example.net,Sri Lanka,2022-08-25,Basic,387.09
9678,Bradley Hunter,gregorywilliams@example.net,Moldova,2026-02-28,Standard,655.14
9679,Jessica Morris,leslie36@example.com,China,2023-08-25,Standard,249.34
9680,Curtis Heath,ebradford@example.com,Zambia,2026-06-17,Standard,694.95
9681,Kimberly Hudson,mhorton@example.net,Lesotho,2022-04-25,Standard,553.65
9682,Patrick Owens,cassandraclark@example.net,Belarus,2025-08-15,Standard,436.07
9683,Justin Cole,taylor69@example.net,Uruguay,2022-10-24,Standard,169.97
9684,Patrick White,campbelljustin@example.net,Switzerland,2021-10-06,Premium,1255.47
9685,Michael Norman,allisonperez@example.net,South Africa,2021-10-14,Premium,322.93
9686,Rachael Smith,debbie52@example.org,Gambia,2026-04-05,Standard,75.09
9687,Jessica Walton,thomaskevin@example.com,Liberia,2024-04-23,Standard,202.51
9688,Susan Reynolds,robert50@example.com,Portugal,2022-04-12,Basic,103.07
9689,Steven Evans,john42@example.com,Italy,2022-12-09,Standard,168.35
9690,Christopher Perez,ann53@example.net,Egypt,2022-02-15,Basic,218.07
9691,Kimberly Phillips,kristineherrera@example.org,Syrian Arab Republic,2024-10-21,Premium,1105.81
9692,Erica Banks,kristen83@example.net,Singapore,2025-10-16,Premium,1132.77
9693,Felicia Lopez,cassandra79@example.com,Lesotho,2025-11-21,Basic,213.98
9694,Alexander Thompson DVM,juan11@example.com,Congo,2022-07-05,Basic,350.33
9695,Nicholas Nelson,blackburnpatricia@example.org,Zambia,2026-05-14,Standard,256.39
9696,Justin Singleton MD,chase50@example.com,Iran,2024-05-27,Standard,680.27
9697,Kristin Ellison,esparzathomas@example.net,Greenland,2025-08-26,Premium,1633.42
9698,Jaime Hammond,justin28@example.org,Thailand,2024-06-12,Standard,458.67
9699,Paul Dunlap,norrischristopher@example.org,Lithuania,2025-11-09,Standard,121.87
9700,Pamela Brooks,brittanycollins@example.com,Montserrat,2023-07-18,Standard,224.27
9701,Theresa Carter,craigmariah@example.org,Zambia,2022-02-26,Premium,1303.68
9702,Sarah Wilson,cwells@example.com,United States Minor Outlying Islands,2024-12-11,Standard,266.93
9703,Jessica Horne,bradleydavis@example.com,Slovakia (Slovak Republic),2026-03-09,Standard,529.57
9704,Joseph Lawson,tricia75@example.net,Faroe Islands,2025-09-28,Standard,586.90
9705,Aaron Davidson,jamesdavid@example.net,Angola,2024-08-13,Basic,300.89
9706,Jeremiah Garcia,jessica52@example.org,Austria,2022-11-27,Standard,161.59
9707,Vanessa Rodriguez,evan69@example.com,Cote d'Ivoire,2024-01-05,Standard,390.13
9708,Robert Mckee,fnelson@example.org,Equatorial Guinea,2024-07-18,Standard,125.92
9709,Richard Herrera,carlsonbryan@example.org,Slovakia (Slovak Republic),2022-04-25,Basic,222.24
9710,Jerry Patrick,ronnienelson@example.org,Singapore,2026-07-16,Basic,383.78
9711,Chad Cain,omyers@example.net,Albania,2024-06-14,Standard,276.65
9712,Samuel Simpson,zlamb@example.org,Czech Republic,2025-03-02,Standard,699.72
9713,Christian Carrillo,walkerdustin@example.net,Philippines,2024-01-29,Standard,214.95
9714,Karen Mcneil,paul67@example.org,Falkland Islands (Malvinas),2024-04-10,Standard,235.68
9715,Teresa Sharp,diazshelley@example.org,Colombia,2021-10-09,Basic,160.62
9716,Michael Shelton,nancy83@example.org,Ukraine,2025-09-05,Standard,496.14
9717,Stephen Martin,gutierrezbrittany@example.org,El Salvador,2024-06-19,Basic,88.70
9718,Patrick Cook,fernandezmegan@example.net,Swaziland,2022-05-26,Standard,566.35
9719,Brent Wilson,zsmith@example.net,Bahamas,2024-07-08,Premium,919.84
9720,James Cruz,patricia08@example.com,Iraq,2026-01-06,Basic,302.05
9721,Tyler Rogers,flemingchristina@example.com,Cape Verde,2024-06-15,Premium,956.29
9722,Jennifer Dunn,barrynicole@example.net,Libyan Arab Jamahiriya,2025-08-30,Premium,1195.61
9723,Ryan Lang MD,campbelladam@example.org,Congo,2025-06-12,Standard,602.51
9724,Sharon Bailey,toddcarrillo@example.com,Papua New Guinea,2025-11-18,Standard,187.73
9725,Michael Ortiz,acameron@example.com,Madagascar,2023-12-24,Standard,167.96
9726,Ashley Hughes,hernandezpeter@example.org,Uruguay,2024-03-10,Standard,76.63
9727,Douglas Armstrong,powellmary@example.com,Nepal,2025-09-24,Basic,338.95
9728,Lauren Hall,ofowler@example.net,United States Minor Outlying Islands,2023-12-24,Premium,238.02
9729,Kayla Bentley,jamesbailey@example.net,Jordan,2026-06-10,Basic,108.73
9730,Keith Hunter,william47@example.net,Oman,2025-01-06,Standard,737.93
9731,Jacob Cook,jeff09@example.org,Guyana,2024-04-23,Standard,610.86
9732,Laura Mejia,adkinsjonathan@example.net,Seychelles,2022-02-27,Basic,357.89
9733,Amber Marshall,brianagregory@example.org,Ghana,2024-05-30,Basic,380.51
9734,Tonya Baldwin,bradybetty@example.org,Timor-Leste,2023-10-24,Basic,141.78
9735,Samantha Reyes,romeroamanda@example.org,Sierra Leone,2022-08-15,Standard,287.67
9736,Jennifer Becker,dbrady@example.org,Puerto Rico,2026-07-19,Standard,470.68
9737,Steve Gallagher,april00@example.net,Trinidad and Tobago,2022-11-16,Premium,1632.37
9738,Samantha Russell,andrea41@example.com,Guatemala,2026-06-29,Basic,291.63
9739,Ashley Hamilton,christineoliver@example.org,Mongolia,2023-12-07,Standard,401.97
9740,Courtney Sawyer,phicks@example.net,Liberia,2024-01-29,Standard,440.64
9741,Elizabeth Lopez,carrollmatthew@example.net,Austria,2022-10-20,Standard,748.15
9742,Lawrence Diaz,heidi97@example.com,Svalbard & Jan Mayen Islands,2024-10-26,Basic,132.77
9743,Franklin Rodriguez,xrobinson@example.org,Syrian Arab Republic,2023-06-25,Basic,222.19
9744,Hannah Campbell,kellysilva@example.org,Cape Verde,2026-02-15,Premium,1340.65
9745,Danielle Mcdowell,brianramirez@example.org,Congo,2024-02-12,Basic,332.99
9746,Jose White,ufleming@example.org,Palau,2024-08-13,Premium,619.30
9747,Jeremy Farmer,murraykevin@example.net,Liechtenstein,2025-11-22,Basic,278.26
9748,Marie Abbott,thomas43@example.org,Bhutan,2025-07-17,Premium,831.69
9749,Jerry Watkins,brownjacob@example.com,Trinidad and Tobago,2021-09-19,Basic,146.78
9750,Diane Lee,beckysilva@example.net,Tunisia,2024-04-13,Premium,1348.85
9751,Aaron Reed,kimberly31@example.com,Samoa,2024-06-14,Basic,132.61
9752,Lisa Barr,riverajohn@example.org,Seychelles,2025-12-15,Standard,163.26
9753,Nichole Hale,wilsontiffany@example.net,Saint Martin,2026-05-04,Standard,444.94
9754,Teresa Ramirez,gbrennan@example.org,Panama,2025-03-20,Basic,356.99
9755,Nathaniel Woodward,zmcconnell@example.org,Brazil,2024-06-14,Basic,66.87
9756,Kevin Ball,gordontara@example.org,Qatar,2023-08-25,Basic,77.56
9757,Julie Ward,michaelmills@example.net,Korea,2024-05-18,Standard,454.61
9758,Joseph Everett,kathleen72@example.net,Iran,2023-11-16,Standard,244.75
9759,Andrew Flores,sandra89@example.org,Norway,2023-04-21,Premium,290.34
9760,Fernando Simpson,wbeck@example.net,Togo,2024-12-13,Standard,369.93
9761,Rose Burke,torresharold@example.org,Central African Republic,2023-02-17,Standard,695.46
9762,Mary Salazar,jenniferespinoza@example.com,Singapore,2021-10-12,Standard,688.99
9763,Tiffany Adams,susanspence@example.org,Togo,2024-02-26,Basic,389.98
9764,Karen Nguyen,rebeccawarren@example.net,Saint Lucia,2026-02-28,Basic,149.51
9765,Stephen Snyder,kingautumn@example.com,Myanmar,2023-08-02,Standard,191.52
9766,Sarah Davis,craig11@example.net,Sao Tome and Principe,2022-12-20,Basic,269.31
9767,Heather Lopez,andrew17@example.net,Grenada,2024-03-15,Standard,557.71
9768,Leonard Welch,beth21@example.com,United States Minor Outlying Islands,2023-07-28,Basic,290.59
9769,Lisa Hood,kempstephanie@example.com,Ireland,2025-10-15,Premium,983.59
9770,Thomas Johnson,nanderson@example.org,Romania,2025-05-30,Standard,170.41
9771,Richard Ryan,laurie72@example.net,Martinique,2022-05-25,Basic,113.81
9772,Luis Garcia,rogersamanda@example.com,Austria,2024-10-21,Standard,443.57
9773,Kimberly Roberts,tvelasquez@example.com,Anguilla,2024-08-27,Standard,297.63
9774,Michael Cruz,charleskennedy@example.com,Korea,2025-09-20,Standard,647.28
9775,Bradley Webb,antoniorhodes@example.com,British Indian Ocean Territory (Chagos Archipelago),2024-10-17,Premium,997.40
9776,Mr. Russell Torres MD,alvaradomartha@example.com,Singapore,2026-04-30,Standard,127.00
9777,Dale Luna,pwalker@example.net,Belarus,2022-02-23,Basic,291.25
9778,Dawn Atkins,wilsonrebecca@example.org,Fiji,2026-07-18,Standard,508.64
9779,Dustin Shea,lnelson@example.net,Sweden,2022-09-09,Standard,390.59
9780,Michael Roberts,andrew04@example.net,Monaco,2024-03-20,Basic,255.81
9781,Derrick Mason,carrrenee@example.com,Djibouti,2023-11-11,Basic,388.67
9782,Kathryn Thompson,katherinejohnson@example.net,Niue,2024-09-05,Standard,583.30
9783,Sherry Evans,jessica14@example.com,Cocos (Keeling) Islands,2026-06-05,Standard,364.16
9784,Stacey Bond,scotttammy@example.org,Slovakia (Slovak Republic),2021-11-30,Standard,256.80
9785,Jennifer Garrison,prangel@example.net,Portugal,2025-03-15,Basic,179.26
9786,Valerie Alexander,christopher65@example.com,Bouvet Island (Bouvetoya),2022-11-16,Basic,234.97
9787,Chelsea Nguyen,angel60@example.org,Guadeloupe,2026-07-29,Basic,348.27
9788,Justin Arias,imassey@example.com,Nigeria,2024-01-31,Basic,200.12
9789,Adam Hanson,miguelchavez@example.net,Trinidad and Tobago,2023-10-21,Standard,617.69
9790,Valerie Fuller,lopezcrystal@example.org,Mali,2024-10-05,Premium,1030.23
9791,John Lewis,dgarcia@example.org,Greece,2025-04-14,Standard,169.98
9792,Megan Myers,jlambert@example.com,Djibouti,2026-07-01,Premium,806.22
9793,Theresa Jones,rreese@example.org,Samoa,2026-01-26,Premium,834.44
9794,Andrew Sharp,idiaz@example.com,Hungary,2023-07-29,Standard,290.09
9795,Jamie Maxwell,harrisderek@example.com,Australia,2022-02-25,Standard,416.93
9796,Catherine Cooper,lvance@example.org,Ecuador,2023-05-12,Basic,159.00
9797,Sandra Green,bobjames@example.net,Greece,2021-10-14,Standard,427.85
9798,Christina Carrillo,kevin65@example.net,Mongolia,2026-06-16,Standard,296.25
9799,Connie Crawford,cynthiaflores@example.net,Maldives,2023-05-15,Basic,359.85
9800,Matthew Buckley,rdeleon@example.net,Macao,2023-04-23,Standard,744.06
9801,Brian Stevenson,natalienixon@example.org,Zimbabwe,2026-04-01,Standard,392.43
9802,Jennifer Jones,leehayley@example.net,Saudi Arabia,2026-01-02,Standard,79.62
9803,Denise Snyder,uhopkins@example.org,Zambia,2022-06-10,Standard,376.33
9804,Samantha Barnett,osbornebryan@example.org,Barbados,2024-04-18,Standard,621.27
9805,Sarah Cox,sarah93@example.net,Thailand,2021-10-30,Basic,348.10
9806,Adam Johnston,huntertimothy@example.com,Namibia,2025-10-13,Standard,113.81
9807,Kristina Porter,rick47@example.net,Northern Mariana Islands,2025-11-04,Premium,777.62
9808,Oscar Pierce,johnsonjason@example.org,Italy,2022-09-08,Standard,146.90
9809,Susan Garcia,mooredwayne@example.com,Papua New Guinea,2022-05-20,Standard,248.26
9810,Kara Woodard,heatheralexander@example.org,Tajikistan,2021-11-24,Standard,121.38
9811,Alexander Sandoval,garymann@example.org,Canada,2022-01-07,Standard,487.85
9812,Kimberly Cordova,jeffreysmall@example.org,Venezuela,2023-01-16,Basic,41.78
9813,Jason King,alex01@example.com,Fiji,2025-08-30,Basic,339.95
9814,Brett Vazquez,mallen@example.org,Turks and Caicos Islands,2025-12-06,Standard,349.41
9815,Steven Griffin,jessicablair@example.org,Pitcairn Islands,2025-12-25,Standard,362.42
9816,Melanie Reed,ismith@example.com,North Macedonia,2023-03-05,Standard,232.53
9817,Elizabeth Poole,srush@example.org,Andorra,2021-10-18,Standard,392.22
9818,Norman Grant,enielsen@example.net,Luxembourg,2024-05-03,Premium,275.05
9819,Barbara Campbell MD,laura83@example.net,Malawi,2026-03-20,Premium,561.11
9820,James Lee,ewinters@example.com,Cuba,2021-11-10,Standard,670.28
9821,Joshua Anderson,mary31@example.net,Tonga,2022-07-03,Standard,707.21
9822,Ashley Gallagher,mccormickjohn@example.com,Saudi Arabia,2021-11-29,Standard,218.21
9823,Rose Freeman,izhang@example.org,Chad,2022-04-16,Standard,116.02
9824,James Pratt,christinebrennan@example.org,Saudi Arabia,2026-05-31,Premium,1267.56
9825,Melissa Gray,burkepaul@example.net,India,2022-08-06,Basic,234.60
9826,Christopher Roberts,edwardsheather@example.net,Eritrea,2025-09-11,Basic,120.40
9827,Judy Matthews,shaun67@example.com,San Marino,2023-07-20,Basic,319.67
9828,Pamela Cox,jtorres@example.org,Somalia,2026-07-03,Standard,121.69
9829,Rickey Gordon,piercemark@example.org,Papua New Guinea,2023-07-06,Standard,465.41
9830,Robert Lewis,debra26@example.com,Philippines,2024-10-29,Standard,367.45
9831,Michele Hudson,christopher95@example.com,Burundi,2026-07-18,Premium,1131.66
9832,Kristina Gray,fitzgeraldmark@example.com,Aruba,2023-03-27,Standard,660.90
9833,Bobby Butler,vellis@example.org,Nepal,2024-02-06,Basic,362.32
9834,Shawn Campos,torreschristopher@example.com,Somalia,2024-01-22,Basic,88.57
9835,Ms. Stacy Simmons,emily02@example.org,Indonesia,2026-04-01,Standard,743.27
9836,Jesse Taylor,whitedeborah@example.org,Timor-Leste,2025-10-27,Standard,148.92
9837,Alyssa Lewis,ryanwatkins@example.com,Egypt,2024-05-27,Standard,486.34
9838,Lindsay Cox,nicholasreed@example.net,Indonesia,2023-06-18,Standard,276.71
9839,Ashley Roberson,rodriguezdeanna@example.com,Australia,2025-07-17,Basic,207.05
9840,Steven Nunez,cordovarobert@example.org,Panama,2025-05-11,Standard,594.80
9841,Leslie Johnson,qkelly@example.com,Puerto Rico,2025-02-02,Basic,217.17
9842,Richard Jones,ksandoval@example.com,Mayotte,2025-04-20,Basic,390.53
9843,David Curtis,tinapalmer@example.com,El Salvador,2026-07-30,Premium,681.94
9844,Sherri Johnson,randall41@example.net,Zimbabwe,2022-04-29,Standard,718.51
9845,Mary Williams,ramirezamber@example.net,Bahrain,2023-12-20,Standard,531.86
9846,Oscar Williams,rsharp@example.com,Mayotte,2023-12-07,Basic,250.41
9847,Anthony Davis MD,sophia99@example.com,Costa Rica,2022-05-08,Standard,445.24
9848,Mike Lawson,iberger@example.org,Montenegro,2022-07-11,Premium,1722.58
9849,Mr. Shawn Webb,pamelapace@example.com,Cote d'Ivoire,2023-01-09,Premium,1304.63
9850,Phillip Barnes,amanda99@example.org,Northern Mariana Islands,2021-11-23,Standard,174.32
9851,Karen Garza,scottwest@example.net,Cape Verde,2024-01-27,Basic,348.38
9852,Jonathan Richardson,jameslaura@example.com,Azerbaijan,2023-01-25,Basic,389.00
9853,Edward Nelson,jdavis@example.org,Azerbaijan,2022-07-13,Standard,433.05
9854,William Conway,lewismiranda@example.org,Brunei Darussalam,2025-03-12,Basic,90.37
9855,Nicholas Le,lrogers@example.com,Vietnam,2022-07-01,Standard,487.10
9856,Joseph Wilson,jennifercarroll@example.org,Tunisia,2026-07-03,Basic,208.71
9857,Kyle Nichols,colin45@example.org,Saint Pierre and Miquelon,2025-12-11,Basic,95.28
9858,Marcus Miller,judy66@example.net,Ukraine,2021-11-17,Standard,455.38
9859,Gerald Ross,adamssteven@example.org,Paraguay,2022-02-15,Standard,385.39
9860,William Moore,higginslisa@example.com,Cook Islands,2023-03-17,Standard,369.83
9861,Brandon Delacruz,martinezmelissa@example.net,Russian Federation,2024-07-17,Standard,321.58
9862,Jimmy Johnson,umendoza@example.org,Nigeria,2023-12-17,Basic,276.27
9863,Daniel Davidson,mdiaz@example.org,Namibia,2023-02-20,Premium,1591.48
9864,William Oconnor,matthew96@example.net,Mozambique,2025-12-03,Basic,397.63
9865,Courtney Austin,bcross@example.net,Thailand,2025-05-05,Standard,562.10
9866,William Dawson,ihanson@example.com,Dominican Republic,2022-08-21,Standard,413.08
9867,Chelsea Schultz,rlawson@example.com,Bahamas,2023-11-08,Basic,86.49
9868,Jose Barnes,robin89@example.net,Saudi Arabia,2022-03-09,Standard,606.03
9869,Garrett Sanders,jschneider@example.org,Mali,2024-06-13,Standard,342.59
9870,Susan Higgins,bhoffman@example.org,Bangladesh,2021-11-05,Standard,707.85
9871,Travis Sanders,christinerodgers@example.net,Jamaica,2025-05-11,Premium,836.95
9872,Sarah Schroeder,ryan98@example.net,Indonesia,2025-11-27,Standard,592.36
9873,Christina Anderson,rford@example.org,Trinidad and Tobago,2023-04-03,Standard,676.76
9874,Andrew Pratt,karenfrost@example.com,Afghanistan,2022-08-26,Premium,1187.45
9875,Kristen Harvey,justin47@example.net,Switzerland,2022-03-28,Basic,175.63
9876,Karen Ray,hboyd@example.org,Cambodia,2024-12-03,Standard,263.97
9877,Joshua Castro,jeffery39@example.net,Uruguay,2025-01-26,Standard,641.08
9878,Carla Wheeler,vmcdaniel@example.com,Syrian Arab Republic,2025-02-25,Standard,423.54
9879,Samantha Burke,luislong@example.org,Bahamas,2025-11-16,Premium,1721.95
9880,Terry Johnson,johnsonpatricia@example.com,United Kingdom,2022-02-28,Standard,76.68
9881,Paul Smith,browncharles@example.net,Aruba,2023-11-05,Standard,644.31
9882,Linda Pham,lindsey47@example.com,Hong Kong,2026-05-13,Standard,727.46
9883,Christopher Murillo,fmitchell@example.com,Ecuador,2026-03-17,Basic,71.12
9884,Mark Dixon,jonathanhiggins@example.com,Seychelles,2023-02-16,Premium,1453.84
9885,Jason Johnson,xporter@example.com,Albania,2023-10-28,Basic,327.36
9886,Leslie Mills,gknight@example.org,Liechtenstein,2025-03-04,Premium,1026.89
9887,Steven Frye,rhall@example.com,Peru,2021-10-24,Premium,1401.83
9888,Natalie Rodriguez,jasondiaz@example.net,Rwanda,2023-03-26,Basic,336.40
9889,Brittany Spencer,lopeztyler@example.net,Georgia,2024-08-23,Basic,242.73
9890,Blake Burke,rojaskendra@example.org,Western Sahara,2022-01-28,Standard,445.41
9891,Nicole Maxwell,otaylor@example.com,Romania,2022-11-30,Basic,376.08
9892,Katelyn Frost,frank68@example.net,Wallis and Futuna,2025-12-25,Basic,124.80
9893,Steven Moore,gcarey@example.org,Sudan,2025-08-17,Standard,172.48
9894,David White,vargascharlotte@example.net,Mexico,2021-10-27,Standard,155.36
9895,Sean Haley,wilsonsarah@example.net,Brazil,2026-04-09,Standard,713.44
9896,Jo Chan,kaitlyn34@example.com,Niue,2025-04-15,Premium,413.62
9897,Brenda Wilkins,nleonard@example.net,Somalia,2024-06-10,Standard,393.28
9898,Jacob Gomez,danielle20@example.org,Fiji,2022-12-15,Basic,60.38
9899,Phillip Mills,beverly52@example.net,Guam,2022-06-10,Basic,326.77
9900,Laura Lynn,theresa09@example.org,French Guiana,2022-05-18,Basic,153.89
9901,Kim Dawson,jesse99@example.org,Comoros,2025-03-22,Standard,614.63
9902,Sharon Johnson,hulljoshua@example.com,Uganda,2022-09-20,Standard,505.49
9903,John Spencer,manuel93@example.org,Greece,2021-08-27,Premium,1574.50
9904,Leah Freeman,edward57@example.org,Faroe Islands,2025-07-14,Standard,389.56
9905,Jacob Meza,bbutler@example.org,Saudi Arabia,2025-02-14,Standard,293.00
9906,Dawn Austin,wilcoxrobert@example.com,Papua New Guinea,2022-04-18,Standard,498.31
9907,Nathan Smith,chad51@example.net,Aruba,2025-06-01,Standard,410.07
9908,Ashley Alexander,terry86@example.org,Pakistan,2022-05-17,Standard,475.51
9909,Sandra Newman,kgray@example.com,New Zealand,2021-11-11,Premium,1464.21
9910,Angela Austin,kallen@example.org,Iceland,2025-06-22,Basic,234.68
9911,Colin Warren,benjaminchavez@example.org,Norfolk Island,2024-09-28,Standard,644.02
9912,Sherry Martinez,jgoodman@example.net,Kiribati,2024-04-01,Basic,206.60
9913,Danielle Robbins,jerrycoleman@example.net,Venezuela,2023-04-18,Premium,1093.52
9914,Steven Andrews,jjohnson@example.org,Cuba,2026-01-09,Standard,481.71
9915,Ricky Sharp,cwilliams@example.net,Nicaragua,2023-05-08,Standard,279.19
9916,Derek Brown,fullerkathryn@example.net,Liberia,2025-03-17,Standard,485.75
9917,Stephen Gibbs,aguirremike@example.org,Solomon Islands,2024-06-30,Basic,180.62
9918,Angela Collins,stodd@example.org,Algeria,2023-11-01,Standard,446.20
9919,Janet Young,richardclark@example.com,Colombia,2022-12-02,Standard,446.58
9920,Brenda Hernandez,michelle95@example.org,Holy See (Vatican City State),2022-10-25,Standard,213.62
9921,Andrew Bryan,hayley31@example.org,Czech Republic,2024-10-23,Premium,420.00
9922,Lisa Nielsen,dmendoza@example.net,Niue,2025-11-24,Premium,929.40
9923,Angela Hodges,stephanieromero@example.org,China,2021-10-18,Premium,549.53
9924,Cynthia Smith,hughesglenn@example.org,Western Sahara,2023-03-15,Standard,148.42
9925,Susan Daniels,tburns@example.net,Guatemala,2023-12-06,Premium,1169.76
9926,Christina Walters,jpowers@example.net,Jersey,2024-01-07,Standard,93.80
9927,Emily George,robinmorgan@example.net,Bermuda,2024-09-21,Basic,305.76
9928,Jeremy Wright,bsullivan@example.org,Heard Island and McDonald Islands,2024-08-06,Standard,619.91
9929,Katherine Mitchell,qbriggs@example.org,Syrian Arab Republic,2025-08-12,Premium,1637.23
9930,James Foster,roserobert@example.com,Malawi,2024-08-07,Standard,439.51
9931,Mark Hansen,camachosusan@example.net,Jamaica,2026-02-22,Standard,646.95
9932,Troy Daniels,leslie18@example.net,Paraguay,2026-07-01,Basic,75.38
9933,Ryan Mitchell,jennifercummings@example.com,Heard Island and McDonald Islands,2023-03-26,Basic,333.57
9934,Daniel Tate,penningtoncheryl@example.net,Singapore,2024-05-03,Premium,1478.34
9935,Jack Lee,wperez@example.com,Saudi Arabia,2026-07-09,Premium,807.82
9936,Mary Duke,cantubrenda@example.com,United States Minor Outlying Islands,2022-06-06,Basic,345.93
9937,Dennis Spence,garciaeileen@example.org,United States of America,2023-04-07,Standard,664.33
9938,Sophia Hill MD,aaron72@example.org,Tanzania,2021-12-23,Premium,1098.16
9939,Becky Thompson,zstafford@example.com,Tokelau,2024-06-25,Standard,601.05
9940,Jennifer Martinez,jenniferallen@example.org,Myanmar,2022-09-11,Standard,172.19
9941,Travis Lewis,brittany57@example.com,Macao,2024-08-14,Standard,678.09
9942,Mr. Nathan Hughes,samuelbarron@example.com,Guyana,2022-03-06,Standard,686.07
9943,Melissa Moore,smithlaurie@example.com,Netherlands,2021-10-15,Standard,702.55
9944,Angela Mcpherson,robertharrell@example.org,Ireland,2023-07-17,Standard,280.06
9945,Adam Jackson,millerjacqueline@example.com,Haiti,2022-03-07,Basic,371.68
9946,Kathy Schmidt,josephellis@example.org,Azerbaijan,2022-02-21,Standard,288.42
9947,Jennifer Smith,bradyamanda@example.net,Lebanon,2022-09-24,Standard,296.33
9948,Brian Roberson,michael19@example.com,United States Minor Outlying Islands,2021-12-07,Standard,354.29
9949,Dr. Bethany Brewer,vreynolds@example.org,Netherlands,2026-01-28,Standard,567.48
9950,John Decker,briggshannah@example.com,Montenegro,2026-03-25,Standard,732.73
9951,Nathaniel Johnson,scott88@example.com,Liechtenstein,2022-03-16,Standard,541.10
9952,Heather Thompson,ramirezjennifer@example.net,Swaziland,2022-03-26,Premium,941.77
9953,Natalie Parker,grivera@example.net,Heard Island and McDonald Islands,2025-03-21,Standard,143.55
9954,Jasmine Webb,joseph30@example.org,Korea,2024-03-05,Standard,618.64
9955,Angela Barber,martin61@example.net,Maldives,2023-04-10,Basic,118.49
9956,James Johnson,kimberlybell@example.net,Kyrgyz Republic,2023-09-27,Standard,304.68
9957,Kimberly Beasley,kevin32@example.org,Finland,2025-01-09,Premium,1504.55
9958,John Hart,kochmary@example.com,Costa Rica,2026-05-21,Standard,531.38
9959,Lisa Richardson,qnavarro@example.com,Ireland,2025-12-12,Premium,374.99
9960,Edward Bennett,laurie53@example.org,Ecuador,2026-03-08,Premium,928.54
9961,Jennifer Meyer,ronaldnielsen@example.com,San Marino,2024-11-02,Standard,667.09
9962,Vincent Hernandez,loribates@example.org,Germany,2024-10-06,Standard,259.85
9963,William Buchanan,timothy32@example.org,Micronesia,2022-07-30,Basic,134.83
9964,Joseph Parker,sheltonbrian@example.net,Liberia,2024-11-24,Standard,737.75
9965,Dustin Smith,rickywebb@example.com,Iceland,2022-05-22,Standard,145.65
9966,Carl Houston,david32@example.com,Kuwait,2022-11-26,Premium,275.63
9967,Christian Barker,rodneypacheco@example.com,Guernsey,2024-08-01,Basic,382.35
9968,Kayla Rodriguez,charlesgarcia@example.org,Turks and Caicos Islands,2022-01-03,Standard,548.55
9969,Donna Sanford,hodgesronald@example.org,Italy,2021-08-26,Basic,377.04
9970,Joseph Bailey,sklein@example.net,Falkland Islands (Malvinas),2024-07-13,Basic,325.58
9971,Mitchell Tyler,alexajones@example.org,Palestinian Territory,2025-12-29,Basic,111.44
9972,Ashley Munoz,williammorales@example.com,Holy See (Vatican City State),2022-07-18,Standard,374.68
9973,David Ponce,gthompson@example.com,Andorra,2022-10-13,Standard,581.29
9974,Lynn Smith,tracey86@example.net,Australia,2022-02-21,Basic,319.52
9975,Matthew Hernandez,smithlarry@example.org,Bosnia and Herzegovina,2024-09-08,Standard,576.97
9976,Lori Barr,rebekahhughes@example.net,Armenia,2024-01-24,Standard,370.59
9977,Clayton Barnes,qjones@example.org,Aruba,2023-07-15,Basic,262.45
9978,Randy Moore,melindapearson@example.net,Brunei Darussalam,2022-02-21,Standard,664.75
9979,Samuel Sandoval MD,jameswhite@example.net,Sweden,2025-06-06,Premium,1181.13
9980,Vernon Schultz,steveesparza@example.com,Saint Kitts and Nevis,2024-12-31,Standard,600.13
9981,Robin Fry,john24@example.org,Ghana,2025-12-03,Standard,362.79
9982,Richard Howard,thomas24@example.net,Christmas Island,2024-08-01,Standard,353.11
9983,Lisa Barrett,hmurphy@example.net,Peru,2026-01-06,Standard,621.89
9984,Caleb Williams,uanderson@example.net,Guinea-Bissau,2022-04-03,Premium,1374.02
9985,Dr. Courtney Reynolds,hannah61@example.net,Angola,2024-03-20,Standard,596.20
9986,Clifford Marsh,chelsea94@example.org,Slovenia,2025-05-05,Basic,193.82
9987,Lori Scott,patricia55@example.com,Palestinian Territory,2022-05-17,Standard,89.61
9988,George Chapman,angelawilson@example.net,Jordan,2022-06-10,Standard,707.90
9989,Kayla Doyle,morgancrystal@example.net,Qatar,2026-05-27,Standard,398.84
9990,Kayla Duran,qbailey@example.org,Mali,2023-01-29,Basic,222.17
9991,Janice Peterson PhD,bmoss@example.org,British Virgin Islands,2026-03-14,Standard,155.34
9992,Nathan Hughes,monroejudy@example.net,Puerto Rico,2024-02-13,Standard,411.30
9993,Noah Smith,jasmine87@example.org,United States of America,2026-01-29,Standard,693.97
9994,Mrs. Carla Mills,brad10@example.com,Lao People's Democratic Republic,2025-04-06,Standard,549.73
9995,Sean Contreras,arthur60@example.org,Togo,2021-11-26,Premium,866.71
9996,Tabitha Mills,ericryan@example.com,Samoa,2023-08-08,Premium,794.77
9997,Lori Bowman,belllisa@example.org,Malaysia,2021-09-08,Standard,576.55
9998,Debra Rivera,edwardpage@example.org,Anguilla,2023-12-27,Basic,89.21
9999,Darrell Spencer,dawn23@example.net,Georgia,2025-06-02,Basic,159.31
10000,Cindy Ruiz,pwolf@example.net,Namibia,2023-04-04,Standard,551.02
5356,Dr. Denise Spencer,chloebrown@example.org,Oman,2023-07-01,Standard,368.21
6676,Tommy Goodman,donald38@example.com,Paraguay,2023-08-11,Premium,1433.12
3572,Jodi Perkins,jamescarter@example.com,Lao People's Democratic Republic,2023-01-07,Standard,604.63
6904,Catherine Hunter,hmyers@example.com,Cayman Islands,2023-12-04,Standard,76.84
6117,Kevin Dawson,mauricejenkins@example.org,Bosnia and Herzegovina,2024-01-16,Premium,755.79
3516,Michael Shaw,jamestodd@example.com,Swaziland,2024-09-29,Standard,130.15
5292,Gabriella Weaver,joseph52@example.org,Indonesia,2022-11-11,Standard,265.11
8648,Keith Johns,peteradams@example.org,Czech Republic,2024-12-12,Premium,1069.15
3709,Ryan Burton,mikemaddox@example.com,Cote d'Ivoire,2024-04-03,Standard,264.37
682,Brittany Farrell,jbrown@example.org,Denmark,2022-07-12,Basic,213.76
